DELETE FROM KMS_KEY;
DELETE FROM KMS_KEYSET;
DELETE FROM KMS_IOKEYPROFILE;
DELETE FROM KMS_IOKEYSETPROFILE;
DELETE FROM KMS_IOSITE;
DELETE FROM KMS_KEYPROFILE;
DELETE FROM KMS_KEYSETPROFILE;
DELETE FROM KMS_IOPROCEDURE_APPLICABILITY;
DELETE FROM KMS_IOPROCEDURE;


INSERT INTO KMS_IOSITE(ID, NAME, DESCRIPTION) VALUES(7500, 'SEITC_Issuer', 'SEITC Issuer');

INSERT INTO KMS_IOPROCEDURE(ID, NAME, DESCRIPTION, IND_PINREQURED, IMPLEMENTATION, DIRECTION, IMPLEMENTATION_AVAILABLE) VALUES(1002, 'IMPORT_KEY_FROM_HSM', 'Import Key From HSM', 0, 'Import_Key_From_HSM', 1, 1);
INSERT INTO KMS_IOPROCEDURE(ID, NAME, DESCRIPTION, IND_PINREQURED, IMPLEMENTATION, DIRECTION, IMPLEMENTATION_AVAILABLE) VALUES(1003, 'IMPORT_SECRET_KEY_USING_3_CLEARTEXT_COMPONENTS', 'Import Secret Key Using 3 Cleartext Components', 0, 'Import_Secret_Key_Using_3_Cleartext_Components', 1, 1);
INSERT INTO KMS_IOPROCEDURE(ID, NAME, DESCRIPTION, IND_PINREQURED, IMPLEMENTATION, DIRECTION, IMPLEMENTATION_AVAILABLE) VALUES(1004, 'IMPORT_SECRET_KEY_USING_2_CLEARTEXT_COMPONENTS', 'Import Secret Key Using 2 Cleartext Components', 0, 'Import_Secret_Key_Using_2_Cleartext_Components', 1, 1);
INSERT INTO KMS_IOPROCEDURE(ID, NAME, DESCRIPTION, IND_PINREQURED, IMPLEMENTATION, DIRECTION, IMPLEMENTATION_AVAILABLE) VALUES(1005, 'IMPORT_X509_CERTIFICATE', 'Import X509 Certificate', 0, 'Import_X509_Certificate', 1, 1);
INSERT INTO KMS_IOPROCEDURE(ID, NAME, DESCRIPTION, IND_PINREQURED, IMPLEMENTATION, DIRECTION, IMPLEMENTATION_AVAILABLE) VALUES(1006, 'IMPORT_RSA_PRIVATE_KEY_ENCRYPTED', 'Import RSA Private Key Encrypted', 0, 'Import_RSA_Private_Key_Encrypted', 1, 1);
INSERT INTO KMS_IOPROCEDURE(ID, NAME, DESCRIPTION, IND_PINREQURED, IMPLEMENTATION, DIRECTION, IMPLEMENTATION_AVAILABLE) VALUES(1009, 'IMPORT_RSA_PUBLIC_KEY', 'Import RSA Public Key', 0, 'Import_RSA_Public_Key', 1, 1);
INSERT INTO KMS_IOPROCEDURE(ID, NAME, DESCRIPTION, IND_PINREQURED, IMPLEMENTATION, DIRECTION, IMPLEMENTATION_AVAILABLE) VALUES(1013, 'IMPORT_WORKING_KEY_ENCRYPTED', 'Import Working Key Encrypted', 0, 'Import_Working_Key_Encrypted', 1, 1);
INSERT INTO KMS_IOPROCEDURE(ID, NAME, DESCRIPTION, IND_PINREQURED, IMPLEMENTATION, DIRECTION, IMPLEMENTATION_AVAILABLE) VALUES(1015, 'EXPORT_X509_CERTIFICATE', 'Export X509 Certificate', 0, 'Export_X509_Certificate', 2, 1);
INSERT INTO KMS_IOPROCEDURE(ID, NAME, DESCRIPTION, IND_PINREQURED, IMPLEMENTATION, DIRECTION, IMPLEMENTATION_AVAILABLE) VALUES(1016, 'EXPORT_SECRET_KEY_USING_2_CLEARTEXT_COMPONENTS', 'Export Secret Key Using 2 Cleartext Components', 0, 'Export_Secret_Key_Using_2_Cleartext_Components', 2, 1);
INSERT INTO KMS_IOPROCEDURE(ID, NAME, DESCRIPTION, IND_PINREQURED, IMPLEMENTATION, DIRECTION, IMPLEMENTATION_AVAILABLE) VALUES(1017, 'EXPORT_KEY_TO_HSM', 'Export Key To HSM', 0, 'Export_Key_To_HSM', 2, 1);
INSERT INTO KMS_IOPROCEDURE(ID, NAME, DESCRIPTION, IND_PINREQURED, IMPLEMENTATION, DIRECTION, IMPLEMENTATION_AVAILABLE) VALUES(1018, 'EXPORT_SECRET_KEY_USING_3_CLEARTEXT_COMPONENTS', 'Export Secret Key Using 3 Cleartext Components', 0, 'Export_Secret_Key_Using_3_Cleartext_Components', 2, 1);
INSERT INTO KMS_IOPROCEDURE(ID, NAME, DESCRIPTION, IND_PINREQURED, IMPLEMENTATION, DIRECTION, IMPLEMENTATION_AVAILABLE) VALUES(1019, 'EXPORT_PKCS10_CERTIFICATE_REQUEST', 'Export PKCS10 Certificate Request', 0, 'Export_PKCS10_Certificate_Request', 2, 1);
INSERT INTO KMS_IOPROCEDURE(ID, NAME, DESCRIPTION, IND_PINREQURED, IMPLEMENTATION, DIRECTION, IMPLEMENTATION_AVAILABLE) VALUES(1020, 'EXPORT_RSA_PUBLIC_KEY', 'Export RSA Public Key', 0, 'Export_RSA_Public_Key', 2, 1);
INSERT INTO KMS_IOPROCEDURE(ID, NAME, DESCRIPTION, IND_PINREQURED, IMPLEMENTATION, DIRECTION, IMPLEMENTATION_AVAILABLE) VALUES(1021, 'EXPORT_KEYS_AND_PINS_ENCRYPTED_WITH_SESSION_KEY', 'Export KEYs and PINs Encrypted With Session Key', 0, 'Export_KEYs_and_PINs_Encrypted_With_Session_Key', 2, 1);
INSERT INTO KMS_IOPROCEDURE(ID, NAME, DESCRIPTION, IND_PINREQURED, IMPLEMENTATION, DIRECTION, IMPLEMENTATION_AVAILABLE) VALUES(1024, 'EXPORT_WORKING_KEY_ENCRYPTED', 'Export Working Key Encrypted', 0, 'Export_Working_Key_Encrypted', 2, 1);
INSERT INTO KMS_IOPROCEDURE(ID, NAME, DESCRIPTION, IND_PINREQURED, IMPLEMENTATION, DIRECTION, IMPLEMENTATION_AVAILABLE) VALUES(1025, 'EXPORT_RSA_PRIVATE_KEY_ENCRYPTED', 'Export RSA Private Key Encrypted', 0, 'Export_RSA_Private_Key_Encrypted', 2, 1);
INSERT INTO KMS_IOPROCEDURE(ID, NAME, DESCRIPTION, IND_PINREQURED, IMPLEMENTATION, DIRECTION, IMPLEMENTATION_AVAILABLE) VALUES(1028, 'EXPORT_MSK', 'Export MSK', 0, 'Export_MSK', 2, 1);
INSERT INTO KMS_IOPROCEDURE(ID, NAME, DESCRIPTION, IND_PINREQURED, IMPLEMENTATION, DIRECTION, IMPLEMENTATION_AVAILABLE) VALUES(1100, 'IMPORT_PKCS12', 'Import PKCS12', 0, 'Import_PKCS12', 1, 1);
INSERT INTO KMS_IOPROCEDURE(ID, NAME, DESCRIPTION, IND_PINREQURED, IMPLEMENTATION, DIRECTION, IMPLEMENTATION_AVAILABLE) VALUES(1101, 'MCHIP_IMPORT_ISSUER_CERTIFICATE', 'MCHIP Import Issuer Certificate', 0, 'MCHIP_Import_Issuer_Certificate', 1, 1);
INSERT INTO KMS_IOPROCEDURE(ID, NAME, DESCRIPTION, IND_PINREQURED, IMPLEMENTATION, DIRECTION, IMPLEMENTATION_AVAILABLE) VALUES(1102, 'AEIPS_IMPORT_ISSUER_CERTIFICATE', 'AEIPS Import Issuer Certificate', 0, 'AEIPS_Import_Issuer_Certificate', 1, 1);
INSERT INTO KMS_IOPROCEDURE(ID, NAME, DESCRIPTION, IND_PINREQURED, IMPLEMENTATION, DIRECTION, IMPLEMENTATION_AVAILABLE) VALUES(1103, 'IMPORT_EC_PUBLIC_KEY', 'Import EC Public Key', 0, 'Import_EC_Public_Key', 1, 1);
INSERT INTO KMS_IOPROCEDURE(ID, NAME, DESCRIPTION, IND_PINREQURED, IMPLEMENTATION, DIRECTION, IMPLEMENTATION_AVAILABLE) VALUES(1104, 'IMPORT_EC_PRIVATE_KEY_ENCRYPTED', 'Import EC Private Key Encrypted', 0, 'Import_EC_Private_Key_Encrypted', 1, 1);
INSERT INTO KMS_IOPROCEDURE(ID, NAME, DESCRIPTION, IND_PINREQURED, IMPLEMENTATION, DIRECTION, IMPLEMENTATION_AVAILABLE) VALUES(1105, 'VSDC_IMPORT_CA_PUBLIC_KEY', 'VSDC Import CA Public Key', 0, 'VSDC_Import_CA_Public_Key', 1, 1);
INSERT INTO KMS_IOPROCEDURE(ID, NAME, DESCRIPTION, IND_PINREQURED, IMPLEMENTATION, DIRECTION, IMPLEMENTATION_AVAILABLE) VALUES(1106, 'VSDC_IMPORT_ISSUER_CERTIFICATE', 'VSDC Import Issuer Certificate', 0, 'VSDC_Import_Issuer_Certificate', 1, 1);
INSERT INTO KMS_IOPROCEDURE(ID, NAME, DESCRIPTION, IND_PINREQURED, IMPLEMENTATION, DIRECTION, IMPLEMENTATION_AVAILABLE) VALUES(1107, 'INTERAC_IMPORT_ISSUER_CERTIFICATE', 'Interac Import Issuer Certificate', 0, 'Interac_Import_Issuer_Certificate', 1, 1);
INSERT INTO KMS_IOPROCEDURE(ID, NAME, DESCRIPTION, IND_PINREQURED, IMPLEMENTATION, DIRECTION, IMPLEMENTATION_AVAILABLE) VALUES(1108, 'IMPORT_GP_CERTIFICATE', 'Import GP Certificate', 0, 'Import_GP_Certificate', 1, 1);
INSERT INTO KMS_IOPROCEDURE(ID, NAME, DESCRIPTION, IND_PINREQURED, IMPLEMENTATION, DIRECTION, IMPLEMENTATION_AVAILABLE) VALUES(1109, 'P3_IMPORT_RSA', 'P3 Import RSA', 0, 'P3_Import_RSA', 1, 1);
INSERT INTO KMS_IOPROCEDURE(ID, NAME, DESCRIPTION, IND_PINREQURED, IMPLEMENTATION, DIRECTION, IMPLEMENTATION_AVAILABLE) VALUES(1110, 'MCHIP_IMPORT_CA_PUBLIC_KEY', 'MCHIP Import CA Public Key', 0, 'MCHIP_Import_CA_Public_Key', 1, 1);
INSERT INTO KMS_IOPROCEDURE(ID, NAME, DESCRIPTION, IND_PINREQURED, IMPLEMENTATION, DIRECTION, IMPLEMENTATION_AVAILABLE) VALUES(1111, 'P3_IMPORT_DES', 'P3 Import DES', 0, 'P3_Import_DES', 1, 1);
INSERT INTO KMS_IOPROCEDURE(ID, NAME, DESCRIPTION, IND_PINREQURED, IMPLEMENTATION, DIRECTION, IMPLEMENTATION_AVAILABLE) VALUES(1112, 'AEIPS_IMPORT_CA_PUBLIC_KEY', 'AEIPS Import CA Public Key', 0, 'AEIPS_Import_CA_Public_Key', 1, 1);
INSERT INTO KMS_IOPROCEDURE(ID, NAME, DESCRIPTION, IND_PINREQURED, IMPLEMENTATION, DIRECTION, IMPLEMENTATION_AVAILABLE) VALUES(1113, 'INTERAC_IMPORT_CA_PUBLIC_KEY', 'Interac Import CA Public Key', 0, 'Interac_Import_CA_Public_Key', 1, 1);
INSERT INTO KMS_IOPROCEDURE(ID, NAME, DESCRIPTION, IND_PINREQURED, IMPLEMENTATION, DIRECTION, IMPLEMENTATION_AVAILABLE) VALUES(1114, 'EXPORT_EC_PRIVATE_KEY_ENCRYPTED', 'Export EC Private Key Encrypted', 0, 'Export_EC_Private_Key_Encrypted', 2, 1);
INSERT INTO KMS_IOPROCEDURE(ID, NAME, DESCRIPTION, IND_PINREQURED, IMPLEMENTATION, DIRECTION, IMPLEMENTATION_AVAILABLE) VALUES(1115, 'EXPORT_EC_PUBLIC_KEY', 'Export EC Public Key', 0, 'Export_EC_Public_Key', 2, 1);
INSERT INTO KMS_IOPROCEDURE(ID, NAME, DESCRIPTION, IND_PINREQURED, IMPLEMENTATION, DIRECTION, IMPLEMENTATION_AVAILABLE) VALUES(1116, 'P3_EXPORT_DES', 'P3 Export DES', 0, 'P3_Export_DES', 2, 1);
INSERT INTO KMS_IOPROCEDURE(ID, NAME, DESCRIPTION, IND_PINREQURED, IMPLEMENTATION, DIRECTION, IMPLEMENTATION_AVAILABLE) VALUES(1117, 'MCHIP_EXPORT_ISSUER_PUBLIC_KEY', 'MCHIP Export Issuer Public Key', 0, 'MCHIP_Export_Issuer_Public_Key', 2, 1);
INSERT INTO KMS_IOPROCEDURE(ID, NAME, DESCRIPTION, IND_PINREQURED, IMPLEMENTATION, DIRECTION, IMPLEMENTATION_AVAILABLE) VALUES(1118, 'P3_EXPORT_RSA', 'P3 Export RSA', 0, 'P3_Export_RSA', 2, 1);
INSERT INTO KMS_IOPROCEDURE(ID, NAME, DESCRIPTION, IND_PINREQURED, IMPLEMENTATION, DIRECTION, IMPLEMENTATION_AVAILABLE) VALUES(1119, 'AEIPS_EXPORT_ISSUER_PUBLIC_KEY', 'AEIPS Export Issuer Public Key', 0, 'AEIPS_Export_Issuer_Public_Key', 2, 1);
INSERT INTO KMS_IOPROCEDURE(ID, NAME, DESCRIPTION, IND_PINREQURED, IMPLEMENTATION, DIRECTION, IMPLEMENTATION_AVAILABLE) VALUES(1120, 'INTERAC_EXPORT_ISSUER_PUBLIC_KEY', 'Interac Export Issuer Public Key', 0, 'Interac_Export_Issuer_Public_Key', 2, 1);
INSERT INTO KMS_IOPROCEDURE(ID, NAME, DESCRIPTION, IND_PINREQURED, IMPLEMENTATION, DIRECTION, IMPLEMENTATION_AVAILABLE) VALUES(1121, 'VSDC_EXPORT_ISSUER_PUBLIC_KEY', 'VSDC Export Issuer Public Key', 0, 'VSDC_Export_Issuer_Public_Key', 2, 1);

INSERT INTO KMS_IOPROCEDURE_APPLICABILITY(ID, ID_IOPROCEDURE, KEY_TYPE, KEY_ALGORITHM, KEY_ROLE) VALUES(1002, 1002, 1, 4, 4);
INSERT INTO KMS_IOPROCEDURE_APPLICABILITY(ID, ID_IOPROCEDURE, KEY_TYPE, KEY_ALGORITHM, KEY_ROLE) VALUES(1003, 1002, 1, 2, 4);
INSERT INTO KMS_IOPROCEDURE_APPLICABILITY(ID, ID_IOPROCEDURE, KEY_TYPE, KEY_ALGORITHM, KEY_ROLE) VALUES(1004, 1002, 1, 3, 4);
INSERT INTO KMS_IOPROCEDURE_APPLICABILITY(ID, ID_IOPROCEDURE, KEY_TYPE, KEY_ALGORITHM, KEY_ROLE) VALUES(1005, 1002, 3, 6, 4);
INSERT INTO KMS_IOPROCEDURE_APPLICABILITY(ID, ID_IOPROCEDURE, KEY_TYPE, KEY_ALGORITHM, KEY_ROLE) VALUES(1006, 1002, 2, 6, 4);
INSERT INTO KMS_IOPROCEDURE_APPLICABILITY(ID, ID_IOPROCEDURE, KEY_TYPE, KEY_ALGORITHM, KEY_ROLE) VALUES(1007, 1002, 1, 1, 4);
INSERT INTO KMS_IOPROCEDURE_APPLICABILITY(ID, ID_IOPROCEDURE, KEY_TYPE, KEY_ALGORITHM, KEY_ROLE) VALUES(1008, 1003, 1, 1, 3);
INSERT INTO KMS_IOPROCEDURE_APPLICABILITY(ID, ID_IOPROCEDURE, KEY_TYPE, KEY_ALGORITHM, KEY_ROLE) VALUES(1009, 1003, 1, 1, 4);
INSERT INTO KMS_IOPROCEDURE_APPLICABILITY(ID, ID_IOPROCEDURE, KEY_TYPE, KEY_ALGORITHM, KEY_ROLE) VALUES(1010, 1003, 1, 2, 3);
INSERT INTO KMS_IOPROCEDURE_APPLICABILITY(ID, ID_IOPROCEDURE, KEY_TYPE, KEY_ALGORITHM, KEY_ROLE) VALUES(1011, 1003, 1, 2, 4);
INSERT INTO KMS_IOPROCEDURE_APPLICABILITY(ID, ID_IOPROCEDURE, KEY_TYPE, KEY_ALGORITHM, KEY_ROLE) VALUES(1012, 1003, 1, 3, 3);
INSERT INTO KMS_IOPROCEDURE_APPLICABILITY(ID, ID_IOPROCEDURE, KEY_TYPE, KEY_ALGORITHM, KEY_ROLE) VALUES(1013, 1003, 1, 3, 4);
INSERT INTO KMS_IOPROCEDURE_APPLICABILITY(ID, ID_IOPROCEDURE, KEY_TYPE, KEY_ALGORITHM, KEY_ROLE) VALUES(1014, 1004, 1, 3, 4);
INSERT INTO KMS_IOPROCEDURE_APPLICABILITY(ID, ID_IOPROCEDURE, KEY_TYPE, KEY_ALGORITHM, KEY_ROLE) VALUES(1015, 1004, 1, 2, 3);
INSERT INTO KMS_IOPROCEDURE_APPLICABILITY(ID, ID_IOPROCEDURE, KEY_TYPE, KEY_ALGORITHM, KEY_ROLE) VALUES(1016, 1004, 1, 2, 4);
INSERT INTO KMS_IOPROCEDURE_APPLICABILITY(ID, ID_IOPROCEDURE, KEY_TYPE, KEY_ALGORITHM, KEY_ROLE) VALUES(1017, 1004, 1, 1, 3);
INSERT INTO KMS_IOPROCEDURE_APPLICABILITY(ID, ID_IOPROCEDURE, KEY_TYPE, KEY_ALGORITHM, KEY_ROLE) VALUES(1018, 1004, 1, 1, 4);
INSERT INTO KMS_IOPROCEDURE_APPLICABILITY(ID, ID_IOPROCEDURE, KEY_TYPE, KEY_ALGORITHM, KEY_ROLE) VALUES(1019, 1004, 1, 3, 3);
INSERT INTO KMS_IOPROCEDURE_APPLICABILITY(ID, ID_IOPROCEDURE, KEY_TYPE, KEY_ALGORITHM, KEY_ROLE) VALUES(1020, 1005, 5, 6, 4);
INSERT INTO KMS_IOPROCEDURE_APPLICABILITY(ID, ID_IOPROCEDURE, KEY_TYPE, KEY_ALGORITHM, KEY_ROLE) VALUES(1021, 1005, 5, 6, 3);
INSERT INTO KMS_IOPROCEDURE_APPLICABILITY(ID, ID_IOPROCEDURE, KEY_TYPE, KEY_ALGORITHM, KEY_ROLE) VALUES(1022, 1006, 2, 6, 3);
INSERT INTO KMS_IOPROCEDURE_APPLICABILITY(ID, ID_IOPROCEDURE, KEY_TYPE, KEY_ALGORITHM, KEY_ROLE) VALUES(1023, 1006, 2, 6, 4);
INSERT INTO KMS_IOPROCEDURE_APPLICABILITY(ID, ID_IOPROCEDURE, KEY_TYPE, KEY_ALGORITHM, KEY_ROLE) VALUES(1026, 1009, 3, 6, 3);
INSERT INTO KMS_IOPROCEDURE_APPLICABILITY(ID, ID_IOPROCEDURE, KEY_TYPE, KEY_ALGORITHM, KEY_ROLE) VALUES(1027, 1009, 3, 6, 4);
INSERT INTO KMS_IOPROCEDURE_APPLICABILITY(ID, ID_IOPROCEDURE, KEY_TYPE, KEY_ALGORITHM, KEY_ROLE) VALUES(1031, 1013, 1, 1, 4);
INSERT INTO KMS_IOPROCEDURE_APPLICABILITY(ID, ID_IOPROCEDURE, KEY_TYPE, KEY_ALGORITHM, KEY_ROLE) VALUES(1032, 1013, 2, 6, 4);
INSERT INTO KMS_IOPROCEDURE_APPLICABILITY(ID, ID_IOPROCEDURE, KEY_TYPE, KEY_ALGORITHM, KEY_ROLE) VALUES(1033, 1013, 1, 2, 4);
INSERT INTO KMS_IOPROCEDURE_APPLICABILITY(ID, ID_IOPROCEDURE, KEY_TYPE, KEY_ALGORITHM, KEY_ROLE) VALUES(1034, 1013, 1, 3, 4);
INSERT INTO KMS_IOPROCEDURE_APPLICABILITY(ID, ID_IOPROCEDURE, KEY_TYPE, KEY_ALGORITHM, KEY_ROLE) VALUES(1035, 1013, 1, 4, 4);
INSERT INTO KMS_IOPROCEDURE_APPLICABILITY(ID, ID_IOPROCEDURE, KEY_TYPE, KEY_ALGORITHM, KEY_ROLE) VALUES(1036, 1013, 1, 5, 4);
INSERT INTO KMS_IOPROCEDURE_APPLICABILITY(ID, ID_IOPROCEDURE, KEY_TYPE, KEY_ALGORITHM, KEY_ROLE) VALUES(1038, 1015, 5, 6, 4);
INSERT INTO KMS_IOPROCEDURE_APPLICABILITY(ID, ID_IOPROCEDURE, KEY_TYPE, KEY_ALGORITHM, KEY_ROLE) VALUES(1039, 1015, 5, 6, 3);
INSERT INTO KMS_IOPROCEDURE_APPLICABILITY(ID, ID_IOPROCEDURE, KEY_TYPE, KEY_ALGORITHM, KEY_ROLE) VALUES(1040, 1016, 1, 3, 3);
INSERT INTO KMS_IOPROCEDURE_APPLICABILITY(ID, ID_IOPROCEDURE, KEY_TYPE, KEY_ALGORITHM, KEY_ROLE) VALUES(1041, 1016, 1, 2, 3);
INSERT INTO KMS_IOPROCEDURE_APPLICABILITY(ID, ID_IOPROCEDURE, KEY_TYPE, KEY_ALGORITHM, KEY_ROLE) VALUES(1042, 1016, 1, 1, 3);
INSERT INTO KMS_IOPROCEDURE_APPLICABILITY(ID, ID_IOPROCEDURE, KEY_TYPE, KEY_ALGORITHM, KEY_ROLE) VALUES(1043, 1017, 3, 6, 4);
INSERT INTO KMS_IOPROCEDURE_APPLICABILITY(ID, ID_IOPROCEDURE, KEY_TYPE, KEY_ALGORITHM, KEY_ROLE) VALUES(1044, 1017, 1, 3, 4);
INSERT INTO KMS_IOPROCEDURE_APPLICABILITY(ID, ID_IOPROCEDURE, KEY_TYPE, KEY_ALGORITHM, KEY_ROLE) VALUES(1045, 1017, 1, 2, 4);
INSERT INTO KMS_IOPROCEDURE_APPLICABILITY(ID, ID_IOPROCEDURE, KEY_TYPE, KEY_ALGORITHM, KEY_ROLE) VALUES(1046, 1017, 1, 1, 4);
INSERT INTO KMS_IOPROCEDURE_APPLICABILITY(ID, ID_IOPROCEDURE, KEY_TYPE, KEY_ALGORITHM, KEY_ROLE) VALUES(1047, 1017, 1, 4, 4);
INSERT INTO KMS_IOPROCEDURE_APPLICABILITY(ID, ID_IOPROCEDURE, KEY_TYPE, KEY_ALGORITHM, KEY_ROLE) VALUES(1048, 1017, 2, 6, 4);
INSERT INTO KMS_IOPROCEDURE_APPLICABILITY(ID, ID_IOPROCEDURE, KEY_TYPE, KEY_ALGORITHM, KEY_ROLE) VALUES(1049, 1018, 1, 2, 3);
INSERT INTO KMS_IOPROCEDURE_APPLICABILITY(ID, ID_IOPROCEDURE, KEY_TYPE, KEY_ALGORITHM, KEY_ROLE) VALUES(1050, 1018, 1, 3, 3);
INSERT INTO KMS_IOPROCEDURE_APPLICABILITY(ID, ID_IOPROCEDURE, KEY_TYPE, KEY_ALGORITHM, KEY_ROLE) VALUES(1051, 1018, 1, 1, 3);
INSERT INTO KMS_IOPROCEDURE_APPLICABILITY(ID, ID_IOPROCEDURE, KEY_TYPE, KEY_ALGORITHM, KEY_ROLE) VALUES(1052, 1019, 3, 6, 3);
INSERT INTO KMS_IOPROCEDURE_APPLICABILITY(ID, ID_IOPROCEDURE, KEY_TYPE, KEY_ALGORITHM, KEY_ROLE) VALUES(1053, 1019, 3, 6, 4);
INSERT INTO KMS_IOPROCEDURE_APPLICABILITY(ID, ID_IOPROCEDURE, KEY_TYPE, KEY_ALGORITHM, KEY_ROLE) VALUES(1054, 1020, 3, 6, 4);
INSERT INTO KMS_IOPROCEDURE_APPLICABILITY(ID, ID_IOPROCEDURE, KEY_TYPE, KEY_ALGORITHM, KEY_ROLE) VALUES(1055, 1020, 3, 6, 3);
INSERT INTO KMS_IOPROCEDURE_APPLICABILITY(ID, ID_IOPROCEDURE, KEY_TYPE, KEY_ALGORITHM, KEY_ROLE) VALUES(1056, 1021, 1, 5, 4);
INSERT INTO KMS_IOPROCEDURE_APPLICABILITY(ID, ID_IOPROCEDURE, KEY_TYPE, KEY_ALGORITHM, KEY_ROLE) VALUES(1057, 1021, 1, 4, 4);
INSERT INTO KMS_IOPROCEDURE_APPLICABILITY(ID, ID_IOPROCEDURE, KEY_TYPE, KEY_ALGORITHM, KEY_ROLE) VALUES(1058, 1021, 1, 2, 4);
INSERT INTO KMS_IOPROCEDURE_APPLICABILITY(ID, ID_IOPROCEDURE, KEY_TYPE, KEY_ALGORITHM, KEY_ROLE) VALUES(1059, 1021, 1, 3, 2);
INSERT INTO KMS_IOPROCEDURE_APPLICABILITY(ID, ID_IOPROCEDURE, KEY_TYPE, KEY_ALGORITHM, KEY_ROLE) VALUES(1060, 1021, 1, 2, 3);
INSERT INTO KMS_IOPROCEDURE_APPLICABILITY(ID, ID_IOPROCEDURE, KEY_TYPE, KEY_ALGORITHM, KEY_ROLE) VALUES(1061, 1021, 1, 2, 2);
INSERT INTO KMS_IOPROCEDURE_APPLICABILITY(ID, ID_IOPROCEDURE, KEY_TYPE, KEY_ALGORITHM, KEY_ROLE) VALUES(1062, 1021, 1, 3, 4);
INSERT INTO KMS_IOPROCEDURE_APPLICABILITY(ID, ID_IOPROCEDURE, KEY_TYPE, KEY_ALGORITHM, KEY_ROLE) VALUES(1063, 1021, 1, 3, 3);
INSERT INTO KMS_IOPROCEDURE_APPLICABILITY(ID, ID_IOPROCEDURE, KEY_TYPE, KEY_ALGORITHM, KEY_ROLE) VALUES(1064, 1021, 1, 1, 2);
INSERT INTO KMS_IOPROCEDURE_APPLICABILITY(ID, ID_IOPROCEDURE, KEY_TYPE, KEY_ALGORITHM, KEY_ROLE) VALUES(1065, 1021, 2, 6, 4);
INSERT INTO KMS_IOPROCEDURE_APPLICABILITY(ID, ID_IOPROCEDURE, KEY_TYPE, KEY_ALGORITHM, KEY_ROLE) VALUES(1066, 1021, 1, 1, 3);
INSERT INTO KMS_IOPROCEDURE_APPLICABILITY(ID, ID_IOPROCEDURE, KEY_TYPE, KEY_ALGORITHM, KEY_ROLE) VALUES(1067, 1021, 1, 1, 4);
INSERT INTO KMS_IOPROCEDURE_APPLICABILITY(ID, ID_IOPROCEDURE, KEY_TYPE, KEY_ALGORITHM, KEY_ROLE) VALUES(1068, 1021, 3, 6, 4);
INSERT INTO KMS_IOPROCEDURE_APPLICABILITY(ID, ID_IOPROCEDURE, KEY_TYPE, KEY_ALGORITHM, KEY_ROLE) VALUES(1071, 1024, 1, 4, 4);
INSERT INTO KMS_IOPROCEDURE_APPLICABILITY(ID, ID_IOPROCEDURE, KEY_TYPE, KEY_ALGORITHM, KEY_ROLE) VALUES(1072, 1024, 1, 2, 4);
INSERT INTO KMS_IOPROCEDURE_APPLICABILITY(ID, ID_IOPROCEDURE, KEY_TYPE, KEY_ALGORITHM, KEY_ROLE) VALUES(1073, 1024, 2, 6, 4);
INSERT INTO KMS_IOPROCEDURE_APPLICABILITY(ID, ID_IOPROCEDURE, KEY_TYPE, KEY_ALGORITHM, KEY_ROLE) VALUES(1074, 1024, 1, 3, 4);
INSERT INTO KMS_IOPROCEDURE_APPLICABILITY(ID, ID_IOPROCEDURE, KEY_TYPE, KEY_ALGORITHM, KEY_ROLE) VALUES(1075, 1024, 1, 1, 4);
INSERT INTO KMS_IOPROCEDURE_APPLICABILITY(ID, ID_IOPROCEDURE, KEY_TYPE, KEY_ALGORITHM, KEY_ROLE) VALUES(1076, 1024, 1, 5, 4);
INSERT INTO KMS_IOPROCEDURE_APPLICABILITY(ID, ID_IOPROCEDURE, KEY_TYPE, KEY_ALGORITHM, KEY_ROLE) VALUES(1077, 1025, 2, 6, 4);
INSERT INTO KMS_IOPROCEDURE_APPLICABILITY(ID, ID_IOPROCEDURE, KEY_TYPE, KEY_ALGORITHM, KEY_ROLE) VALUES(1078, 1025, 2, 6, 3);
INSERT INTO KMS_IOPROCEDURE_APPLICABILITY(ID, ID_IOPROCEDURE, KEY_TYPE, KEY_ALGORITHM, KEY_ROLE) VALUES(1081, 1028, 1, 2, 1);
INSERT INTO KMS_IOPROCEDURE_APPLICABILITY(ID, ID_IOPROCEDURE, KEY_TYPE, KEY_ALGORITHM, KEY_ROLE) VALUES(1082, 1028, 1, 3, 1);
INSERT INTO KMS_IOPROCEDURE_APPLICABILITY(ID, ID_IOPROCEDURE, KEY_TYPE, KEY_ALGORITHM, KEY_ROLE) VALUES(1100, 1002, 3, 6, 3);
INSERT INTO KMS_IOPROCEDURE_APPLICABILITY(ID, ID_IOPROCEDURE, KEY_TYPE, KEY_ALGORITHM, KEY_ROLE) VALUES(1101, 1002, 3, 7, 3);
INSERT INTO KMS_IOPROCEDURE_APPLICABILITY(ID, ID_IOPROCEDURE, KEY_TYPE, KEY_ALGORITHM, KEY_ROLE) VALUES(1102, 1002, 3, 7, 4);
INSERT INTO KMS_IOPROCEDURE_APPLICABILITY(ID, ID_IOPROCEDURE, KEY_TYPE, KEY_ALGORITHM, KEY_ROLE) VALUES(1103, 1002, 1, 3, 3);
INSERT INTO KMS_IOPROCEDURE_APPLICABILITY(ID, ID_IOPROCEDURE, KEY_TYPE, KEY_ALGORITHM, KEY_ROLE) VALUES(1104, 1002, 2, 7, 4);
INSERT INTO KMS_IOPROCEDURE_APPLICABILITY(ID, ID_IOPROCEDURE, KEY_TYPE, KEY_ALGORITHM, KEY_ROLE) VALUES(1105, 1002, 1, 2, 2);
INSERT INTO KMS_IOPROCEDURE_APPLICABILITY(ID, ID_IOPROCEDURE, KEY_TYPE, KEY_ALGORITHM, KEY_ROLE) VALUES(1106, 1002, 2, 7, 3);
INSERT INTO KMS_IOPROCEDURE_APPLICABILITY(ID, ID_IOPROCEDURE, KEY_TYPE, KEY_ALGORITHM, KEY_ROLE) VALUES(1107, 1002, 1, 2, 3);
INSERT INTO KMS_IOPROCEDURE_APPLICABILITY(ID, ID_IOPROCEDURE, KEY_TYPE, KEY_ALGORITHM, KEY_ROLE) VALUES(1108, 1002, 2, 6, 3);
INSERT INTO KMS_IOPROCEDURE_APPLICABILITY(ID, ID_IOPROCEDURE, KEY_TYPE, KEY_ALGORITHM, KEY_ROLE) VALUES(1109, 1002, 1, 3, 2);
INSERT INTO KMS_IOPROCEDURE_APPLICABILITY(ID, ID_IOPROCEDURE, KEY_TYPE, KEY_ALGORITHM, KEY_ROLE) VALUES(1110, 1003, 1, 4, 4);
INSERT INTO KMS_IOPROCEDURE_APPLICABILITY(ID, ID_IOPROCEDURE, KEY_TYPE, KEY_ALGORITHM, KEY_ROLE) VALUES(1111, 1003, 1, 5, 4);
INSERT INTO KMS_IOPROCEDURE_APPLICABILITY(ID, ID_IOPROCEDURE, KEY_TYPE, KEY_ALGORITHM, KEY_ROLE) VALUES(1112, 1004, 1, 4, 4);
INSERT INTO KMS_IOPROCEDURE_APPLICABILITY(ID, ID_IOPROCEDURE, KEY_TYPE, KEY_ALGORITHM, KEY_ROLE) VALUES(1113, 1004, 1, 5, 4);
INSERT INTO KMS_IOPROCEDURE_APPLICABILITY(ID, ID_IOPROCEDURE, KEY_TYPE, KEY_ALGORITHM, KEY_ROLE) VALUES(1114, 1005, 5, 7, 3);
INSERT INTO KMS_IOPROCEDURE_APPLICABILITY(ID, ID_IOPROCEDURE, KEY_TYPE, KEY_ALGORITHM, KEY_ROLE) VALUES(1115, 1005, 5, 7, 4);
INSERT INTO KMS_IOPROCEDURE_APPLICABILITY(ID, ID_IOPROCEDURE, KEY_TYPE, KEY_ALGORITHM, KEY_ROLE) VALUES(1116, 1100, 2, 6, 4);
INSERT INTO KMS_IOPROCEDURE_APPLICABILITY(ID, ID_IOPROCEDURE, KEY_TYPE, KEY_ALGORITHM, KEY_ROLE) VALUES(1117, 1101, 4, 6, 4);
INSERT INTO KMS_IOPROCEDURE_APPLICABILITY(ID, ID_IOPROCEDURE, KEY_TYPE, KEY_ALGORITHM, KEY_ROLE) VALUES(1118, 1102, 4, 6, 4);
INSERT INTO KMS_IOPROCEDURE_APPLICABILITY(ID, ID_IOPROCEDURE, KEY_TYPE, KEY_ALGORITHM, KEY_ROLE) VALUES(1119, 1103, 3, 7, 4);
INSERT INTO KMS_IOPROCEDURE_APPLICABILITY(ID, ID_IOPROCEDURE, KEY_TYPE, KEY_ALGORITHM, KEY_ROLE) VALUES(1120, 1103, 3, 7, 3);
INSERT INTO KMS_IOPROCEDURE_APPLICABILITY(ID, ID_IOPROCEDURE, KEY_TYPE, KEY_ALGORITHM, KEY_ROLE) VALUES(1121, 1104, 2, 7, 3);
INSERT INTO KMS_IOPROCEDURE_APPLICABILITY(ID, ID_IOPROCEDURE, KEY_TYPE, KEY_ALGORITHM, KEY_ROLE) VALUES(1122, 1104, 2, 7, 4);
INSERT INTO KMS_IOPROCEDURE_APPLICABILITY(ID, ID_IOPROCEDURE, KEY_TYPE, KEY_ALGORITHM, KEY_ROLE) VALUES(1123, 1105, 3, 6, 3);
INSERT INTO KMS_IOPROCEDURE_APPLICABILITY(ID, ID_IOPROCEDURE, KEY_TYPE, KEY_ALGORITHM, KEY_ROLE) VALUES(1124, 1105, 3, 6, 4);
INSERT INTO KMS_IOPROCEDURE_APPLICABILITY(ID, ID_IOPROCEDURE, KEY_TYPE, KEY_ALGORITHM, KEY_ROLE) VALUES(1125, 1106, 4, 6, 4);
INSERT INTO KMS_IOPROCEDURE_APPLICABILITY(ID, ID_IOPROCEDURE, KEY_TYPE, KEY_ALGORITHM, KEY_ROLE) VALUES(1126, 1107, 4, 6, 4);
INSERT INTO KMS_IOPROCEDURE_APPLICABILITY(ID, ID_IOPROCEDURE, KEY_TYPE, KEY_ALGORITHM, KEY_ROLE) VALUES(1127, 1108, 6, 7, 4);
INSERT INTO KMS_IOPROCEDURE_APPLICABILITY(ID, ID_IOPROCEDURE, KEY_TYPE, KEY_ALGORITHM, KEY_ROLE) VALUES(1128, 1108, 6, 6, 3);
INSERT INTO KMS_IOPROCEDURE_APPLICABILITY(ID, ID_IOPROCEDURE, KEY_TYPE, KEY_ALGORITHM, KEY_ROLE) VALUES(1129, 1108, 6, 6, 4);
INSERT INTO KMS_IOPROCEDURE_APPLICABILITY(ID, ID_IOPROCEDURE, KEY_TYPE, KEY_ALGORITHM, KEY_ROLE) VALUES(1130, 1108, 6, 7, 3);
INSERT INTO KMS_IOPROCEDURE_APPLICABILITY(ID, ID_IOPROCEDURE, KEY_TYPE, KEY_ALGORITHM, KEY_ROLE) VALUES(1131, 1109, 2, 6, 4);
INSERT INTO KMS_IOPROCEDURE_APPLICABILITY(ID, ID_IOPROCEDURE, KEY_TYPE, KEY_ALGORITHM, KEY_ROLE) VALUES(1132, 1110, 3, 6, 4);
INSERT INTO KMS_IOPROCEDURE_APPLICABILITY(ID, ID_IOPROCEDURE, KEY_TYPE, KEY_ALGORITHM, KEY_ROLE) VALUES(1133, 1110, 3, 6, 3);
INSERT INTO KMS_IOPROCEDURE_APPLICABILITY(ID, ID_IOPROCEDURE, KEY_TYPE, KEY_ALGORITHM, KEY_ROLE) VALUES(1134, 1111, 1, 2, 4);
INSERT INTO KMS_IOPROCEDURE_APPLICABILITY(ID, ID_IOPROCEDURE, KEY_TYPE, KEY_ALGORITHM, KEY_ROLE) VALUES(1135, 1111, 1, 1, 4);
INSERT INTO KMS_IOPROCEDURE_APPLICABILITY(ID, ID_IOPROCEDURE, KEY_TYPE, KEY_ALGORITHM, KEY_ROLE) VALUES(1136, 1112, 3, 6, 4);
INSERT INTO KMS_IOPROCEDURE_APPLICABILITY(ID, ID_IOPROCEDURE, KEY_TYPE, KEY_ALGORITHM, KEY_ROLE) VALUES(1137, 1112, 3, 6, 3);
INSERT INTO KMS_IOPROCEDURE_APPLICABILITY(ID, ID_IOPROCEDURE, KEY_TYPE, KEY_ALGORITHM, KEY_ROLE) VALUES(1138, 1113, 3, 6, 4);
INSERT INTO KMS_IOPROCEDURE_APPLICABILITY(ID, ID_IOPROCEDURE, KEY_TYPE, KEY_ALGORITHM, KEY_ROLE) VALUES(1140, 1015, 5, 7, 4);
INSERT INTO KMS_IOPROCEDURE_APPLICABILITY(ID, ID_IOPROCEDURE, KEY_TYPE, KEY_ALGORITHM, KEY_ROLE) VALUES(1141, 1015, 5, 7, 3);
INSERT INTO KMS_IOPROCEDURE_APPLICABILITY(ID, ID_IOPROCEDURE, KEY_TYPE, KEY_ALGORITHM, KEY_ROLE) VALUES(1142, 1016, 1, 4, 4);
INSERT INTO KMS_IOPROCEDURE_APPLICABILITY(ID, ID_IOPROCEDURE, KEY_TYPE, KEY_ALGORITHM, KEY_ROLE) VALUES(1143, 1016, 1, 5, 4);
INSERT INTO KMS_IOPROCEDURE_APPLICABILITY(ID, ID_IOPROCEDURE, KEY_TYPE, KEY_ALGORITHM, KEY_ROLE) VALUES(1145, 1016, 1, 3, 4);
INSERT INTO KMS_IOPROCEDURE_APPLICABILITY(ID, ID_IOPROCEDURE, KEY_TYPE, KEY_ALGORITHM, KEY_ROLE) VALUES(1146, 1016, 1, 1, 4);
INSERT INTO KMS_IOPROCEDURE_APPLICABILITY(ID, ID_IOPROCEDURE, KEY_TYPE, KEY_ALGORITHM, KEY_ROLE) VALUES(1147, 1017, 2, 7, 4);
INSERT INTO KMS_IOPROCEDURE_APPLICABILITY(ID, ID_IOPROCEDURE, KEY_TYPE, KEY_ALGORITHM, KEY_ROLE) VALUES(1148, 1017, 1, 2, 3);
INSERT INTO KMS_IOPROCEDURE_APPLICABILITY(ID, ID_IOPROCEDURE, KEY_TYPE, KEY_ALGORITHM, KEY_ROLE) VALUES(1149, 1017, 1, 2, 2);
INSERT INTO KMS_IOPROCEDURE_APPLICABILITY(ID, ID_IOPROCEDURE, KEY_TYPE, KEY_ALGORITHM, KEY_ROLE) VALUES(1150, 1017, 1, 3, 3);
INSERT INTO KMS_IOPROCEDURE_APPLICABILITY(ID, ID_IOPROCEDURE, KEY_TYPE, KEY_ALGORITHM, KEY_ROLE) VALUES(1151, 1017, 1, 3, 2);
INSERT INTO KMS_IOPROCEDURE_APPLICABILITY(ID, ID_IOPROCEDURE, KEY_TYPE, KEY_ALGORITHM, KEY_ROLE) VALUES(1152, 1017, 2, 6, 3);
INSERT INTO KMS_IOPROCEDURE_APPLICABILITY(ID, ID_IOPROCEDURE, KEY_TYPE, KEY_ALGORITHM, KEY_ROLE) VALUES(1153, 1017, 2, 7, 3);
INSERT INTO KMS_IOPROCEDURE_APPLICABILITY(ID, ID_IOPROCEDURE, KEY_TYPE, KEY_ALGORITHM, KEY_ROLE) VALUES(1154, 1017, 3, 6, 3);
INSERT INTO KMS_IOPROCEDURE_APPLICABILITY(ID, ID_IOPROCEDURE, KEY_TYPE, KEY_ALGORITHM, KEY_ROLE) VALUES(1155, 1017, 3, 7, 3);
INSERT INTO KMS_IOPROCEDURE_APPLICABILITY(ID, ID_IOPROCEDURE, KEY_TYPE, KEY_ALGORITHM, KEY_ROLE) VALUES(1156, 1017, 3, 7, 4);
INSERT INTO KMS_IOPROCEDURE_APPLICABILITY(ID, ID_IOPROCEDURE, KEY_TYPE, KEY_ALGORITHM, KEY_ROLE) VALUES(1157, 1018, 1, 3, 4);
INSERT INTO KMS_IOPROCEDURE_APPLICABILITY(ID, ID_IOPROCEDURE, KEY_TYPE, KEY_ALGORITHM, KEY_ROLE) VALUES(1158, 1018, 1, 2, 4);
INSERT INTO KMS_IOPROCEDURE_APPLICABILITY(ID, ID_IOPROCEDURE, KEY_TYPE, KEY_ALGORITHM, KEY_ROLE) VALUES(1159, 1018, 1, 5, 4);
INSERT INTO KMS_IOPROCEDURE_APPLICABILITY(ID, ID_IOPROCEDURE, KEY_TYPE, KEY_ALGORITHM, KEY_ROLE) VALUES(1160, 1018, 1, 1, 4);
INSERT INTO KMS_IOPROCEDURE_APPLICABILITY(ID, ID_IOPROCEDURE, KEY_TYPE, KEY_ALGORITHM, KEY_ROLE) VALUES(1161, 1018, 1, 4, 4);
INSERT INTO KMS_IOPROCEDURE_APPLICABILITY(ID, ID_IOPROCEDURE, KEY_TYPE, KEY_ALGORITHM, KEY_ROLE) VALUES(1162, 1019, 3, 7, 4);
INSERT INTO KMS_IOPROCEDURE_APPLICABILITY(ID, ID_IOPROCEDURE, KEY_TYPE, KEY_ALGORITHM, KEY_ROLE) VALUES(1163, 1019, 3, 7, 3);
INSERT INTO KMS_IOPROCEDURE_APPLICABILITY(ID, ID_IOPROCEDURE, KEY_TYPE, KEY_ALGORITHM, KEY_ROLE) VALUES(1164, 1114, 2, 7, 3);
INSERT INTO KMS_IOPROCEDURE_APPLICABILITY(ID, ID_IOPROCEDURE, KEY_TYPE, KEY_ALGORITHM, KEY_ROLE) VALUES(1165, 1114, 2, 7, 4);
INSERT INTO KMS_IOPROCEDURE_APPLICABILITY(ID, ID_IOPROCEDURE, KEY_TYPE, KEY_ALGORITHM, KEY_ROLE) VALUES(1166, 1115, 3, 7, 4);
INSERT INTO KMS_IOPROCEDURE_APPLICABILITY(ID, ID_IOPROCEDURE, KEY_TYPE, KEY_ALGORITHM, KEY_ROLE) VALUES(1167, 1115, 3, 7, 3);
INSERT INTO KMS_IOPROCEDURE_APPLICABILITY(ID, ID_IOPROCEDURE, KEY_TYPE, KEY_ALGORITHM, KEY_ROLE) VALUES(1168, 1116, 1, 1, 4);
INSERT INTO KMS_IOPROCEDURE_APPLICABILITY(ID, ID_IOPROCEDURE, KEY_TYPE, KEY_ALGORITHM, KEY_ROLE) VALUES(1169, 1116, 1, 2, 4);
INSERT INTO KMS_IOPROCEDURE_APPLICABILITY(ID, ID_IOPROCEDURE, KEY_TYPE, KEY_ALGORITHM, KEY_ROLE) VALUES(1170, 1117, 3, 6, 4);
INSERT INTO KMS_IOPROCEDURE_APPLICABILITY(ID, ID_IOPROCEDURE, KEY_TYPE, KEY_ALGORITHM, KEY_ROLE) VALUES(1171, 1118, 2, 6, 4);
INSERT INTO KMS_IOPROCEDURE_APPLICABILITY(ID, ID_IOPROCEDURE, KEY_TYPE, KEY_ALGORITHM, KEY_ROLE) VALUES(1172, 1119, 3, 6, 4);
INSERT INTO KMS_IOPROCEDURE_APPLICABILITY(ID, ID_IOPROCEDURE, KEY_TYPE, KEY_ALGORITHM, KEY_ROLE) VALUES(1173, 1120, 3, 6, 4);
INSERT INTO KMS_IOPROCEDURE_APPLICABILITY(ID, ID_IOPROCEDURE, KEY_TYPE, KEY_ALGORITHM, KEY_ROLE) VALUES(1174, 1121, 3, 6, 4);

INSERT INTO KMS_KEYSETPROFILE(ID, NAME, DESCRIPTION) VALUES(8002, 'MCHIP_IMK', 'M/Chip Issuer Master Keys');
INSERT INTO KMS_KEYSETPROFILE(ID, NAME, DESCRIPTION) VALUES(8003, 'MCHIP_ISS_KEYSET', 'M/Chip Issuer Keyset');
INSERT INTO KMS_KEYSETPROFILE(ID, NAME, DESCRIPTION) VALUES(8004, 'MCHIP_ICC_KEYSET', 'M/Chip IC Card Keyset');

INSERT INTO KMS_KEYPROFILE(ID, KEY_TYPE, NAME, DESCRIPTION, IND_MULTIPLE_KEY, LENGTH, KEY_ALGORITHM, KEY_ROLE, KEY_SOURCE, IND_DECRYPT, IND_DERIVE, IND_ENCRYPT, IND_EXTRACTABLE, IND_MODIFIABLE, IND_PERMANENT, IND_PRIVATE, IND_SIGN, IND_UNWRAP, IND_VERIFY, IND_WRAP, DFLT_CHAINING, NAME_GENERATOR) VALUES(1000, 1, 'MSK_KMS', 'MSK KMS', 0, 24, 2, 1, 1, 0, 0, 1, 1, 1, 1, 0, 0, 1, 0, 1, 2, 'defaultNameGenerator');
INSERT INTO KMS_KEYPROFILE(ID, KEY_TYPE, NAME, DESCRIPTION, IND_MULTIPLE_KEY, LENGTH, KEY_ALGORITHM, KEY_ROLE, KEY_SOURCE, IND_DECRYPT, IND_DERIVE, IND_ENCRYPT, IND_EXTRACTABLE, IND_MODIFIABLE, IND_PERMANENT, IND_PRIVATE, IND_SIGN, IND_UNWRAP, IND_VERIFY, IND_WRAP, ID_STORAGEKEYPROFILE, DFLT_CHAINING, NAME_GENERATOR) VALUES(7511, 1, 'BELLID_KEK', 'Key Encryption Key for Bell ID internal working keys', 1, 24, 2, 2, 1, 1, 0, 1, 1, 0, 0, 0, 0, 1, 0, 1, 1000, 2, 'defaultNameGenerator');
INSERT INTO KMS_KEYPROFILE(ID, KEY_TYPE, NAME, DESCRIPTION, IND_MULTIPLE_KEY, LENGTH, KEY_ALGORITHM, KEY_ROLE, KEY_SOURCE, IND_DECRYPT, IND_DERIVE, IND_ENCRYPT, IND_EXTRACTABLE, IND_MODIFIABLE, IND_PERMANENT, IND_PRIVATE, IND_SIGN, IND_UNWRAP, IND_VERIFY, IND_WRAP, ID_STORAGEKEYPROFILE, DFLT_CHAINING) VALUES(7600, 1, 'THIRDPARTY_KEK', 'Thirdparty Key Encryption Key', 1, 24, 2, 2, 1, 0, 0, 1, 1, 0, 0, 0, 0, 1, 0, 1, 1000, 2);
INSERT INTO KMS_KEYPROFILE(ID, KEY_TYPE, NAME, DESCRIPTION, IND_MULTIPLE_KEY, LENGTH, KEY_ALGORITHM, KEY_ROLE, KEY_SOURCE, IND_DECRYPT, IND_DERIVE, IND_ENCRYPT, IND_EXTRACTABLE, IND_MODIFIABLE, IND_PERMANENT, IND_PRIVATE, IND_SENSITIVE, IND_SIGN, IND_UNWRAP, IND_VERIFY, IND_WRAP, ID_STORAGEKEYPROFILE, DFLT_CHAINING, NAME_GENERATOR) VALUES(7514, 1, 'ENC_PAN_KEY', 'Encrypt PAN Parameter Key (Bell ID internal)', 1, 16, 2, 4, 1, 1, 0, 1, 1, 1, 0, 0, 1, 0, 0, 0, 0, 7511, 2, 'defaultNameGenerator');
INSERT INTO KMS_KEYPROFILE(ID, KEY_TYPE, NAME, DESCRIPTION, IND_MULTIPLE_KEY, LENGTH, KEY_ALGORITHM, KEY_ROLE, KEY_SOURCE, IND_DECRYPT, IND_DERIVE, IND_ENCRYPT, IND_EXTRACTABLE, IND_MODIFIABLE, IND_PERMANENT, IND_PRIVATE, IND_SENSITIVE, IND_SIGN, IND_UNWRAP, IND_VERIFY, IND_WRAP, ID_STORAGEKEYPROFILE, DFLT_CHAINING, NAME_GENERATOR) VALUES(7515, 1, 'ENC_PIN_KEY', 'Encrypt PIN Parameter Key (Bell ID internal)', 1, 16, 2, 4, 1, 1, 0, 1, 1, 1, 0, 0, 1, 0, 0, 0, 0, 7511, 2, 'defaultNameGenerator');
INSERT INTO KMS_KEYPROFILE(ID, KEY_TYPE, NAME, DESCRIPTION, IND_MULTIPLE_KEY, LENGTH, KEY_ALGORITHM, KEY_ROLE, KEY_SOURCE, IND_DECRYPT, IND_DERIVE, IND_ENCRYPT, IND_EXTRACTABLE, IND_MODIFIABLE, IND_PERMANENT, IND_PRIVATE, IND_SENSITIVE, IND_SIGN, IND_UNWRAP, IND_VERIFY, IND_WRAP, ID_STORAGEKEYPROFILE, DFLT_CHAINING) VALUES(7601, 1, 'BELL_ID_ZMK', 'Bell ID ZMK', 1, 16, 2, 3, 3, 0, 0, 1, 1, 1, 0, 0, 1, 0, 1, 0, 1, 1000, 2);
INSERT INTO KMS_KEYPROFILE(ID, KEY_TYPE, NAME, DESCRIPTION, IND_MULTIPLE_KEY, LENGTH, KEY_ALGORITHM, KEY_ROLE, KEY_SOURCE, IND_DECRYPT, IND_DERIVE, IND_ENCRYPT, IND_EXTRACTABLE, IND_MODIFIABLE, IND_PERMANENT, IND_PRIVATE, IND_SENSITIVE, IND_SIGN, IND_UNWRAP, IND_VERIFY, IND_WRAP, ID_STORAGEKEYPROFILE, DFLT_CHAINING, NAME_GENERATOR) VALUES(7602, 1, 'PERSO_TK', 'Encrypts card keys within DGIs - rename to CARTIER_KEK', 1, 16, 2, 4, 3, 0, 0, 1, 1, 1, 0, 0, 1, 0, 1, 0, 1, 7600, 2, 'defaultNameGenerator');
INSERT INTO KMS_KEYPROFILE(ID, KEY_TYPE, NAME, DESCRIPTION, IND_MULTIPLE_KEY, LENGTH, KEY_ALGORITHM, KEY_ROLE, KEY_SOURCE, IND_DECRYPT, IND_DERIVE, IND_ENCRYPT, IND_EXTRACTABLE, IND_MODIFIABLE, IND_PERMANENT, IND_PRIVATE, IND_SENSITIVE, IND_SIGN, IND_UNWRAP, IND_VERIFY, IND_WRAP, ID_STORAGEKEYPROFILE, DFLT_CHAINING, NAME_GENERATOR) VALUES(7603, 1, 'PERSO_PIN', 'Encrypts PIN within DGIs - remane to CARTIER_PEK', 1, 16, 2, 4, 3, 1, 0, 1, 1, 1, 0, 0, 1, 0, 1, 0, 1, 7600, 2, 'defaultNameGenerator');
INSERT INTO KMS_KEYPROFILE(ID, KEY_TYPE, NAME, DESCRIPTION, IND_MULTIPLE_KEY, LENGTH, KEY_ALGORITHM, KEY_ROLE, KEY_SOURCE, IND_DECRYPT, IND_DERIVE, IND_ENCRYPT, IND_EXTRACTABLE, IND_MODIFIABLE, IND_PERMANENT, IND_PRIVATE, IND_SENSITIVE, IND_SIGN, IND_UNWRAP, IND_VERIFY, IND_WRAP, ID_STORAGEKEYPROFILE, DFLT_CHAINING) VALUES(7706, 1, 'UDK_AUTH', 'Unique Derived Key', 1, 16, 2, 4, 1, 1, 1, 1, 1, 1, 0, 0, 1, 1, 1, 1, 1, 7511, 2);
INSERT INTO KMS_KEYPROFILE(ID, KEY_TYPE, NAME, DESCRIPTION, IND_MULTIPLE_KEY, LENGTH, KEY_ALGORITHM, KEY_ROLE, KEY_SOURCE, IND_DECRYPT, IND_DERIVE, IND_ENCRYPT, IND_EXTRACTABLE, IND_MODIFIABLE, IND_PERMANENT, IND_PRIVATE, IND_SENSITIVE, IND_SIGN, IND_UNWRAP, IND_VERIFY, IND_WRAP, ID_STORAGEKEYPROFILE, DFLT_CHAINING) VALUES(7707, 1, 'UDK_MAC', 'Unique Derived Key for Data Integrity', 1, 16, 2, 4, 1, 0, 1, 1, 1, 1, 0, 0, 1, 1, 1, 1, 1, 7511, 2);
INSERT INTO KMS_KEYPROFILE(ID, KEY_TYPE, NAME, DESCRIPTION, IND_MULTIPLE_KEY, LENGTH, KEY_ALGORITHM, KEY_ROLE, KEY_SOURCE, IND_DECRYPT, IND_DERIVE, IND_ENCRYPT, IND_EXTRACTABLE, IND_MODIFIABLE, IND_PERMANENT, IND_PRIVATE, IND_SENSITIVE, IND_SIGN, IND_UNWRAP, IND_VERIFY, IND_WRAP, ID_STORAGEKEYPROFILE, DFLT_CHAINING) VALUES(7708, 1, 'UDK_ENC', 'Unique Derived Key for Data Encryption', 1, 16, 2, 4, 1, 0, 1, 1, 1, 1, 0, 0, 1, 0, 1, 0, 1, 7511, 2);
INSERT INTO KMS_KEYPROFILE(ID, KEY_TYPE, NAME, DESCRIPTION, IND_MULTIPLE_KEY, LENGTH, KEY_ALGORITHM, KEY_ROLE, KEY_SOURCE, IND_DECRYPT, IND_DERIVE, IND_ENCRYPT, IND_EXTRACTABLE, IND_MODIFIABLE, IND_PERMANENT, IND_PRIVATE, IND_SENSITIVE, IND_SIGN, IND_UNWRAP, IND_VERIFY, IND_WRAP, ID_STORAGEKEYPROFILE, DFLT_CHAINING) VALUES(7709, 1, 'ALT_UDK_4_DCVV', 'Alternate Unique Derived Key (UDK) used in dCVV calculations', 1, 16, 2, 4, 1, 1, 1, 1, 1, 1, 0, 0, 1, 0, 1, 0, 1, 7511, 1);
INSERT INTO KMS_KEYPROFILE(ID, KEY_TYPE, NAME, DESCRIPTION, IND_MULTIPLE_KEY, LENGTH, KEY_ALGORITHM, KEY_ROLE, KEY_SOURCE, IND_DECRYPT, IND_DERIVE, IND_ENCRYPT, IND_EXTRACTABLE, IND_MODIFIABLE, IND_PERMANENT, IND_PRIVATE, IND_SENSITIVE, IND_SIGN, IND_UNWRAP, IND_VERIFY, IND_WRAP, ID_STORAGEKEYPROFILE, DFLT_CHAINING) VALUES(7713, 1, 'ALT_UDK_4_CVC3', 'Alternate Unique Derived Key (UDK) used in CVC3 calculations', 1, 16, 2, 4, 1, 1, 1, 1, 1, 1, 0, 0, 1, 1, 1, 0, 1, 7511, 1);
INSERT INTO KMS_KEYPROFILE(ID, KEY_TYPE, NAME, DESCRIPTION, IND_MULTIPLE_KEY, LENGTH, KEY_ALGORITHM, KEY_ROLE, KEY_SOURCE, IND_DECRYPT, IND_DERIVE, IND_ENCRYPT, IND_EXTRACTABLE, IND_MODIFIABLE, IND_PERMANENT, IND_PRIVATE, IND_SENSITIVE, IND_SIGN, IND_UNWRAP, IND_VERIFY, IND_WRAP, ID_STORAGEKEYPROFILE, DFLT_CHAINING) VALUES(7710, 1, 'PASSCODE', 'Passcode Reference Block', 1, 8, 4, 4, 1, 0, 1, 0, 1, 1, 0, 0, 1, 0, 1, 0, 1, 7511, 2);
INSERT INTO KMS_KEYPROFILE(ID, KEY_TYPE, NAME, DESCRIPTION, IND_MULTIPLE_KEY, LENGTH, KEY_ALGORITHM, KEY_ROLE, KEY_SOURCE, IND_DECRYPT, IND_DERIVE, IND_ENCRYPT, IND_EXTRACTABLE, IND_MODIFIABLE, IND_PERMANENT, IND_PRIVATE, IND_SENSITIVE, IND_SIGN, IND_UNWRAP, IND_VERIFY, IND_WRAP, ID_STORAGEKEYPROFILE, DFLT_CHAINING) VALUES(7719, 1, 'MC_REMOTE_SE_MOBILE_M_KEY', 'The Mobile Key (32 bytes – AES256) generated by the Remote-SE System', 1, 32, 3, 4, 1, 1, 1, 1, 1, 1, 0, 0, 1, 0, 0, 0, 1, 7511, 2);
INSERT INTO KMS_KEYPROFILE(ID, KEY_TYPE, NAME, DESCRIPTION, IND_MULTIPLE_KEY, LENGTH, KEY_ALGORITHM, KEY_ROLE, KEY_SOURCE, IND_DECRYPT, IND_DERIVE, IND_ENCRYPT, IND_EXTRACTABLE, IND_MODIFIABLE, IND_PERMANENT, IND_PRIVATE, IND_SENSITIVE, IND_SIGN, IND_UNWRAP, IND_VERIFY, IND_WRAP, ID_STORAGEKEYPROFILE, DFLT_CHAINING) VALUES(7720, 1, 'UDK_IDN', 'Unique Derived Key for ICC Dynamic Number', 1, 16, 2, 4, 1, 0, 1, 1, 1, 1, 0, 0, 1, 0, 1, 0, 1, 7511, 2);
INSERT INTO KMS_KEYPROFILE(ID, KEY_TYPE, NAME, DESCRIPTION, IND_MULTIPLE_KEY, LENGTH, KEY_ALGORITHM, KEY_ROLE, KEY_SOURCE, IND_DECRYPT, IND_DERIVE, IND_ENCRYPT, IND_EXTRACTABLE, IND_MODIFIABLE, IND_PERMANENT, IND_PRIVATE, IND_SENSITIVE, IND_SIGN, IND_UNWRAP, IND_VERIFY, IND_WRAP, ID_STORAGEKEYPROFILE, DFLT_CHAINING, NAME_GENERATOR) VALUES(8015, 1, 'TRASNPORT_KEY_PROFILE', 'TRASNPORT KEY PROFILE', 1, 16, 2, 3, 1, 1, 0, 1, 1, 1, 0, 0, 1, 0, 1, 0, 1, 7601, 2, 'defaultNameGenerator');
INSERT INTO KMS_KEYPROFILE(ID, NAME, DESCRIPTION, ID_KEYSETPROFILE, IND_MULTIPLE_KEY, LENGTH, KEY_TYPE, KEY_ALGORITHM, KEY_ROLE, KEY_SOURCE, IND_DECRYPT, IND_DERIVE, IND_ENCRYPT, IND_EXTRACTABLE, IND_MODIFIABLE, IND_PERMANENT, IND_PRIVATE, IND_SIGN, IND_UNWRAP, IND_VERIFY, IND_WRAP, ID_STORAGEKEYPROFILE, DFLT_CHAINING) VALUES(8006, 'MCHIP_IMK_AC', 'M/Chip Issuer Master Key for Application Cryptogram', 8002, 1, 16, 1, 2, 4, 3, 0, 1, 1, 1, 1, 0, 0, 0, 0, 0, 0, 7511, 2);
INSERT INTO KMS_KEYPROFILE(ID, NAME, DESCRIPTION, ID_KEYSETPROFILE, IND_MULTIPLE_KEY, LENGTH, KEY_TYPE, KEY_ALGORITHM, KEY_ROLE, KEY_SOURCE, IND_DECRYPT, IND_DERIVE, IND_ENCRYPT, IND_EXTRACTABLE, IND_MODIFIABLE, IND_PERMANENT, IND_PRIVATE, IND_SIGN, IND_UNWRAP, IND_VERIFY, IND_WRAP, ID_STORAGEKEYPROFILE, DFLT_CHAINING) VALUES(8007, 'MCHIP_IMK_SMI', 'M/Chip Issuer Master Key for Message Integrity', 8002, 1, 16, 1, 2, 4, 3, 0, 1, 1, 1, 1, 0, 0, 0, 0, 0, 0, 7511, 2);
INSERT INTO KMS_KEYPROFILE(ID, NAME, DESCRIPTION, ID_KEYSETPROFILE, IND_MULTIPLE_KEY, LENGTH, KEY_TYPE, KEY_ALGORITHM, KEY_ROLE, KEY_SOURCE, IND_DECRYPT, IND_DERIVE, IND_ENCRYPT, IND_EXTRACTABLE, IND_MODIFIABLE, IND_PERMANENT, IND_PRIVATE, IND_SIGN, IND_UNWRAP, IND_VERIFY, IND_WRAP, ID_STORAGEKEYPROFILE, DFLT_CHAINING) VALUES(8008, 'MCHIP_IMK_SMC', 'M/Chip Issuer Master Key for Message Confidentiality', 8002, 1, 16, 1, 2, 4, 3, 0, 1, 1, 1, 1, 0, 0, 0, 0, 0, 0, 7511, 2);
INSERT INTO KMS_KEYPROFILE(ID, NAME, DESCRIPTION, ID_KEYSETPROFILE, IND_MULTIPLE_KEY, LENGTH, KEY_TYPE, KEY_ALGORITHM, KEY_ROLE, KEY_SOURCE, IND_DECRYPT, IND_DERIVE, IND_ENCRYPT, IND_EXTRACTABLE, IND_MODIFIABLE, IND_PERMANENT, IND_PRIVATE, IND_SIGN, IND_UNWRAP, IND_VERIFY, IND_WRAP, ID_STORAGEKEYPROFILE, DFLT_CHAINING) VALUES(8009, 'MCHIP_IMK_IDN', 'M/Chip Issuer Master Key for Dynamic Number Generation', 8002, 1, 16, 1, 2, 4, 3, 0, 1, 1, 1, 1, 0, 0, 0, 0, 0, 0, 7511, 2);
INSERT INTO KMS_KEYPROFILE(ID, NAME, DESCRIPTION, ID_KEYSETPROFILE, IND_MULTIPLE_KEY, LENGTH, KEY_TYPE, KEY_ALGORITHM, KEY_ROLE, KEY_SOURCE, IND_DECRYPT, IND_ENCRYPT, IND_EXTRACTABLE, IND_MODIFIABLE, IND_PERMANENT, IND_PRIVATE, IND_SIGN, IND_SIGNRECOVER, IND_UNWRAP, ID_STORAGEKEYPROFILE, DFLT_CHAINING) VALUES(8010, 'MCHIP_ISS_PRIV', 'M/Chip Issuer Private Key', 8003, 1, 144, 2, 6, 4, 1, 0, 0, 1, 1, 0, 0, 1, 1, 0, 7511, 2);
INSERT INTO KMS_KEYPROFILE(ID, NAME, DESCRIPTION, ID_KEYSETPROFILE, IND_MULTIPLE_KEY, LENGTH, KEY_TYPE, KEY_ALGORITHM, KEY_ROLE, KEY_SOURCE, IND_DECRYPT, IND_ENCRYPT, IND_EXTRACTABLE, IND_MODIFIABLE, IND_PERMANENT, IND_PRIVATE, IND_SIGN, IND_SIGNRECOVER, IND_UNWRAP, ID_STORAGEKEYPROFILE, DFLT_CHAINING) VALUES(8013, 'MCHIP_ICC_PRIV', 'M/Chip_IC Card Private Key', 8004, 1, 144, 2, 6, 4, 1, 0, 0, 1, 1, 0, 0, 1, 1, 0, 7511, 2);
INSERT INTO KMS_KEYPROFILE(ID, NAME, DESCRIPTION, ID_KEYSETPROFILE, IND_MULTIPLE_KEY, LENGTH, KEY_TYPE, KEY_ALGORITHM, KEY_ROLE, KEY_SOURCE, IND_DECRYPT, IND_ENCRYPT, IND_EXTRACTABLE, IND_MODIFIABLE, IND_PERMANENT, IND_PRIVATE, IND_VERIFY, IND_VERIFYRECOVER, IND_WRAP, ID_SOURCEKEYPROFILE) VALUES(8012, 'MCHIP_ISS_CERT', 'M/Chip Issuer Certificate', 8003, 1, 144, 4, 6, 4, 3, 0, 0, 1, 1, 0, 0, 1, 1, 0, 8010);
INSERT INTO KMS_KEYPROFILE(ID, NAME, DESCRIPTION, ID_KEYSETPROFILE, IND_MULTIPLE_KEY, LENGTH, KEY_TYPE, KEY_ALGORITHM, KEY_ROLE, KEY_SOURCE, PUBLIC_EXPONENT, IND_DECRYPT, IND_ENCRYPT, IND_EXTRACTABLE, IND_MODIFIABLE, IND_PERMANENT, IND_PRIVATE, IND_VERIFY, IND_VERIFYRECOVER, IND_WRAP, ID_SOURCEKEYPROFILE) VALUES(8011, 'MCHIP_ISS_PUB', 'M/Chip Issuer Public Key', 8003, 1, 144, 3, 6, 4, 1, '3', 0, 0, 1, 1, 0, 0, 1, 1, 0, 8010);
INSERT INTO KMS_KEYPROFILE(ID, NAME, DESCRIPTION, ID_KEYSETPROFILE, IND_MULTIPLE_KEY, LENGTH, KEY_TYPE, KEY_ALGORITHM, KEY_ROLE, KEY_SOURCE, PUBLIC_EXPONENT, IND_DECRYPT, IND_ENCRYPT, IND_EXTRACTABLE, IND_MODIFIABLE, IND_PERMANENT, IND_PRIVATE, IND_VERIFY, IND_VERIFYRECOVER, IND_WRAP, ID_SOURCEKEYPROFILE) VALUES(8014, 'MCHIP_ICC_PUB', 'M/Chip_IC Card Public Key', 8004, 1, 144, 3, 6, 4, 1, '3', 0, 0, 1, 1, 0, 0, 1, 1, 0, 8013);
INSERT INTO KMS_KEYPROFILE(ID, NAME, DESCRIPTION, IND_MULTIPLE_KEY, LENGTH, KEY_TYPE, KEY_ALGORITHM, KEY_ROLE, KEY_SOURCE, PUBLIC_EXPONENT, IND_DECRYPT, IND_ENCRYPT, IND_EXTRACTABLE, IND_MODIFIABLE, IND_PERMANENT, IND_PRIVATE, IND_VERIFY, IND_VERIFYRECOVER, IND_WRAP) VALUES(8005, 'MCHIP_CA_PUB', 'M/Chip CA Public Key', 1, 144, 3, 6, 3, 3, '3', 0, 0, 1, 1, 0, 0, 1, 1, 0);

INSERT INTO KMS_IOSITE(ID, NAME, DESCRIPTION, ID_DFLT_EXCH_KEYPROFILE) VALUES(8000, 'MasterCard Bellid test CA', 'MasterCard Bellid test CA', 7601);
INSERT INTO KMS_IOSITE(ID, NAME, DESCRIPTION, ID_DFLT_EXCH_KEYPROFILE) VALUES(8001, 'Non existing perso bureau', 'Non existing perso bureau', 7601);
INSERT INTO KMS_IOSITE(ID, NAME, DESCRIPTION, ID_DFLT_EXCH_KEYPROFILE) VALUES(8002, 'MASTERCARD CA', 'Master Card CA', 8005);


INSERT INTO KMS_IOKEYSETPROFILE(ID, ID_EXCH_KEYPROFILE, ID_IOPROCEDURE, ID_IOSITE) VALUES(7600, 7601, 1013, 7500);
INSERT INTO KMS_IOKEYSETPROFILE(ID, ID_EXCH_KEYPROFILE, ID_IOPROCEDURE, ID_IOSITE) VALUES(8004, 7601, 1013, 8000);
INSERT INTO KMS_IOKEYSETPROFILE(ID, ID_EXCH_KEYPROFILE, ID_IOPROCEDURE, ID_IOSITE) VALUES(8005, 7601, 1111, 8000);
INSERT INTO KMS_IOKEYSETPROFILE(ID, ID_EXCH_KEYPROFILE, ID_IOPROCEDURE, ID_IOSITE) VALUES(8007, 8005, 1117, 8002);
INSERT INTO KMS_IOKEYSETPROFILE(ID, ID_IOPROCEDURE, ID_IOSITE) VALUES(7500, 1003, 7500);
INSERT INTO KMS_IOKEYSETPROFILE(ID, ID_IOPROCEDURE, ID_IOSITE) VALUES(8000, 1004, 8001);
INSERT INTO KMS_IOKEYSETPROFILE(ID, ID_IOPROCEDURE, ID_IOSITE) VALUES(8001, 1003, 8001);
INSERT INTO KMS_IOKEYSETPROFILE(ID, ID_IOPROCEDURE, ID_IOSITE) VALUES(8002, 1004, 8000);
INSERT INTO KMS_IOKEYSETPROFILE(ID, ID_IOPROCEDURE, ID_IOSITE) VALUES(8003, 1003, 8000);
INSERT INTO KMS_IOKEYSETPROFILE(ID, ID_IOPROCEDURE, ID_IOSITE) VALUES(8006, 1110, 8002);
INSERT INTO KMS_IOKEYSETPROFILE(ID, ID_IOPROCEDURE, ID_IOSITE) VALUES(8008, 1101, 8002);

INSERT INTO KMS_IOKEYPROFILE(ID, ID_IOKEYSETPROFILE, ID_KEYPROFILE) VALUES(7500, 7500, 7601);
INSERT INTO KMS_IOKEYPROFILE(ID, ID_IOKEYSETPROFILE, ID_KEYPROFILE) VALUES(8000, 8000, 7601);
INSERT INTO KMS_IOKEYPROFILE(ID, ID_IOKEYSETPROFILE, ID_KEYPROFILE) VALUES(8001, 8001, 7601);
INSERT INTO KMS_IOKEYPROFILE(ID, ID_IOKEYSETPROFILE, ID_KEYPROFILE) VALUES(8002, 8002, 7601);
INSERT INTO KMS_IOKEYPROFILE(ID, ID_IOKEYSETPROFILE, ID_KEYPROFILE) VALUES(8003, 8003, 7601);
INSERT INTO KMS_IOKEYPROFILE(ID, ID_IOKEYSETPROFILE, ID_KEYPROFILE) VALUES(8005, 8002, 8006);
INSERT INTO KMS_IOKEYPROFILE(ID, ID_IOKEYSETPROFILE, ID_KEYPROFILE) VALUES(8006, 8003, 8006);
INSERT INTO KMS_IOKEYPROFILE(ID, ID_IOKEYSETPROFILE, ID_KEYPROFILE) VALUES(8009, 8002, 8007);
INSERT INTO KMS_IOKEYPROFILE(ID, ID_IOKEYSETPROFILE, ID_KEYPROFILE) VALUES(8010, 8003, 8007);
INSERT INTO KMS_IOKEYPROFILE(ID, ID_IOKEYSETPROFILE, ID_KEYPROFILE) VALUES(8013, 8002, 8008);
INSERT INTO KMS_IOKEYPROFILE(ID, ID_IOKEYSETPROFILE, ID_KEYPROFILE) VALUES(8014, 8003, 8008);
INSERT INTO KMS_IOKEYPROFILE(ID, ID_IOKEYSETPROFILE, ID_KEYPROFILE) VALUES(8017, 8002, 8009);
INSERT INTO KMS_IOKEYPROFILE(ID, ID_IOKEYSETPROFILE, ID_KEYPROFILE) VALUES(8018, 8003, 8009);
INSERT INTO KMS_IOKEYPROFILE(ID, ID_IOKEYSETPROFILE, ID_KEYPROFILE) VALUES(8020, 8006, 8005);
INSERT INTO KMS_IOKEYPROFILE(ID, ID_IOKEYSETPROFILE, ID_KEYPROFILE) VALUES(8022, 8008, 8012);
INSERT INTO KMS_IOKEYPROFILE(ID, ID_IOKEYSETPROFILE, ID_KEYPROFILE, CHAINING) VALUES(8004, 8004, 8006, '2');
INSERT INTO KMS_IOKEYPROFILE(ID, ID_IOKEYSETPROFILE, ID_KEYPROFILE, CHAINING) VALUES(8007, 8005, 8006, '2');
INSERT INTO KMS_IOKEYPROFILE(ID, ID_IOKEYSETPROFILE, ID_KEYPROFILE, CHAINING) VALUES(8008, 8004, 8007, '2');
INSERT INTO KMS_IOKEYPROFILE(ID, ID_IOKEYSETPROFILE, ID_KEYPROFILE, CHAINING) VALUES(8011, 8005, 8007, '2');
INSERT INTO KMS_IOKEYPROFILE(ID, ID_IOKEYSETPROFILE, ID_KEYPROFILE, CHAINING) VALUES(8012, 8004, 8008, '2');
INSERT INTO KMS_IOKEYPROFILE(ID, ID_IOKEYSETPROFILE, ID_KEYPROFILE, CHAINING) VALUES(8015, 8005, 8008, '2');
INSERT INTO KMS_IOKEYPROFILE(ID, ID_IOKEYSETPROFILE, ID_KEYPROFILE, CHAINING) VALUES(8016, 8004, 8009, '2');
INSERT INTO KMS_IOKEYPROFILE(ID, ID_IOKEYSETPROFILE, ID_KEYPROFILE, CHAINING) VALUES(8019, 8005, 8009, '2');
INSERT INTO KMS_IOKEYPROFILE(ID, ID_IOKEYSETPROFILE, ID_KEYPROFILE, CHAINING) VALUES(8021, 8007, 8011, '2');
INSERT INTO KMS_IOKEYPROFILE(ID, ID_IOKEYSETPROFILE, ID_KEYPROFILE, EXTERNAL_NAME, CHAINING) VALUES(7501, 7600, 7602, 'CARTIER_KEK', '1');
INSERT INTO KMS_IOKEYPROFILE(ID, ID_IOKEYSETPROFILE, ID_KEYPROFILE, EXTERNAL_NAME, CHAINING) VALUES(7502, 7600, 7603, 'CARTIER_PEK', '1');

INSERT INTO KMS_KEYSET(ID, NAME, VERSION, DESCRIPTION, ID_KEYSETPROFILE, DT_INITIAL, ADDITIONAL_INFO) VALUES(8001, 'MCHIP_ISS_KEYSET', 10002, 'M/Chip Issuer Keyset for LDA PayPayss Lite 3.2', 8003, to_timestamp('2014-07-02 11:05:04.0', 'YYYY-MM-DD HH24:MI:SS.FF1'), '544444');

INSERT INTO KMS_KEY(ID, KEY_TYPE, NAME, VERSION, DESCRIPTION, LENGTH, KEY_ALGORITHM, KEY_ROLE, KEY_SOURCE, IND_DECRYPT, IND_DERIVE, IND_ENCRYPT, IND_EXTRACTABLE, IND_MODIFIABLE, IND_PERMANENT, IND_PRIVATE, IND_SIGN, IND_UNWRAP, IND_VERIFY, IND_WRAP, DT_INITIAL, ID_KEYPROFILE, CHAINING, KCV) VALUES(1160, 1, 'MSK_KMS', 1, 'Master Storage Key', 24, 2, 1, 1, 0, 0, 1, 1, 1, 1, 0, 0, 1, 0, 1, to_timestamp('2012-09-25 11:59:08.0', 'YYYY-MM-DD HH24:MI:SS.FF1'), 1000, '2', UTL_ENCODE.BASE64_DECODE(UTL_RAW.CAST_TO_RAW('eo0S')));
INSERT INTO KMS_KEY(ID, KEY_TYPE, NAME, VERSION, DESCRIPTION, VALUE, LENGTH, KEY_ALGORITHM, KEY_ROLE, KEY_SOURCE, IND_DECRYPT, IND_DERIVE, IND_ENCRYPT, IND_EXTRACTABLE, IND_MODIFIABLE, IND_PERMANENT, IND_PRIVATE, IND_SIGN, IND_UNWRAP, IND_VERIFY, IND_WRAP, DT_INITIAL, ID_KEYPROFILE, ID_STORAGEKEY, CHAINING, KCV) VALUES(1241, 1, 'BELLID_KEK', 42, 'Key Encryption Key for Bell ID internal working keys', UTL_ENCODE.BASE64_DECODE(UTL_RAW.CAST_TO_RAW('AGjEwKT6ScP4Bq903EC/dh8XMcn8rEfy')), 24, 2, 2, 1, 1, 0, 1, 1, 0, 0, 0, 0, 1, 0, 1, to_timestamp('2012-09-25 16:52:52.0', 'YYYY-MM-DD HH24:MI:SS.FF1'), 7511, 1160, '2', UTL_ENCODE.BASE64_DECODE(UTL_RAW.CAST_TO_RAW('0LD9')));
INSERT INTO KMS_KEY(ID, KEY_TYPE, NAME, VERSION, DESCRIPTION, VALUE, LENGTH, KEY_ALGORITHM, KEY_ROLE, KEY_SOURCE, IND_DECRYPT, IND_DERIVE, IND_ENCRYPT, IND_EXTRACTABLE, IND_MODIFIABLE, IND_PERMANENT, IND_PRIVATE, IND_SIGN, IND_UNWRAP, IND_VERIFY, IND_WRAP, DT_INITIAL, ID_KEYPROFILE, ID_STORAGEKEY, CHAINING, KCV) VALUES(1244, 1, 'THIRDPARTY_KEK', 5, 'THIRDPARTY Key Encryption Key', UTL_ENCODE.BASE64_DECODE(UTL_RAW.CAST_TO_RAW('Q/N2HyNR5TjvVG0Yfk1eY7IXcy1QeAhI')), 24, 2, 2, 1, 0, 0, 1, 1, 0, 0, 0, 0, 1, 0, 1, to_timestamp('2012-09-25 16:53:30.0', 'YYYY-MM-DD HH24:MI:SS.FF1'), 7600, 1160, '2', UTL_ENCODE.BASE64_DECODE(UTL_RAW.CAST_TO_RAW('42iX')));
INSERT INTO KMS_KEY(ID, KEY_TYPE, NAME, VERSION, DESCRIPTION, VALUE, KEY_INDEX, LENGTH, KEY_ALGORITHM, KEY_ROLE, KEY_SOURCE, IND_DECRYPT, IND_DERIVE, IND_ENCRYPT, IND_EXTRACTABLE, IND_MODIFIABLE, IND_PERMANENT, IND_PRIVATE, IND_SENSITIVE, IND_SIGN, IND_UNWRAP, IND_VERIFY, IND_WRAP, DT_INITIAL, DT_ACTIVATION, ID_KEYPROFILE, ID_STORAGEKEY, CHAINING, KCV) VALUES(1245, 1, 'PERSO_TK', 6, 'Encrypts card keys within DGIs - remane to CARTIER_KEK', UTL_ENCODE.BASE64_DECODE(UTL_RAW.CAST_TO_RAW('j4AhPACSSib7UbLdM8kBvw==')), '2012', 16, 2, 4, 3, 0, 0, 1, 1, 1, 0, 0, 1, 0, 1, 0, 1, to_timestamp('2012-09-25 16:53:48.0', 'YYYY-MM-DD HH24:MI:SS.FF1'), to_timestamp('2012-09-25 17:53:00.0', 'YYYY-MM-DD HH24:MI:SS.FF1'), 7602, 1244, '2', UTL_ENCODE.BASE64_DECODE(UTL_RAW.CAST_TO_RAW('WSHC')));
INSERT INTO KMS_KEY(ID, KEY_TYPE, NAME, VERSION, DESCRIPTION, VALUE, KEY_INDEX, LENGTH, KEY_ALGORITHM, KEY_ROLE, KEY_SOURCE, IND_DECRYPT, IND_DERIVE, IND_ENCRYPT, IND_EXTRACTABLE, IND_MODIFIABLE, IND_PERMANENT, IND_PRIVATE, IND_SENSITIVE, IND_SIGN, IND_UNWRAP, IND_VERIFY, IND_WRAP, DT_INITIAL, DT_ACTIVATION, ID_KEYPROFILE, ID_STORAGEKEY, CHAINING, KCV) VALUES(1246, 1, 'PERSO_PIN', 7, 'Encrypts PIN within DGIs - remane to CARTIER_PEK', UTL_ENCODE.BASE64_DECODE(UTL_RAW.CAST_TO_RAW('ANdjj5o280NtzyfHKXIN7w==')), '2012', 16, 2, 4, 3, 1, 0, 1, 1, 1, 0, 0, 1, 0, 1, 0, 1, to_timestamp('2012-09-25 16:54:47.0', 'YYYY-MM-DD HH24:MI:SS.FF1'), to_timestamp('2012-09-25 17:54:00.0', 'YYYY-MM-DD HH24:MI:SS.FF1'), 7603, 1244, '2', UTL_ENCODE.BASE64_DECODE(UTL_RAW.CAST_TO_RAW('HB8D')));
INSERT INTO KMS_KEY(ID, NAME, VERSION, DESCRIPTION, VALUE, KEY_INDEX, LENGTH, KEY_TYPE, KEY_ALGORITHM, KEY_ROLE, KEY_SOURCE, IND_DECRYPT, IND_DERIVE, IND_ENCRYPT, IND_EXTRACTABLE, IND_MODIFIABLE, IND_PERMANENT, IND_PRIVATE, IND_SENSITIVE, IND_SIGN, IND_UNWRAP, IND_VERIFY, IND_WRAP, DT_INITIAL, DT_ACTIVATION, ID_KEYPROFILE, ID_STORAGEKEY, CHAINING, KCV) VALUES(1002, 'BELL_ID_ZMK', 10001, 'Bell ID ZMK', UTL_ENCODE.BASE64_DECODE(UTL_RAW.CAST_TO_RAW('Pusr6mn+ZtzCaCL2wDXCIw==')), '', 16, 1, 2, 3, 3, 0, 0, 1, 1, 1, 0, 0, 1, 0, 1, 0, 1, to_timestamp('2013-07-18 17:35:01.0', 'YYYY-MM-DD HH24:MI:SS.FF1'), to_timestamp('2013-07-18 18:35:00.0', 'YYYY-MM-DD HH24:MI:SS.FF1'), 7601, 1160, '2', UTL_ENCODE.BASE64_DECODE(UTL_RAW.CAST_TO_RAW('YDI2')));
INSERT INTO KMS_KEY(ID, NAME, VERSION, DESCRIPTION, VALUE, KEY_INDEX, LENGTH, KEY_TYPE, KEY_ALGORITHM, KEY_ROLE, KEY_SOURCE, IND_DECRYPT, IND_DERIVE, IND_ENCRYPT, IND_EXTRACTABLE, IND_MODIFIABLE, IND_PERMANENT, IND_PRIVATE, IND_SENSITIVE, IND_SIGN, IND_UNWRAP, IND_VERIFY, IND_WRAP, DT_INITIAL, ID_KEYPROFILE, ID_STORAGEKEY, CHAINING, KCV, IE_COMPONENTS) VALUES(1003, 'ENC_PAN_KEY', 10000, 'Encrypt PAN Parameter Key (Bell ID internal)', UTL_ENCODE.BASE64_DECODE(UTL_RAW.CAST_TO_RAW('ir2TghyBPCGn0ef9YpU1Jw==')), '', 16, 1, 2, 4, 1, 1, 0, 1, 1, 1, 0, 0, 1, 0, 0, 0, 0, to_timestamp('2013-07-23 20:05:27.0', 'YYYY-MM-DD HH24:MI:SS.FF1'), 7514, 1241, '2', UTL_ENCODE.BASE64_DECODE(UTL_RAW.CAST_TO_RAW('0Jwk')), UTL_ENCODE.BASE64_DECODE(UTL_RAW.CAST_TO_RAW('MAkCAQEKAQICAQA=')));
INSERT INTO KMS_KEY(ID, NAME, VERSION, DESCRIPTION, VALUE, KEY_INDEX, LENGTH, KEY_TYPE, KEY_ALGORITHM, KEY_ROLE, KEY_SOURCE, IND_DECRYPT, IND_DERIVE, IND_ENCRYPT, IND_EXTRACTABLE, IND_MODIFIABLE, IND_PERMANENT, IND_PRIVATE, IND_SENSITIVE, IND_SIGN, IND_UNWRAP, IND_VERIFY, IND_WRAP, DT_INITIAL, ID_KEYPROFILE, ID_STORAGEKEY, CHAINING, KCV, IE_COMPONENTS) VALUES(1004, 'ENC_PIN_KEY', 10000, 'Encrypt PIN Parameter Key (Bell ID internal)', UTL_ENCODE.BASE64_DECODE(UTL_RAW.CAST_TO_RAW('ir2TghyBPCGn0ef9YpU1Jw==')), '', 16, 1, 2, 4, 1, 1, 0, 1, 1, 1, 0, 0, 1, 0, 0, 0, 0, to_timestamp('2013-07-23 20:05:27.0', 'YYYY-MM-DD HH24:MI:SS.FF1'), 7515, 1241, '2', UTL_ENCODE.BASE64_DECODE(UTL_RAW.CAST_TO_RAW('0Jwk')), UTL_ENCODE.BASE64_DECODE(UTL_RAW.CAST_TO_RAW('MAkCAQEKAQICAQA=')));
INSERT INTO KMS_KEY(ID, KEY_TYPE, NAME, VERSION, DESCRIPTION, VALUE, KEY_INDEX, LENGTH, KEY_ALGORITHM, KEY_ROLE, KEY_SOURCE, IND_DECRYPT, IND_DERIVE, IND_ENCRYPT, IND_EXTRACTABLE, IND_MODIFIABLE, IND_PERMANENT, IND_PRIVATE, IND_SENSITIVE, IND_SIGN, IND_UNWRAP, IND_VERIFY, IND_WRAP, DT_INITIAL, DT_ACTIVATION, ID_KEYPROFILE, ID_STORAGEKEY, CHAINING, KCV, ADDITIONAL_INFO) VALUES(1005, 1, 'PERSO_TK', 8, 'Encrypts card keys within DGIs - remane to CARTIER_KEK', UTL_ENCODE.BASE64_DECODE(UTL_RAW.CAST_TO_RAW('j4AhPACSSib7UbLdM8kBvw==')), '2012', 16, 2, 4, 3, 0, 0, 1, 1, 1, 0, 0, 1, 0, 1, 0, 1, to_timestamp('2012-09-25 16:53:48.0', 'YYYY-MM-DD HH24:MI:SS.FF1'), to_timestamp('2012-09-25 17:53:00.0', 'YYYY-MM-DD HH24:MI:SS.FF1'), 7602, 1244, '2', UTL_ENCODE.BASE64_DECODE(UTL_RAW.CAST_TO_RAW('WSHC')), 'OB');
INSERT INTO KMS_KEY(ID, NAME, VERSION, DESCRIPTION, VALUE, KEY_INDEX, LENGTH, KEY_TYPE, KEY_ALGORITHM, KEY_ROLE, KEY_SOURCE, IND_DECRYPT, IND_DERIVE, IND_ENCRYPT, IND_EXTRACTABLE, IND_MODIFIABLE, IND_PERMANENT, IND_PRIVATE, IND_SENSITIVE, IND_SIGN, IND_UNWRAP, IND_VERIFY, IND_WRAP, DT_INITIAL, DT_ACTIVATION, ID_KEYPROFILE, ID_STORAGEKEY, CHAINING, KCV, ADDITIONAL_INFO) VALUES(1008, 'BELL_ID_ZMK', 10009, 'Bell ID ZMK', UTL_ENCODE.BASE64_DECODE(UTL_RAW.CAST_TO_RAW('3fX3vzhc8X8TMb+L5/0kUg==')), '', 16, 1, 2, 3, 3, 0, 0, 1, 1, 1, 0, 0, 1, 0, 1, 0, 1, to_timestamp('2013-07-18 17:35:01.0', 'YYYY-MM-DD HH24:MI:SS.FF1'), to_timestamp('2013-07-18 18:35:00.0', 'YYYY-MM-DD HH24:MI:SS.FF1'), 7601, 1160, '2', UTL_ENCODE.BASE64_DECODE(UTL_RAW.CAST_TO_RAW('i69H')), 'ABN.TEST.TSMNZKEK.KEK.01');
INSERT INTO KMS_KEY(ID, NAME, VERSION, DESCRIPTION, ID_KEYSET, VALUE, ADDITIONAL_INFO, KEY_INDEX, LENGTH, KEY_TYPE, KEY_ALGORITHM, KEY_ROLE, KEY_SOURCE, IND_DECRYPT, IND_ENCRYPT, IND_EXTRACTABLE, IND_MODIFIABLE, IND_PERMANENT, IND_PRIVATE, IND_VERIFY, IND_VERIFYRECOVER, IND_WRAP, DT_INITIAL, DT_ACTIVATION, DT_DEACTIVATION, ID_KEYPROFILE) VALUES(8003, 'MCHIP_ISS_CERT', 10002, 'M/Chip Issuer Certificate', 8001, UTL_ENCODE.BASE64_DECODE(UTL_RAW.CAST_TO_RAW('17PXyEVxOBPDgU/y9JAUGmJFWrwDGRiC1DA2+pCP5xuRDlU2XLlBpNBBMJN8prGBBUf/ERnxSteW2jbWoqTcA8Li6r0Z+YP/aaX/lOXqMsAFOEaiCCNfU7bTzGel1Z8SNGnQ7SGBwzyKw3m64SIArWhbre+c8UG8FlbwZo0YnmvyMJoj5bvNslCUdHJhog1KDoRCqA0h5sNq4MQ2jARxryGvuTandlE/uLMvn3Obvek=')), '544444', 'F1', 144, 4, 6, 4, 3, 0, 0, 1, 1, 0, 0, 1, 1, 0, to_timestamp('2014-07-02 11:05:04.0', 'YYYY-MM-DD HH24:MI:SS.FF1'), to_timestamp('2014-07-02 13:29:37.0', 'YYYY-MM-DD HH24:MI:SS.FF1'), to_timestamp('2049-12-31 23:59:59.0', 'YYYY-MM-DD HH24:MI:SS.FF1'), 8012);
INSERT INTO KMS_KEY(ID, NAME, VERSION, DESCRIPTION, ID_KEYSET, VALUE, ADDITIONAL_INFO, LENGTH, KEY_TYPE, KEY_ALGORITHM, KEY_ROLE, KEY_SOURCE, IND_DECRYPT, IND_ENCRYPT, IND_EXTRACTABLE, IND_MODIFIABLE, IND_PERMANENT, IND_PRIVATE, IND_SIGN, IND_SIGNRECOVER, IND_UNWRAP, DT_INITIAL, ID_KEYPROFILE, ID_STORAGEKEY, CHAINING) VALUES(8004, 'MCHIP_ISS_PRIV', 10002, 'M/Chip Issuer Private Key', 8001, UTL_ENCODE.BASE64_DECODE(UTL_RAW.CAST_TO_RAW('6Kf8oSmg2lcoaFPk2W9GKxwsRGPyHzS9GXbbvTNqHm6Y4aKObyLyaLjjT8SU3wYc8zLjQ8VKTrNuOm0+AMr/iyywn3mZ5X0BY2bc1KyyQzwlvOnwdE3rSCBbLZ2CwQDtVGROkSs8C+V+e+6ftAUhPVIDayOonxNgCgczrQ2+nWWptkB2fiXAQnAuMyzbuQJa90elL4n+7hiQZrkBucwtfoc7r9oI0kIMrXBuTWTD/ScwW3OY7QYVootwQfzSUQ+DoLrUMuFmkoNo6VS3mVlsIRvWjhVVy5KU1IVD1jiJwd+rfkQkS5QaUv5hsYNXuG1u61oPWcUVv3fzymdFFvD9o6ZhqHyaltu4+R8ecGJ6PY0g6JfoKWNDaI088sV8cCeTwYTVv7rXcJdk3aHUpRZPnk5PlZ3e1CgG2XU3oYuvj39L4DieApbtaE/N/e+IaujWyIPbWDxG3LJPSmwckjxwD5ThyLcGtx7IK+Di+xZRYGCfs5tUqhLOKx3uSuAJ6hL8YvrMdbP9umSicInA7k99u1heAy95qhf9yS4M68FYy3SU2p0d/MJcPh6OEIJhAyrU2lXFksxCAGEtAQrSMjWO0V7ycRcGTkKVg6ul2JeTQQx724POwuVIq5ZaIxwLENon/fTlEWM06RLUgDOZsNFI3KsZF2MGqoZF04xGp+VmRuCnk3ffznaVuUuEYd+IrntCeHFcYKJ/lFksoaW5faKJ7h/ABvh0r8i600NSbwmmP3pgNfuGxGZME4wG1+yTnbg4Z6DczHD+PoG8nyMaXQ5CuKmfKZX44DplFaCKbIaE/5Fg+gdgYG4uHFShoqh8Svz52gcr89S/P5BGgizIJyYMmGRkDkzk10mFN6Xn7l309/WvzF12bgS7vidorAlw7xRL2ujblXTFTbKvtyH2FCb6ko35HnZVbFLV9xBv1ciwB7EyolJGDhh5zPx5bVLl0X1u')), '544444', 144, 2, 6, 4, 1, 0, 0, 1, 1, 0, 0, 1, 1, 0, to_timestamp('2014-07-02 11:05:04.0', 'YYYY-MM-DD HH24:MI:SS.FF1'), 8010, 1241, '2');
INSERT INTO KMS_KEY(ID, NAME, VERSION, DESCRIPTION, ID_KEYSET, VALUE, ADDITIONAL_INFO, LENGTH, KEY_TYPE, KEY_ALGORITHM, KEY_ROLE, KEY_SOURCE, IND_DECRYPT, IND_ENCRYPT, IND_EXTRACTABLE, IND_MODIFIABLE, IND_PERMANENT, IND_PRIVATE, IND_VERIFY, IND_VERIFYRECOVER, IND_WRAP, DT_INITIAL, ID_KEYPROFILE) VALUES(8005, 'MCHIP_ISS_PUB', 10002, 'M/Chip Issuer Public Key', 8001, UTL_ENCODE.BASE64_DECODE(UTL_RAW.CAST_TO_RAW('MIGXAoGRAMRONxBk0No2iuMMw/uNLCZfeFBwk+avBPebiN2ghzGZx00dSJq0exsgXiW9SJ2HMM6ElLFgfJf6chkIk3BnNJ5ToIc4DSs+hlNKatFPxDMrzl3KevbyDLNW98lD7r5Je5PnRfAT0bJ6sHQCKbRYe5TkzkBp9kxBoU3wA+UmWNN0q4LEGdJ4KuNgPHsWUvHIjwIBAw==')), '544444', 144, 3, 6, 4, 1, 0, 0, 1, 1, 0, 0, 1, 1, 0, to_timestamp('2014-07-02 11:05:04.0', 'YYYY-MM-DD HH24:MI:SS.FF1'), 8011);
INSERT INTO KMS_KEY(ID, NAME, VERSION, DESCRIPTION, VALUE, ADDITIONAL_INFO, KEY_INDEX, LENGTH, KEY_TYPE, KEY_ALGORITHM, KEY_ROLE, KEY_SOURCE, IND_DECRYPT, IND_ENCRYPT, IND_EXTRACTABLE, IND_MODIFIABLE, IND_PERMANENT, IND_PRIVATE, IND_VERIFY, IND_VERIFYRECOVER, IND_WRAP, DT_INITIAL, DT_ACTIVATION, DT_DEACTIVATION, ID_KEYPROFILE) VALUES(8006, 'MCHIP_CA_PUB', 10003, 'M/Chip CA Public Key', UTL_ENCODE.BASE64_DECODE(UTL_RAW.CAST_TO_RAW('MIG3AoGxAOF6tuM8f+4DpL8v20diqnU7urGztgpQRlKRVVEA9ih06eeaCsG8PhTxnLqnYSiwYwnmtg9t3g2XuvsL8z0fOZ7ot5ExCFPv7ij0WH3p+Opy97JwFGT0L1J1bEtCIs1MZR7FfcxL8ai9NyjAldscEqUUUhkq/xepcD56yKnosBoJEJ/p1CZ6bWxUTPrYe7SbmAXcxsIdbcam+TX3i0F+gVhQ8gTvuQOwl6QzGDy3rNu7AgED')), 'A000000004', 'F1', 144, 3, 6, 3, 3, 0, 0, 1, 1, 0, 0, 1, 1, 0, to_timestamp('2014-07-02 13:23:42.0', 'YYYY-MM-DD HH24:MI:SS.FF1'), to_timestamp('2014-07-02 13:29:00.0', 'YYYY-MM-DD HH24:MI:SS.FF1'), to_timestamp('2022-12-31 23:59:59.0', 'YYYY-MM-DD HH24:MI:SS.FF1'), 8005);




