/*
 * Copyright (c) 2009 Bell ID B.V.
 *
 * $URL: http://svn.bellid.com/svn/andis/modules/finance/trunk/fin-database/src/main/scripts/oracle9i/create/solution_insert.sql $
 * $Revision: 52486 $
 * $Date: 2012-06-07 08:19:53 +0200 (do, 07 jun 2012) $
 * $Author: n.mirzadeh $
*/
--===================================================================================
--
--Description     : Script to insert mobile solution specific conguration data for Release 6 database
--                  This script will overwrite the place holder held in cmn-database as part of the solution assembly.
--===================================================================================


INSERT INTO CMN_ACTION(ID, NAME, DESCRIPTION)  VALUES(3100, 'process.RemoteManagementConfigPage', 'Allows configuration of Remote Management');
INSERT INTO CMN_ACTION(ID, NAME, DESCRIPTION)  VALUES(3101, 'process.GcmConfigPage', 'Allows configuration of Google Cloud Messaging');
INSERT INTO CMN_ACTION(ID, NAME, DESCRIPTION)  VALUES(3102, 'process.AddonFileEditPage', 'Allows configuration of Addon File Edit Page');
INSERT INTO CMN_ACTION(ID, NAME, DESCRIPTION)  VALUES(3103, 'process.ScheduledJobEditPage', 'Allows configuration of Job Schedular Page');
INSERT INTO CMN_ACTION(ID, NAME, DESCRIPTION)  VALUES(3104, 'process.UserInterfaceConfigurationPage', 'Allows configuration of User Interface Configuration Page');
INSERT INTO CMN_ACTION(ID, NAME, DESCRIPTION)  VALUES(3105, 'process.EmvTemplatesOverviewPage', 'Allows configuration of Emv Templates Page');
INSERT INTO CMN_ACTION(ID, NAME, DESCRIPTION)  VALUES(3106, 'process.NotificationConfigurationPage', 'Allows configuration of Notification Configuration Page');
INSERT INTO CMN_ACTION(ID, NAME, DESCRIPTION)  VALUES(3107, 'process.AddonFileOverviewPage', 'Allows configuration of AddonFile Page');
INSERT INTO CMN_ACTION(ID, NAME, DESCRIPTION)  VALUES(3108, 'process.ScheduledJobsOverviewPage', 'Allows configuration of Jobs Page                    ');
INSERT INTO CMN_ACTION(ID, NAME, DESCRIPTION)  VALUES(3109, 'process.DataportListenersPage', 'Allows configuration of Dataport Listeners Page      ');
INSERT INTO CMN_ACTION(ID, NAME, DESCRIPTION)  VALUES(3110, 'process.LifecyclePage', 'Allows configuration of Lifecycle Page               ');
INSERT INTO CMN_ACTION(ID, NAME, DESCRIPTION)  VALUES(3111, 'process.LifecycleEditPage', 'Allows configuration of Lifecycle Page               ');
INSERT INTO CMN_ACTION(ID, NAME, DESCRIPTION)  VALUES(3112, 'process.ManageLanguages', 'Allows configuration of ManageLanguages Page         ');
INSERT INTO CMN_ACTION(ID, NAME, DESCRIPTION)  VALUES(3113, 'process.ManageTranslations', 'Allows configuration of ManageTranslations Page      ');
INSERT INTO CMN_ACTION(ID, NAME, DESCRIPTION)  VALUES(3114, 'process.DataportDocumentsOverviewPage', 'Allows configuration of DataportDocumentsOverviewPage');



INSERT INTO CMN_ACTION(ID, NAME, DESCRIPTION)  VALUES(3120, 'entity.SeitcCard.C', 'Allows SeitcCard Creation');
INSERT INTO CMN_ACTION(ID, NAME, DESCRIPTION)  VALUES(3121, 'entity.SeitcCard.U', 'Allows SeitcCard Update');
INSERT INTO CMN_ACTION(ID, NAME, DESCRIPTION)  VALUES(3122, 'entity.SeitcCard.D', 'Allows SeitcCard Deleting');

INSERT INTO CMN_ACTION(ID, NAME, DESCRIPTION)  VALUES(3123, 'entity.WalletOwner.C', 'Allows WalletOwner Creation');
INSERT INTO CMN_ACTION(ID, NAME, DESCRIPTION)  VALUES(3124, 'entity.WalletOwner.U', 'Allows WalletOwner Update');
INSERT INTO CMN_ACTION(ID, NAME, DESCRIPTION)  VALUES(3125, 'entity.WalletOwner.D', 'Allows WalletOwner Deleting');

INSERT INTO CMN_ACTION(ID, NAME, DESCRIPTION)  VALUES(3126, 'entity.SeitcCardType.C', 'Allows SeitcCardType Creation');
INSERT INTO CMN_ACTION(ID, NAME, DESCRIPTION)  VALUES(3127, 'entity.SeitcCardType.U', 'Allows SeitcCardType Update');
INSERT INTO CMN_ACTION(ID, NAME, DESCRIPTION)  VALUES(3128, 'entity.SeitcCardType.D', 'Allows SeitcCardType Deleting');

INSERT INTO CMN_ACTION(ID, NAME, DESCRIPTION)  VALUES(3129, 'entity.CardholderType.C', 'Allows CardholderType Creation');
INSERT INTO CMN_ACTION(ID, NAME, DESCRIPTION)  VALUES(3131, 'entity.CardholderType.U', 'Allows CardholderType Update');
INSERT INTO CMN_ACTION(ID, NAME, DESCRIPTION)  VALUES(3132, 'entity.CardholderType.D', 'Allows CardholderType Deleting');

INSERT INTO CMN_ROLE(ID, NAME, DESCRIPTION, SECURITY_RANK)  VALUES(3101, 'SeitcAdmin', 'Seitc Administrator', '5');

INSERT INTO CMN_GROUP(ID, NAME, DESCRIPTION, DT_CREATED)  VALUES(3102, 'SeitcAdmin', 'Seitc Administrator', TO_DATE('2013-02-11 13:15:17','YYYY-MM-DD HH24:MI:SS'));

INSERT INTO CMN_USER(ID, USERNAME, ID_SOURCE, ID_LANGUAGE, DT_CREATED, FIRST_NAMES, LAST_NAME, DESCRIPTION, PASSWORD, IND_PWD_NEVER_EXPIRES, IND_CHANGE_PWD_ONLOGIN, NBR_FAILED_ATTEMPTS)  VALUES(3101, 'SeitcAdmin', 0, 1, TO_DATE('2013-02-11 13:15:17','YYYY-MM-DD HH24:MI:SS'), 'Seitc', 'Admin', 'Seitc Administrator', 'seitc', 1, 0, 0);
INSERT INTO CMN_USER(ID, USERNAME, ID_SOURCE, ID_LANGUAGE, DT_CREATED, FIRST_NAMES, LAST_NAME, DESCRIPTION, PASSWORD, IND_PWD_NEVER_EXPIRES, IND_CHANGE_PWD_ONLOGIN, NBR_FAILED_ATTEMPTS)  VALUES(3102, 'SeitcOperator', 0, 1, TO_DATE('2013-02-11 13:15:17','YYYY-MM-DD HH24:MI:SS'), 'Seitc', 'Operator', 'Seitc Operator', 'seitc', 1, 0, 0);

INSERT INTO CMN_X_ACTION_IN_ROLE(ID_ACTION, ID_ROLE) VALUES(3100, 3101);
INSERT INTO CMN_X_ACTION_IN_ROLE(ID_ACTION, ID_ROLE) VALUES(3101, 3101);
INSERT INTO CMN_X_ACTION_IN_ROLE(ID_ACTION, ID_ROLE) VALUES(3102, 3101);
INSERT INTO CMN_X_ACTION_IN_ROLE(ID_ACTION, ID_ROLE) VALUES(3103, 3101);
INSERT INTO CMN_X_ACTION_IN_ROLE(ID_ACTION, ID_ROLE) VALUES(3104, 3101);
INSERT INTO CMN_X_ACTION_IN_ROLE(ID_ACTION, ID_ROLE) VALUES(3105, 3101);
INSERT INTO CMN_X_ACTION_IN_ROLE(ID_ACTION, ID_ROLE) VALUES(3106, 3101);
INSERT INTO CMN_X_ACTION_IN_ROLE(ID_ACTION, ID_ROLE) VALUES(3107, 3101);
INSERT INTO CMN_X_ACTION_IN_ROLE(ID_ACTION, ID_ROLE) VALUES(3108, 3101);
INSERT INTO CMN_X_ACTION_IN_ROLE(ID_ACTION, ID_ROLE) VALUES(3109, 3101);
INSERT INTO CMN_X_ACTION_IN_ROLE(ID_ACTION, ID_ROLE) VALUES(3110, 3101);
INSERT INTO CMN_X_ACTION_IN_ROLE(ID_ACTION, ID_ROLE) VALUES(3111, 3101);
INSERT INTO CMN_X_ACTION_IN_ROLE(ID_ACTION, ID_ROLE) VALUES(3112, 3101);
INSERT INTO CMN_X_ACTION_IN_ROLE(ID_ACTION, ID_ROLE) VALUES(3113, 3101);
INSERT INTO CMN_X_ACTION_IN_ROLE(ID_ACTION, ID_ROLE) VALUES(3114, 3101);
INSERT INTO CMN_X_ACTION_IN_ROLE(ID_ACTION, ID_ROLE) VALUES(3120, 3101);
INSERT INTO CMN_X_ACTION_IN_ROLE(ID_ACTION, ID_ROLE) VALUES(3121, 3101);
INSERT INTO CMN_X_ACTION_IN_ROLE(ID_ACTION, ID_ROLE) VALUES(3122, 3101);
INSERT INTO CMN_X_ACTION_IN_ROLE(ID_ACTION, ID_ROLE) VALUES(3123, 3101);
INSERT INTO CMN_X_ACTION_IN_ROLE(ID_ACTION, ID_ROLE) VALUES(3124, 3101);
INSERT INTO CMN_X_ACTION_IN_ROLE(ID_ACTION, ID_ROLE) VALUES(3125, 3101);
INSERT INTO CMN_X_ACTION_IN_ROLE(ID_ACTION, ID_ROLE) VALUES(3126, 3101);
INSERT INTO CMN_X_ACTION_IN_ROLE(ID_ACTION, ID_ROLE) VALUES(3127, 3101);
INSERT INTO CMN_X_ACTION_IN_ROLE(ID_ACTION, ID_ROLE) VALUES(3128, 3101);
INSERT INTO CMN_X_ACTION_IN_ROLE(ID_ACTION, ID_ROLE) VALUES(3129, 3101);
INSERT INTO CMN_X_ACTION_IN_ROLE(ID_ACTION, ID_ROLE) VALUES(3131, 3101);
INSERT INTO CMN_X_ACTION_IN_ROLE(ID_ACTION, ID_ROLE) VALUES(3132, 3101);

INSERT INTO CMN_X_GROUP_IN_ROLE(ID_GROUP, ID_ROLE) VALUES(3102, 3101);

INSERT INTO CMN_X_USER_IN_GROUP(ID_USER, ID_GROUP) VALUES(3101, 3102);

INSERT INTO CMN_X_USER_IN_METHOD(ID_USER, ID_METHOD) VALUES(3101, 0);
INSERT INTO CMN_X_USER_IN_METHOD(ID_USER, ID_METHOD) VALUES(3102, 0);

INSERT INTO CAMS_C_LIFECYCLE(ID, NAME, ID_TYPE_LIFECYCLE)  VALUES(7001, 'Card/App In The Cloud Lifecycle', 2);
INSERT INTO CAMS_C_LIFECYCLE(ID, NAME, ID_TYPE_LIFECYCLE)  VALUES(7002, 'SEITC Wallet Lifecycle', 4);
INSERT INTO CAMS_C_LIFECYCLE(ID, NAME, ID_TYPE_LIFECYCLE)  VALUES(7003, 'Import Lifecycle', 2);

INSERT INTO CAMS_C_EVENT(ID, NAME, DESCRIPTION, CODE_EVENT_BIT, IND_READONLY)  VALUES(7000, 'REPUSH', 'Repush', 127, 1);
INSERT INTO CAMS_C_EVENT(ID, NAME, DESCRIPTION, CODE_EVENT_BIT, IND_READONLY)  VALUES(7001, 'PRV_FAIL', 'Prv_fail', 127, 1);
INSERT INTO CAMS_C_EVENT(ID, NAME, DESCRIPTION, CODE_EVENT_BIT, IND_READONLY)  VALUES(7002, 'SUSP_ACC', 'Suspen account', 127, 1);
INSERT INTO CAMS_C_EVENT(ID, NAME, DESCRIPTION, CODE_EVENT_BIT, IND_READONLY)  VALUES(7003, 'ACTIV_ACC', 'Activate account', 127, 1);
INSERT INTO CAMS_C_EVENT(ID, NAME, DESCRIPTION, CODE_EVENT_BIT, IND_READONLY)  VALUES(7004, 'TERM_ACC', 'Terminate account', 127, 1);
INSERT INTO CAMS_C_EVENT(ID, NAME, DESCRIPTION, CODE_EVENT_BIT, IND_READONLY)  VALUES(7005, 'WIPE', 'Wipe', 127, 1);
INSERT INTO CAMS_C_EVENT(ID, NAME, DESCRIPTION, CODE_EVENT_BIT, IND_READONLY)  VALUES(7006, 'CHNGNUMBER', 'Change number', 127, 1);
INSERT INTO CAMS_C_EVENT(ID, NAME, DESCRIPTION, CODE_EVENT_BIT, IND_READONLY)  VALUES(7007, 'CHNGDEVICE', 'Change device', 127, 1);
INSERT INTO CAMS_C_EVENT(ID, NAME, DESCRIPTION, CODE_EVENT_BIT, IND_READONLY)  VALUES(7008, 'REACTIVATE', 'Reactivate', 127, 1);
INSERT INTO CAMS_C_EVENT(ID, NAME, DESCRIPTION, CODE_EVENT_BIT, IND_READONLY)  VALUES(7009, 'INST_FAIL', 'Installation failed', 127, 1);
INSERT INTO CAMS_C_EVENT(ID, NAME, DESCRIPTION, CODE_EVENT_BIT, IND_READONLY)  VALUES(7010, 'REQ_UNBLOC', 'Request unblock', 127, 1);
INSERT INTO CAMS_C_EVENT(ID, NAME, DESCRIPTION, CODE_EVENT_BIT, IND_READONLY)  VALUES(7011, 'REQ_BLOCK', 'Request block', 127, 1);
INSERT INTO CAMS_C_EVENT(ID, NAME, DESCRIPTION, CODE_EVENT_BIT, IND_READONLY)  VALUES(7012, 'REQ_REM', 'Request removal', 127, 1);
INSERT INTO CAMS_C_EVENT(ID, NAME, DESCRIPTION, CODE_EVENT_BIT, IND_READONLY)  VALUES(7013, 'REMOVAL', 'Removal', 127, 1);
INSERT INTO CAMS_C_EVENT(ID, NAME, DESCRIPTION, CODE_EVENT_BIT, IND_READONLY)  VALUES(7014, 'REQ_INST', 'Request Installation', 70, 1);
INSERT INTO CAMS_C_EVENT(ID, NAME, DESCRIPTION, CODE_EVENT_BIT, IND_READONLY)  VALUES(7015, 'REQ_PERSO', 'Request Personalization', 70, 1);
INSERT INTO CAMS_C_EVENT(ID, NAME, DESCRIPTION, CODE_EVENT_BIT, IND_READONLY)  VALUES(7016, 'FAIL', 'Fail', 70, 1);
INSERT INTO CAMS_C_EVENT(ID, NAME, DESCRIPTION, CODE_EVENT_BIT, IND_READONLY)  VALUES(7017, 'DISABLE', 'Disable', 127, 1);
INSERT INTO CAMS_C_EVENT(ID, NAME, DESCRIPTION, CODE_EVENT_BIT, IND_READONLY)  VALUES(7018, 'ENABLE', 'Enable', 127, 1);
INSERT INTO CAMS_C_EVENT(ID, NAME, DESCRIPTION, CODE_EVENT_BIT, IND_READONLY)  VALUES(7019, 'MSG_PUSHED', 'Message Pushed', 127, 1);
INSERT INTO CAMS_C_EVENT(ID, NAME, DESCRIPTION, CODE_EVENT_BIT, IND_READONLY)  VALUES(7020, 'RM_DONE', 'Ready for Validation Proof', 127, 1);
INSERT INTO CAMS_C_EVENT(ID, NAME, DESCRIPTION, CODE_EVENT_BIT, IND_READONLY)  VALUES(7021, 'CANCEL_RM', 'Cancel Remote Management', 127, 1);
INSERT INTO CAMS_C_EVENT(ID, NAME, DESCRIPTION, CODE_EVENT_BIT, IND_READONLY)  VALUES(7022, 'RETRY_RM', 'Retry Remote Management', 127, 1);
INSERT INTO CAMS_C_EVENT(ID, NAME, DESCRIPTION, CODE_EVENT_BIT, IND_READONLY)  VALUES(7023, 'PTP_CP_FIN', 'PTP_CP RM Finished', 127, 1);
INSERT INTO CAMS_C_EVENT(ID, NAME, DESCRIPTION, CODE_EVENT_BIT, IND_READONLY)  VALUES(7024, 'PTP_SUK_FIN', 'PTP_SUK RM Finished', 127, 1);
INSERT INTO CAMS_C_EVENT(ID, NAME, DESCRIPTION, CODE_EVENT_BIT, IND_READONLY)  VALUES(7025, 'MOBILE_CHECK_FIN', 'MOBILE_CHECK RM Finished', 127, 1);
INSERT INTO CAMS_C_EVENT(ID, NAME, DESCRIPTION, CODE_EVENT_BIT, IND_READONLY)  VALUES(7026, 'MOBILE_PIN_CHANGED_FIN', 'MOBILE_PIN_CHANGED RM Finished', 127, 1);
INSERT INTO CAMS_C_EVENT(ID, NAME, DESCRIPTION, CODE_EVENT_BIT, IND_READONLY)  VALUES(7027, 'REMOTE_WIPE_FIN', 'REMOTE_WIPE RM Finished', 127, 1);
INSERT INTO CAMS_C_EVENT(ID, NAME, DESCRIPTION, CODE_EVENT_BIT, IND_READONLY)  VALUES(7028, 'SUSPEND_FIN', 'SUSPEND RM Finished', 127, 1);
INSERT INTO CAMS_C_EVENT(ID, NAME, DESCRIPTION, CODE_EVENT_BIT, IND_READONLY)  VALUES(7029, 'RESUME_FIN', 'RESUME RM Finished', 127, 1);

INSERT INTO CAMS_C_EVENT(ID, NAME, DESCRIPTION, CODE_EVENT_BIT, IND_READONLY)  VALUES(7030, 'PTP_CP_INIT', 'PTP_CP RM Started', 127, 1);
INSERT INTO CAMS_C_EVENT(ID, NAME, DESCRIPTION, CODE_EVENT_BIT, IND_READONLY)  VALUES(7031, 'PTP_SUK_INIT', 'PTP_SUK RM Started', 127, 1);
INSERT INTO CAMS_C_EVENT(ID, NAME, DESCRIPTION, CODE_EVENT_BIT, IND_READONLY)  VALUES(7032, 'MOBILE_CHECK_INIT', 'MOBILE_CHECK RM Started', 127, 1);
INSERT INTO CAMS_C_EVENT(ID, NAME, DESCRIPTION, CODE_EVENT_BIT, IND_READONLY)  VALUES(7033, 'MOBILE_PIN_CHANGED_INIT', 'MOBILE_PIN RM Started', 127, 1);
INSERT INTO CAMS_C_EVENT(ID, NAME, DESCRIPTION, CODE_EVENT_BIT, IND_READONLY)  VALUES(7034, 'REMOTE_WIPE_INIT', 'REMOTE_WIPE RM Started', 127, 1);
INSERT INTO CAMS_C_EVENT(ID, NAME, DESCRIPTION, CODE_EVENT_BIT, IND_READONLY)  VALUES(7035, 'SUSPEND_INIT', 'SUSPEND RM Started', 127, 1);
INSERT INTO CAMS_C_EVENT(ID, NAME, DESCRIPTION, CODE_EVENT_BIT, IND_READONLY)  VALUES(7036, 'RESUME_INIT', 'RESUME RM Started', 127, 1);

INSERT INTO CAMS_C_EVENT(ID, NAME, DESCRIPTION, CODE_EVENT_BIT, IND_READONLY)  VALUES(7037, 'RM_FAILURE', 'Remote Management Failure', 127, 1);
INSERT INTO CAMS_C_EVENT(ID, NAME, DESCRIPTION, CODE_EVENT_BIT, IND_READONLY)  VALUES(7038, 'VAL_FAILURE', 'RM Validation Failure', 127, 1);

INSERT INTO CAMS_C_STATE(ID, NAME, CODE_STATE_BIT, IND_ACTIVE)  VALUES(7000, 'PRV Check Failed', 35, 0);
INSERT INTO CAMS_C_STATE(ID, NAME, CODE_STATE_BIT, IND_ACTIVE)  VALUES(7001, 'Account Suspended', 35, 0);
INSERT INTO CAMS_C_STATE(ID, NAME, CODE_STATE_BIT, IND_ACTIVE)  VALUES(7002, 'Account Terminated', 35, 0);
INSERT INTO CAMS_C_STATE(ID, NAME, CODE_STATE_BIT, IND_ACTIVE)  VALUES(7003, 'Wiped', 35, 0);
INSERT INTO CAMS_C_STATE(ID, NAME, CODE_STATE_BIT, IND_ACTIVE)  VALUES(7004, 'Number Changed', 35, 0);
INSERT INTO CAMS_C_STATE(ID, NAME, CODE_STATE_BIT, IND_ACTIVE)  VALUES(7005, 'Device Changed', 35, 0);
INSERT INTO CAMS_C_STATE(ID, NAME, CODE_STATE_BIT, IND_ACTIVE)  VALUES(7006, 'Ready For Confirmation', 2, 0);
INSERT INTO CAMS_C_STATE(ID, NAME, CODE_STATE_BIT, IND_ACTIVE)  VALUES(7007, 'Ready For Unblock', 2, 0);
INSERT INTO CAMS_C_STATE(ID, NAME, CODE_STATE_BIT, IND_ACTIVE)  VALUES(7008, 'Ready For Block', 2, 0);
INSERT INTO CAMS_C_STATE(ID, NAME, CODE_STATE_BIT, IND_ACTIVE)  VALUES(7009, 'Ready For Removal', 2, 0);
INSERT INTO CAMS_C_STATE(ID, NAME, CODE_STATE_BIT, IND_ACTIVE)  VALUES(7010, 'Disabled', 2, 1);
INSERT INTO CAMS_C_STATE(ID, NAME, CODE_STATE_BIT, IND_ACTIVE)  VALUES(7101, 'ReadyForInstallation', 70, 1);
INSERT INTO CAMS_C_STATE(ID, NAME, CODE_STATE_BIT, IND_ACTIVE)  VALUES(7102, 'ReadyForPersonalization', 70, 1);
INSERT INTO CAMS_C_STATE(ID, NAME, CODE_STATE_BIT, IND_ACTIVE)  VALUES(7103, 'Deactivated', 70, 1);
INSERT INTO CAMS_C_STATE(ID, NAME, CODE_STATE_BIT, IND_ACTIVE)  VALUES(7104, 'InstallationFailed', 70, 1);
INSERT INTO CAMS_C_STATE(ID, NAME, CODE_STATE_BIT, IND_ACTIVE)  VALUES(7105, 'PersonalizedFailed', 70, 1);
INSERT INTO CAMS_C_STATE(ID, NAME, CODE_STATE_BIT, IND_ACTIVE)  VALUES(7106, 'ReadyForRemoteManagement', 70, 1);
INSERT INTO CAMS_C_STATE(ID, NAME, CODE_STATE_BIT, IND_ACTIVE)  VALUES(7107, 'ReadyForValidationProof', 70, 1);

INSERT INTO CAMS_STATE_TRANSITION(ID, ID_LIFECYCLE, ID_EVENT, ID_STATE_CURRENT, ID_STATE_NEW, IND_MAN_PERMIT)  VALUES(7003, 7002, 7003, 0, 29, 0);
INSERT INTO CAMS_STATE_TRANSITION(ID, ID_LIFECYCLE, ID_EVENT, ID_STATE_CURRENT, ID_STATE_NEW, IND_MAN_PERMIT)  VALUES(7004, 7002, 7013, 29, 65, 0);

INSERT INTO CAMS_STATE_TRANSITION(ID, ID_LIFECYCLE, ID_EVENT, ID_STATE_CURRENT, ID_STATE_NEW, IND_MAN_PERMIT)  VALUES(7012, 7001, 57, 0, 200, 0);
INSERT INTO CAMS_STATE_TRANSITION(ID, ID_LIFECYCLE, ID_EVENT, ID_STATE_CURRENT, ID_STATE_NEW, IND_MAN_PERMIT)  VALUES(7013, 7001, 21, 200, 24, 0);
INSERT INTO CAMS_STATE_TRANSITION(ID, ID_LIFECYCLE, ID_EVENT, ID_STATE_CURRENT, ID_STATE_NEW, IND_MAN_PERMIT)  VALUES(7014, 7001, 7003, 24, 29, 0);
INSERT INTO CAMS_STATE_TRANSITION(ID, ID_LIFECYCLE, ID_EVENT, ID_STATE_CURRENT, ID_STATE_NEW, IND_MAN_PERMIT)  VALUES(7016, 7001, 22, 200, 4, 0);
INSERT INTO CAMS_STATE_TRANSITION(ID, ID_LIFECYCLE, ID_EVENT, ID_STATE_CURRENT, ID_STATE_NEW, IND_MAN_PERMIT)  VALUES(7020, 7001, 7013, 24, 65, 0);
INSERT INTO CAMS_STATE_TRANSITION(ID, ID_LIFECYCLE, ID_EVENT, ID_STATE_CURRENT, ID_STATE_NEW, IND_MAN_PERMIT)  VALUES(7021, 7001, 7013, 29, 65, 0);
INSERT INTO CAMS_STATE_TRANSITION(ID, ID_LIFECYCLE, ID_EVENT, ID_STATE_CURRENT, ID_STATE_NEW, IND_MAN_PERMIT)  VALUES(7023, 7001, 7013, 7010, 65, 0);
INSERT INTO CAMS_STATE_TRANSITION(ID, ID_LIFECYCLE, ID_EVENT, ID_STATE_CURRENT, ID_STATE_NEW, IND_MAN_PERMIT)  VALUES(7024, 7001, 7013, 200, 65, 0);
INSERT INTO CAMS_STATE_TRANSITION(ID, ID_LIFECYCLE, ID_EVENT, ID_STATE_CURRENT, ID_STATE_NEW, IND_MAN_PERMIT)  VALUES(7025, 7001, 7003, 29, 29, 0);
INSERT INTO CAMS_STATE_TRANSITION(ID, ID_LIFECYCLE, ID_EVENT, ID_STATE_CURRENT, ID_STATE_NEW, IND_MAN_PERMIT)  VALUES(7026, 7001, 7017, 29, 7010, 0);
INSERT INTO CAMS_STATE_TRANSITION(ID, ID_LIFECYCLE, ID_EVENT, ID_STATE_CURRENT, ID_STATE_NEW, IND_MAN_PERMIT)  VALUES(7029, 7001, 7018, 7010, 29, 0);
INSERT INTO CAMS_STATE_TRANSITION(ID, ID_LIFECYCLE, ID_EVENT, ID_STATE_CURRENT, ID_STATE_NEW, IND_MAN_PERMIT)  VALUES(7123, 7001, 7013, 7106, 65, 0);
INSERT INTO CAMS_STATE_TRANSITION(ID, ID_LIFECYCLE, ID_EVENT, ID_STATE_CURRENT, ID_STATE_NEW, IND_MAN_PERMIT)  VALUES(7124, 7001, 7003, 7106, 29, 0);
INSERT INTO CAMS_STATE_TRANSITION(ID, ID_LIFECYCLE, ID_EVENT, ID_STATE_CURRENT, ID_STATE_NEW, IND_MAN_PERMIT)  VALUES(7125, 7001, 7017, 7106, 7010, 0);
INSERT INTO CAMS_STATE_TRANSITION(ID, ID_LIFECYCLE, ID_EVENT, ID_STATE_CURRENT, ID_STATE_NEW, IND_MAN_PERMIT)  VALUES(7126, 7001, 7020, 7106, 7107, 0);
INSERT INTO CAMS_STATE_TRANSITION(ID, ID_LIFECYCLE, ID_EVENT, ID_STATE_CURRENT, ID_STATE_NEW, IND_MAN_PERMIT)  VALUES(7129, 7001, 7013, 7107, 65, 0);
INSERT INTO CAMS_STATE_TRANSITION(ID, ID_LIFECYCLE, ID_EVENT, ID_STATE_CURRENT, ID_STATE_NEW, IND_MAN_PERMIT)  VALUES(7131, 7001, 7017, 7107, 7010, 0);
INSERT INTO CAMS_STATE_TRANSITION(ID, ID_LIFECYCLE, ID_EVENT, ID_STATE_CURRENT, ID_STATE_NEW, IND_MAN_PERMIT)  VALUES(7132, 7001, 7021, 7106, 29, 1);
INSERT INTO CAMS_STATE_TRANSITION(ID, ID_LIFECYCLE, ID_EVENT, ID_STATE_CURRENT, ID_STATE_NEW, IND_MAN_PERMIT)  VALUES(7133, 7001, 7021, 7107, 29, 1);
INSERT INTO CAMS_STATE_TRANSITION(ID, ID_LIFECYCLE, ID_EVENT, ID_STATE_CURRENT, ID_STATE_NEW, IND_MAN_PERMIT)  VALUES(7134, 7001, 7022, 7106, 7106, 0);
INSERT INTO CAMS_STATE_TRANSITION(ID, ID_LIFECYCLE, ID_EVENT, ID_STATE_CURRENT, ID_STATE_NEW, IND_MAN_PERMIT)  VALUES(7135, 7001, 7022, 7107, 7106, 0);
INSERT INTO CAMS_STATE_TRANSITION(ID, ID_LIFECYCLE, ID_EVENT, ID_STATE_CURRENT, ID_STATE_NEW, IND_MAN_PERMIT)  VALUES(7136, 7001, 7023, 7107, 29, 0);
INSERT INTO CAMS_STATE_TRANSITION(ID, ID_LIFECYCLE, ID_EVENT, ID_STATE_CURRENT, ID_STATE_NEW, IND_MAN_PERMIT)  VALUES(7137, 7001, 7024, 7107, 29, 0);
INSERT INTO CAMS_STATE_TRANSITION(ID, ID_LIFECYCLE, ID_EVENT, ID_STATE_CURRENT, ID_STATE_NEW, IND_MAN_PERMIT)  VALUES(7138, 7001, 7025, 7107, 29, 0);
INSERT INTO CAMS_STATE_TRANSITION(ID, ID_LIFECYCLE, ID_EVENT, ID_STATE_CURRENT, ID_STATE_NEW, IND_MAN_PERMIT)  VALUES(7139, 7001, 7026, 7107, 29, 0);
INSERT INTO CAMS_STATE_TRANSITION(ID, ID_LIFECYCLE, ID_EVENT, ID_STATE_CURRENT, ID_STATE_NEW, IND_MAN_PERMIT)  VALUES(7140, 7001, 7027, 7107, 29, 0);
INSERT INTO CAMS_STATE_TRANSITION(ID, ID_LIFECYCLE, ID_EVENT, ID_STATE_CURRENT, ID_STATE_NEW, IND_MAN_PERMIT)  VALUES(7141, 7001, 7028, 7107, 7010, 0);
INSERT INTO CAMS_STATE_TRANSITION(ID, ID_LIFECYCLE, ID_EVENT, ID_STATE_CURRENT, ID_STATE_NEW, IND_MAN_PERMIT)  VALUES(7142, 7001, 7029, 7107, 29, 0);
INSERT INTO CAMS_STATE_TRANSITION(ID, ID_LIFECYCLE, ID_EVENT, ID_STATE_CURRENT, ID_STATE_NEW, IND_MAN_PERMIT)  VALUES(7143, 7001, 7030, 29, 7106, 0);
INSERT INTO CAMS_STATE_TRANSITION(ID, ID_LIFECYCLE, ID_EVENT, ID_STATE_CURRENT, ID_STATE_NEW, IND_MAN_PERMIT)  VALUES(7144, 7001, 7031, 29, 7106, 0);
INSERT INTO CAMS_STATE_TRANSITION(ID, ID_LIFECYCLE, ID_EVENT, ID_STATE_CURRENT, ID_STATE_NEW, IND_MAN_PERMIT)  VALUES(7145, 7001, 7032, 29, 7106, 0);
INSERT INTO CAMS_STATE_TRANSITION(ID, ID_LIFECYCLE, ID_EVENT, ID_STATE_CURRENT, ID_STATE_NEW, IND_MAN_PERMIT)  VALUES(7146, 7001, 7033, 29, 7106, 0);
INSERT INTO CAMS_STATE_TRANSITION(ID, ID_LIFECYCLE, ID_EVENT, ID_STATE_CURRENT, ID_STATE_NEW, IND_MAN_PERMIT)  VALUES(7147, 7001, 7034, 29, 7106, 0);
INSERT INTO CAMS_STATE_TRANSITION(ID, ID_LIFECYCLE, ID_EVENT, ID_STATE_CURRENT, ID_STATE_NEW, IND_MAN_PERMIT)  VALUES(7148, 7001, 7034, 7010, 7106, 0);
INSERT INTO CAMS_STATE_TRANSITION(ID, ID_LIFECYCLE, ID_EVENT, ID_STATE_CURRENT, ID_STATE_NEW, IND_MAN_PERMIT)  VALUES(7149, 7001, 7035, 29, 7106, 0);
INSERT INTO CAMS_STATE_TRANSITION(ID, ID_LIFECYCLE, ID_EVENT, ID_STATE_CURRENT, ID_STATE_NEW, IND_MAN_PERMIT)  VALUES(7150, 7001, 7036, 7010, 7106, 0);
INSERT INTO CAMS_STATE_TRANSITION(ID, ID_LIFECYCLE, ID_EVENT, ID_STATE_CURRENT, ID_STATE_NEW, IND_MAN_PERMIT)  VALUES(7151, 7001, 7008, 24, 24, 1);
INSERT INTO CAMS_STATE_TRANSITION(ID, ID_LIFECYCLE, ID_EVENT, ID_STATE_CURRENT, ID_STATE_NEW, IND_MAN_PERMIT)  VALUES(7152, 7001, 7008, 7010, 24, 1);
INSERT INTO CAMS_STATE_TRANSITION(ID, ID_LIFECYCLE, ID_EVENT, ID_STATE_CURRENT, ID_STATE_NEW, IND_MAN_PERMIT)  VALUES(7153, 7001, 7008, 7106, 24, 1);
INSERT INTO CAMS_STATE_TRANSITION(ID, ID_LIFECYCLE, ID_EVENT, ID_STATE_CURRENT, ID_STATE_NEW, IND_MAN_PERMIT)  VALUES(7154, 7001, 7008, 7107, 24, 1);
INSERT INTO CAMS_STATE_TRANSITION(ID, ID_LIFECYCLE, ID_EVENT, ID_STATE_CURRENT, ID_STATE_NEW, IND_MAN_PERMIT)  VALUES(7155, 7001, 7008, 29, 24, 1);
INSERT INTO CAMS_STATE_TRANSITION(ID, ID_LIFECYCLE, ID_EVENT, ID_STATE_CURRENT, ID_STATE_NEW, IND_MAN_PERMIT)  VALUES(7156, 7001, 7037, 7106, 29, 1);
INSERT INTO CAMS_STATE_TRANSITION(ID, ID_LIFECYCLE, ID_EVENT, ID_STATE_CURRENT, ID_STATE_NEW, IND_MAN_PERMIT)  VALUES(7157, 7001, 7038, 7107, 29, 1);

INSERT INTO CAMS_ADDON_FILE(ID, NAME, ID_TYPE_ADDON_FILE, DESCRIPTION, RESRC)  VALUES(6001, 'SEITC_CARD', 45, 'SEITC Card SOAP Serializer', 'bean:seitcCardNotificationSerializer');
INSERT INTO CAMS_ADDON_FILE(ID, NAME, ID_TYPE_ADDON_FILE, DESCRIPTION, RESRC)  VALUES(6002, 'WS_CLIENT', 46, 'WS Client Transport', 'bean:wsClientTransport');
INSERT INTO CAMS_ADDON_FILE(ID, NAME, ID_TYPE_ADDON_FILE, DESCRIPTION, RESRC)  VALUES(6003, 'SEITC_CARD_JSON', 45, 'SEITC Card JSON Serializer', 'bean:seitcCardNotificationJSONSerializer');

INSERT INTO CAMS_EXTERNAL_APPL(ID, NAME, DESCRIPTION, ID_TRANSPORT, ID_SERIALIZER)  VALUES(6000, 'ISSUER', 'ISSUER NOTIFICATIONS', 6002, 6001);

INSERT INTO CAMS_SUBSCRIPTION_RULE(ID, NAME, ID_LIFECYCLE, ID_EVENT, ID_STATE_CURRENT, ID_STATE_NEW)  VALUES(6001, 'CARD_ACTIVATED', 7001, 7003, 24, 29);
INSERT INTO CAMS_SUBSCRIPTION_RULE(ID, NAME, ID_LIFECYCLE, ID_EVENT, ID_STATE_CURRENT, ID_STATE_NEW)  VALUES(6002, 'PTP_CP_COMPLETED', 7001, 7023, 7107, 29);
INSERT INTO CAMS_SUBSCRIPTION_RULE(ID, NAME, ID_LIFECYCLE, ID_EVENT, ID_STATE_CURRENT, ID_STATE_NEW)  VALUES(6003, 'PTP_SUK_COMPLETED', 7001, 7024, 7107, 29);
INSERT INTO CAMS_SUBSCRIPTION_RULE(ID, NAME, ID_LIFECYCLE, ID_EVENT, ID_STATE_CURRENT, ID_STATE_NEW)  VALUES(6004, 'MOBILE_CHECK_COMPLETED', 7001, 7025, 7107, 29);
INSERT INTO CAMS_SUBSCRIPTION_RULE(ID, NAME, ID_LIFECYCLE, ID_EVENT, ID_STATE_CURRENT, ID_STATE_NEW)  VALUES(6005, 'MOBILE_PIN_COMPLETED', 7001, 7026, 7107, 29);
INSERT INTO CAMS_SUBSCRIPTION_RULE(ID, NAME, ID_LIFECYCLE, ID_EVENT, ID_STATE_CURRENT, ID_STATE_NEW)  VALUES(6006, 'REMOTE_WIPE_COMPLETED', 7001, 7027, 7107, 29);
INSERT INTO CAMS_SUBSCRIPTION_RULE(ID, NAME, ID_LIFECYCLE, ID_EVENT, ID_STATE_CURRENT, ID_STATE_NEW)  VALUES(6007, 'RM_CANCELED', 7001, 7021, 7106, 29);
INSERT INTO CAMS_SUBSCRIPTION_RULE(ID, NAME, ID_LIFECYCLE, ID_EVENT, ID_STATE_CURRENT, ID_STATE_NEW)  VALUES(6008, 'VP_CANCELED', 7001, 7021, 7107, 29);
INSERT INTO CAMS_SUBSCRIPTION_RULE(ID, NAME, ID_LIFECYCLE, ID_EVENT, ID_STATE_CURRENT, ID_STATE_NEW)  VALUES(6009, 'RM_RETRY', 7001, 7022, 7106, 7106);
INSERT INTO CAMS_SUBSCRIPTION_RULE(ID, NAME, ID_LIFECYCLE, ID_EVENT, ID_STATE_CURRENT, ID_STATE_NEW)  VALUES(6010, 'VP_RETRY', 7001, 7022, 7107, 7106);

INSERT INTO CMN_CONFIG(ID, NAME, BINARY_DATA)  VALUES(6003, 'CNS:ISSUER:WS_CLIENT', UTL_ENCODE.BASE64_DECODE(UTL_RAW.CAST_TO_RAW('PD94bWwgdmVyc2lvbj0iMS4wIiBlbmNvZGluZz0iVVRGLTgiIHN0YW5kYWxvbmU9Im5vIj8+DQo8IURPQ1RZUEUgcHJvcGVydGllcyBTWVNURU0gImh0dHA6Ly9qYXZhLnN1bi5jb20vZHRkL3Byb3BlcnRpZXMuZHRkIj4NCjxwcm9wZXJ0aWVzPg0KPGVudHJ5IGtleT0iTm90aWZpY2F0aW9uQ2FsbGJhY2tVcmwiPmh0dHA6Ly9sb2NhbGhvc3Q6MTIzNC9pbjwvZW50cnk+DQo8L3Byb3BlcnRpZXM+DQo=')));




INSERT INTO CAMS_C_TYPE_REASON(ID, NAME, DESCRIPTION)  VALUES(6100, 'SEITC_REQUEST_TYPE', 'SEITC_REQUEST_TYPE');
INSERT INTO CAMS_C_TYPE_REASON(ID, NAME, DESCRIPTION)  VALUES(6101, 'SEITC_REMOVE_TYPE', 'SEITC_REMOVE_TYPE');

INSERT INTO CAMS_C_REASON(ID, NAME, ID_TYPE_REASON, DESCRIPTION)  VALUES(6100, 'SEITC_REQUEST', 6100, 'SEITC_REQUEST');
INSERT INTO CAMS_C_REASON(ID, NAME, ID_TYPE_REASON, DESCRIPTION)  VALUES(6101, 'SEITC_REMOVE', 6101, 'SEITC_REMOVE');

INSERT INTO CAMS_C_CHIP_OS(ID, NAME)  VALUES(6100, 'SEITC_CLOUD_PLATFORM');

INSERT INTO CAMS_C_TYPE_APPLICATION(ID, NAME, DESCRIPTION)  VALUES(6100, 'SEITC', 'Secure Element In The Cloud');

INSERT INTO CAMS_C_LIFECYCLE(ID, ID_TYPE_LIFECYCLE, NAME)  VALUES(6102, 1, 'Membership In The Cloud Lifecycle');

INSERT INTO CAMS_C_CARDPROGRAM(ID, NAME, DESCRIPTION)  VALUES(6100, 'VCBP10', 'Visa: Limited Use Key (LUK)');
INSERT INTO CAMS_C_CARDPROGRAM(ID, NAME, DESCRIPTION)  VALUES(6103, 'PPMC4', 'Mastercard: Single Use Key (PayPass Lite 1.1)');
INSERT INTO CAMS_C_CARDPROGRAM(ID, NAME, DESCRIPTION)  VALUES(6104, 'VCPA21', 'Visa: Single Use Key (SUK)');
INSERT INTO CAMS_C_CARDPROGRAM(ID, NAME, DESCRIPTION)  VALUES(6105, 'VCBP12_CVN50', 'Visa: Single Use Key (SUK) with CVN 50');

INSERT INTO CAMS_C_TYPE_NUMBER(ID, NAME)  VALUES(6100, 'SEITC numbering');

INSERT INTO CAMS_APPLICATION_PROVIDER(ID, NAME)  VALUES(6100, 'VISA');
INSERT INTO CAMS_APPLICATION_PROVIDER(ID, NAME)  VALUES(6103, 'MASTERCARD');

INSERT INTO CAMS_CHIP_DEFINITION(ID, ID_OPERATING_SYSTEM, NAME, SIZE_CHIP, NBR_OP_VERSION)  VALUES(6100, 6100, 'Secure elemeny in the cloud', 32000, '1.0');

INSERT INTO CAMS_NUMBERING(ID, NAME, ID_TYPE_NBR, NBR_FIRST, NBR_LAST, NBR_CURRENT, INCREMENT_SIZE, MINIMUM_LENGTH)  VALUES(6100, 'SEITC Numbering', 6100, 1, 9999999999, 1, 1, 0);
INSERT INTO CAMS_NUMBERING(ID, NAME, ID_TYPE_NBR, NBR_FIRST, NBR_LAST, NBR_CURRENT, INCREMENT_SIZE, MINIMUM_LENGTH)  VALUES(6101, 'SEITC Card Numbering', 6100, 1000000001, 9999999999, 1000000001, 1, 0);

INSERT INTO CAMS_REQUEST_SETTINGS(ID, PREFERRED_DISTRIBUTION_PERIOD, ID_DEFAULT_QUOTA_ADMINISTRATOR, ID_DEFAULT_CARD_ADMINISTRATOR, ID_DEFAULT_CARD_DISTRIBUTOR, ID_DEFAULT_AUTHORIZER)  VALUES(2, '0', 2, 2, 2, 2);

INSERT INTO CAMS_APPLICATION(ID, NAME, DESCRIPTION, ID_PROVIDER)  VALUES(6100, 'VCBP10', 'VCBP10', 6100);
INSERT INTO CAMS_APPLICATION(ID, NAME, DESCRIPTION, ID_PROVIDER)  VALUES(6103, 'PPMC4', 'PPMC4', 6103);
INSERT INTO CAMS_APPLICATION(ID, NAME, DESCRIPTION, ID_PROVIDER)  VALUES(6104, 'VCPA21', 'VCPA21', 6100);
INSERT INTO CAMS_APPLICATION(ID, NAME, DESCRIPTION, ID_PROVIDER)  VALUES(6105, 'VCBP12_CVN50', 'VCBP12_CVN50', 6100);

INSERT INTO CAMS_APPLICATION_VERSION(ID, AV_TYPE, ID_APPLICATION, NBR_APPLICATION_VERSION, ID_TYPE_APPLICATION, ID_LIFECYCLE, ID_CHIP_DEFINITION, DATE_START_APPLICATION, DATE_END_APPLICATION, IND_DEFAULT, SIZE_APPLICATION, INSTANCE_AID)
 VALUES(6100, 'CAV', 6100, '1.0', 6100, 7001, 6100, to_timestamp('2003-01-02 00:00:00.0', 'YYYY-MM-DD HH24:MI:SS.FF1'), to_timestamp('2020-01-02 00:00:00.0', 'YYYY-MM-DD HH24:MI:SS.FF1'), 0, 0, HEXTORAW('A0000000031010'));
INSERT INTO CAMS_APPLICATION_VERSION(ID, AV_TYPE, ID_APPLICATION, NBR_APPLICATION_VERSION, ID_TYPE_APPLICATION, ID_LIFECYCLE, ID_CHIP_DEFINITION, DATE_START_APPLICATION, DATE_END_APPLICATION, IND_DEFAULT, SIZE_APPLICATION, INSTANCE_AID)
 VALUES(6103, 'CAV', 6103, '1.3', 6100, 7001, 6100, to_timestamp('2003-01-02 00:00:00.0', 'YYYY-MM-DD HH24:MI:SS.FF1'), to_timestamp('2020-01-02 00:00:00.0', 'YYYY-MM-DD HH24:MI:SS.FF1'), 0, 0, HEXTORAW('A0000000041010'));
INSERT INTO CAMS_APPLICATION_VERSION(ID, AV_TYPE, ID_APPLICATION, NBR_APPLICATION_VERSION, ID_TYPE_APPLICATION, ID_LIFECYCLE, ID_CHIP_DEFINITION, DATE_START_APPLICATION, DATE_END_APPLICATION, IND_DEFAULT, SIZE_APPLICATION, INSTANCE_AID)
 VALUES(6104, 'CAV', 6104, '2.1', 6100, 7001, 6100, to_timestamp('2003-01-02 00:00:00.0', 'YYYY-MM-DD HH24:MI:SS.FF1'), to_timestamp('2020-01-02 00:00:00.0', 'YYYY-MM-DD HH24:MI:SS.FF1'), 0, 0, HEXTORAW('A0000000031010'));
INSERT INTO CAMS_APPLICATION_VERSION(ID, AV_TYPE, ID_APPLICATION, NBR_APPLICATION_VERSION, ID_TYPE_APPLICATION, ID_LIFECYCLE, ID_CHIP_DEFINITION, DATE_START_APPLICATION, DATE_END_APPLICATION, IND_DEFAULT, SIZE_APPLICATION, INSTANCE_AID)
 VALUES(6105, 'CAV', 6105, '2.1', 6100, 7001, 6100, to_timestamp('2003-01-02 00:00:00.0', 'YYYY-MM-DD HH24:MI:SS.FF1'), to_timestamp('2020-01-02 00:00:00.0', 'YYYY-MM-DD HH24:MI:SS.FF1'), 0, 0, HEXTORAW('A0000000031010'));

INSERT INTO CAMS_CARD_FAMILY(ID, NAME, IND_PRODUCE, ID_PERSONALIZER, DAYS_IN_PRODUCTION, CARD_MAX_IN_BATCH)  VALUES(6100, 'SEITC_FAMILY', 0, 0, 0, 10000);

INSERT INTO CAMS_TARGET_GROUP(ID, NAME, ID_LIFECYCLE)  VALUES(6100, 'VCBP10_TARGETGROUP', 6102);
INSERT INTO CAMS_TARGET_GROUP(ID, NAME, ID_LIFECYCLE)  VALUES(6103, 'PPMC4_TARGETGROUP', 6102);
INSERT INTO CAMS_TARGET_GROUP(ID, NAME, ID_LIFECYCLE)  VALUES(6104, 'VCPA21_TARGETGROUP', 6102);
INSERT INTO CAMS_TARGET_GROUP(ID, NAME, ID_LIFECYCLE)  VALUES(6105, 'VCBP12_CVN50_TARGETGROUP', 6102);

INSERT INTO CAMS_TYPE_CARD(ID, NAME, DESCRIPTION, ID_CARD_FAMILY, ID_LIFECYCLE, IND_CONTACT_CHIP, IND_PINCODE, IND_ANONYMOUS, ID_NUMBERING, ID_EVENT_CODE_GENERATION, CARD_VALIDITY, IND_CONTACTLESS_CHIP, CARD_MAXIMUM, PHOTO_SIGNATURE_VALIDITY, SESSION_VERSION_CONTROL, NBR_TOKENS_TO_REPL, INCLUDE_MSD, NR_TRANS_THRESHOLD, TIME2LIVE_THRESHOLD, MOBILE_PIN_ENABLED, AID)
 VALUES(6100, 'VCBP10', 'Secure Element In The Cloud Type for VCBP10', 6100, 7001, 0, 0, 0, 6101, 57, 200, 1, '1', '29', '112', '1', '1', '5', '6', '0', HEXTORAW('A0000000031010'));
INSERT INTO CAMS_TYPE_CARD(ID, NAME, DESCRIPTION, ID_CARD_FAMILY, ID_NUMBERING, ID_EVENT_CODE_GENERATION, ID_LIFECYCLE, IND_CONTACT_CHIP, IND_PINCODE, IND_ANONYMOUS, CARD_VALIDITY, IND_CONTACTLESS_CHIP, CARD_MAXIMUM, PHOTO_SIGNATURE_VALIDITY, SESSION_VERSION_CONTROL, NBR_TOKENS_TO_REPL, MOBILE_PIN_ENABLED, AID)
 VALUES(6103, 'PPMC4', 'Secure Element In The Cloud Type for PayPass M/Chip 4', 6100, 6101, 57, 7001, 0, 0, 0, 200, 1, '1', '29', '112', '5', '1', HEXTORAW('A0000000041010'));
INSERT INTO CAMS_TYPE_CARD(ID, NAME, DESCRIPTION, ID_CARD_FAMILY, ID_LIFECYCLE, IND_CONTACT_CHIP, IND_PINCODE, IND_ANONYMOUS, ID_NUMBERING, ID_EVENT_CODE_GENERATION, CARD_VALIDITY, IND_CONTACTLESS_CHIP, CARD_MAXIMUM, PHOTO_SIGNATURE_VALIDITY, SESSION_VERSION_CONTROL, NBR_TOKENS_TO_REPL, INCLUDE_MSD, MOBILE_PIN_ENABLED, AID)
 VALUES(6104, 'VCPA21', 'Secure Element In The Cloud Type for VCPA21', 6100, 7001, 0, 0, 0, 6101, 57, 200, 1, '1', '29', '112', '5', '1', '0', HEXTORAW('A0000000031010'));
INSERT INTO CAMS_TYPE_CARD(ID, NAME, DESCRIPTION, ID_CARD_FAMILY, ID_LIFECYCLE, IND_CONTACT_CHIP, IND_PINCODE, IND_ANONYMOUS, ID_NUMBERING, ID_EVENT_CODE_GENERATION, CARD_VALIDITY, IND_CONTACTLESS_CHIP, CARD_MAXIMUM, PHOTO_SIGNATURE_VALIDITY, SESSION_VERSION_CONTROL, NBR_TOKENS_TO_REPL, INCLUDE_MSD, NR_TRANS_THRESHOLD, TIME2LIVE_THRESHOLD, MOBILE_PIN_ENABLED, AID)
 VALUES(6105, 'VCBP12_CVN50', 'Secure Element In The Cloud Type for VCBP12, CVN 50', 6100, 7001, 0, 0, 0, 6101, 57, 200, 1, '1', '29', '112', '1', '1', '5', '6', '0', HEXTORAW('A0000000031010'));

INSERT INTO CAMS_TYPE_CARDHOLDER(ID, NAME, DESCRIPTION, ID_LIFECYCLE, IND_EXTERNAL_NUMBERING, ID_NUMBERING, ID_METATYPE)  VALUES(6100, 'SEITC_WALLET_OWNER', 'SEITC Wallet owner', 7002, 0, 6100, 0);
INSERT INTO CAMS_TYPE_CARDHOLDER(ID, NAME, DESCRIPTION, ID_LIFECYCLE, IND_EXTERNAL_NUMBERING, ID_NUMBERING, ID_METATYPE)  VALUES(6101, 'Anonymous Cardholder', 'Anonymous Cardholder description', 7002, 0, 6100, 0);

INSERT INTO CAMS_ADDON_FILE(ID, NAME, ID_TYPE_ADDON_FILE, RESRC)  VALUES(6100, 'VCBP RULE LIST', 105, 'blob:6100');
INSERT INTO CAMS_ADDON_FILE(ID, NAME, ID_TYPE_ADDON_FILE, RESRC)  VALUES(6103, 'Paypass RULE LIST', 105, 'blob:6101');
INSERT INTO CAMS_ADDON_FILE(ID, NAME, ID_TYPE_ADDON_FILE, RESRC)  VALUES(6104, 'VCPA RULE LIST', 105, 'blob:6102');
INSERT INTO CAMS_ADDON_FILE(ID, NAME, ID_TYPE_ADDON_FILE, RESRC)  VALUES(6105, 'PayPass Wallet Fail Eventhandler', 51, 'bean:walletFailEventHandler');

INSERT INTO CAMS_X_APPV_CARDPRG(ID, ID_OPTIONALITY, ID_CARDPROGRAM, ID_APPLICATION_VERSION)  VALUES(6100, 0, 6100, 6100);
INSERT INTO CAMS_X_APPV_CARDPRG(ID, ID_OPTIONALITY, ID_CARDPROGRAM, ID_APPLICATION_VERSION)  VALUES(6103, 0, 6103, 6103);
INSERT INTO CAMS_X_APPV_CARDPRG(ID, ID_OPTIONALITY, ID_CARDPROGRAM, ID_APPLICATION_VERSION)  VALUES(6104, 0, 6104, 6104);
INSERT INTO CAMS_X_APPV_CARDPRG(ID, ID_OPTIONALITY, ID_CARDPROGRAM, ID_APPLICATION_VERSION)  VALUES(6105, 0, 6105, 6105);

INSERT INTO CAMS_X_TYPE_CARD_TARGET_GROUP(ID_TARGET_GROUP, ID_TYPE_CARD)  VALUES(6100, 6100);
INSERT INTO CAMS_X_TYPE_CARD_TARGET_GROUP(ID_TARGET_GROUP, ID_TYPE_CARD)  VALUES(6103, 6103);
INSERT INTO CAMS_X_TYPE_CARD_TARGET_GROUP(ID_TARGET_GROUP, ID_TYPE_CARD)  VALUES(6104, 6104);
INSERT INTO CAMS_X_TYPE_CARD_TARGET_GROUP(ID_TARGET_GROUP, ID_TYPE_CARD)  VALUES(6105, 6105);

INSERT INTO CMN_APPLICATION_RESOURCE(ID, LANGUAGE_ID, MSGKEY, VAL, LAST_UPDATE)  VALUES(6000, '10', 'cardholder.prefixLastNamePartner.label', 'MNO', TO_DATE('2013-02-11 13:15:17','YYYY-MM-DD HH24:MI:SS'));
INSERT INTO CMN_APPLICATION_RESOURCE(ID, LANGUAGE_ID, MSGKEY, VAL, LAST_UPDATE)  VALUES(6001, '1', 'cardholder.prefixLastNamePartner.label', 'MNO', TO_DATE('2013-02-11 13:15:17','YYYY-MM-DD HH24:MI:SS'));
INSERT INTO CMN_APPLICATION_RESOURCE(ID, LANGUAGE_ID, MSGKEY, VAL, LAST_UPDATE)  VALUES(6003, '10', 'cardholder.msisdn.label', 'MSISDN', TO_DATE('2013-02-11 13:15:17','YYYY-MM-DD HH24:MI:SS'));
INSERT INTO CMN_APPLICATION_RESOURCE(ID, LANGUAGE_ID, MSGKEY, VAL, LAST_UPDATE)  VALUES(6004, '1', 'cardholder.msisdn.label', 'MSISDN', TO_DATE('2013-02-11 13:15:17','YYYY-MM-DD HH24:MI:SS'));
INSERT INTO CMN_APPLICATION_RESOURCE(ID, LANGUAGE_ID, MSGKEY, VAL, LAST_UPDATE)  VALUES(6005, '10', 'cardholder.secureElement.label', 'SEID', TO_DATE('2013-02-11 13:15:17','YYYY-MM-DD HH24:MI:SS'));
INSERT INTO CMN_APPLICATION_RESOURCE(ID, LANGUAGE_ID, MSGKEY, VAL, LAST_UPDATE)  VALUES(6006, '1', 'cardholder.secureElement.label', 'SEID', TO_DATE('2013-02-11 13:15:17','YYYY-MM-DD HH24:MI:SS'));
INSERT INTO CMN_APPLICATION_RESOURCE(ID, LANGUAGE_ID, MSGKEY, VAL, LAST_UPDATE)  VALUES(6007, '10', 'cardholder.titlesPrefix.label', 'Carrier', TO_DATE('2013-02-11 13:15:17','YYYY-MM-DD HH24:MI:SS'));
INSERT INTO CMN_APPLICATION_RESOURCE(ID, LANGUAGE_ID, MSGKEY, VAL, LAST_UPDATE)  VALUES(6008, '1', 'cardholder.carrier.label', 'Carrier', TO_DATE('2013-02-11 13:15:17','YYYY-MM-DD HH24:MI:SS'));
INSERT INTO CMN_APPLICATION_RESOURCE(ID, LANGUAGE_ID, MSGKEY, VAL, LAST_UPDATE)  VALUES(6009, '10', 'cardholder.walletId.label', 'Wallet Id', TO_DATE('2013-02-11 13:15:17','YYYY-MM-DD HH24:MI:SS'));
INSERT INTO CMN_APPLICATION_RESOURCE(ID, LANGUAGE_ID, MSGKEY, VAL, LAST_UPDATE)  VALUES(6010, '1', 'cardholder.walletId.label', 'Wallet Id', TO_DATE('2013-02-11 13:15:17','YYYY-MM-DD HH24:MI:SS'));
INSERT INTO CMN_APPLICATION_RESOURCE(ID, LANGUAGE_ID, MSGKEY, VAL, LAST_UPDATE)  VALUES(6011, '10', 'card.contactlessChipNumber.label', 'MNO', TO_DATE('2013-02-11 13:15:17','YYYY-MM-DD HH24:MI:SS'));
INSERT INTO CMN_APPLICATION_RESOURCE(ID, LANGUAGE_ID, MSGKEY, VAL, LAST_UPDATE)  VALUES(6012, '1', 'card.contactlessChipNumber.label', 'MNO', TO_DATE('2013-02-11 13:15:17','YYYY-MM-DD HH24:MI:SS'));
INSERT INTO CMN_APPLICATION_RESOURCE(ID, LANGUAGE_ID, MSGKEY, VAL, LAST_UPDATE)  VALUES(6013, '10', 'card.contactChipNumber.label', 'SEID', TO_DATE('2013-02-11 13:15:17','YYYY-MM-DD HH24:MI:SS'));
INSERT INTO CMN_APPLICATION_RESOURCE(ID, LANGUAGE_ID, MSGKEY, VAL, LAST_UPDATE)  VALUES(6014, '1', 'card.contactChipNumber.label', 'SEID', TO_DATE('2013-02-11 13:15:17','YYYY-MM-DD HH24:MI:SS'));
INSERT INTO CMN_APPLICATION_RESOURCE(ID, LANGUAGE_ID, MSGKEY, VAL, LAST_UPDATE)  VALUES(6015, '10', 'card.nameOnCard.label', 'MSISDN', TO_DATE('2013-02-11 13:15:17','YYYY-MM-DD HH24:MI:SS'));
INSERT INTO CMN_APPLICATION_RESOURCE(ID, LANGUAGE_ID, MSGKEY, VAL, LAST_UPDATE)  VALUES(6016, '1', 'card.nameOnCard.label', 'MSISDN', TO_DATE('2013-02-11 13:15:17','YYYY-MM-DD HH24:MI:SS'));
INSERT INTO CMN_APPLICATION_RESOURCE(ID, LANGUAGE_ID, MSGKEY, VAL, LAST_UPDATE)  VALUES(6017, '10', 'cardholder.imei.label', 'IMEI', TO_DATE('2013-02-11 13:15:17','YYYY-MM-DD HH24:MI:SS'));
INSERT INTO CMN_APPLICATION_RESOURCE(ID, LANGUAGE_ID, MSGKEY, VAL, LAST_UPDATE)  VALUES(6018, '1', 'cardholder.imei.label', 'IMEI', TO_DATE('2013-02-11 13:15:17','YYYY-MM-DD HH24:MI:SS'));
INSERT INTO CMN_APPLICATION_RESOURCE(ID, LANGUAGE_ID, MSGKEY, VAL, LAST_UPDATE)  VALUES(6023, '10', 'cardType.photoSignatureValidity.label', 'Token validity period (in days)', TO_DATE('2013-02-11 13:15:17','YYYY-MM-DD HH24:MI:SS'));
INSERT INTO CMN_APPLICATION_RESOURCE(ID, LANGUAGE_ID, MSGKEY, VAL, LAST_UPDATE)  VALUES(6024, '1', 'cardType.photoSignatureValidity.label', 'Token validity period (in days)', TO_DATE('2013-02-11 13:15:17','YYYY-MM-DD HH24:MI:SS'));
INSERT INTO CMN_APPLICATION_RESOURCE(ID, LANGUAGE_ID, MSGKEY, VAL, LAST_UPDATE)  VALUES(6025, '10', 'card.distinguishedName', 'Hashed PAN', TO_DATE('2013-02-11 13:15:17','YYYY-MM-DD HH24:MI:SS'));
INSERT INTO CMN_APPLICATION_RESOURCE(ID, LANGUAGE_ID, MSGKEY, VAL, LAST_UPDATE)  VALUES(6026, '1', 'card.distinguishedName', 'Hashed PAN', TO_DATE('2013-02-11 13:15:17','YYYY-MM-DD HH24:MI:SS'));
INSERT INTO CMN_APPLICATION_RESOURCE(ID, LANGUAGE_ID, MSGKEY, VAL, LAST_UPDATE)  VALUES(6027, '10', 'card.fascNumber', 'IMEI', TO_DATE('2013-02-11 13:15:17','YYYY-MM-DD HH24:MI:SS'));
INSERT INTO CMN_APPLICATION_RESOURCE(ID, LANGUAGE_ID, MSGKEY, VAL, LAST_UPDATE)  VALUES(6028, '1', 'card.fascNumber', 'IMEI', TO_DATE('2013-02-11 13:15:17','YYYY-MM-DD HH24:MI:SS'));
INSERT INTO CMN_APPLICATION_RESOURCE(ID, LANGUAGE_ID, MSGKEY, VAL, LAST_UPDATE)  VALUES(6029, '1', 'card.identificationNumber', 'Client ID', TO_DATE('2013-02-11 13:15:17','YYYY-MM-DD HH24:MI:SS'));
INSERT INTO CMN_APPLICATION_RESOURCE(ID, LANGUAGE_ID, MSGKEY, VAL, LAST_UPDATE)  VALUES(6030, '10', 'card.identificationNumber', 'Client ID', TO_DATE('2013-02-11 13:15:17','YYYY-MM-DD HH24:MI:SS'));

INSERT INTO CAMS_X_CARDPROGRAM_TYPE_CARD(ID_TYPE_CARD, ID_CARDPROGRAM) VALUES(6100, 6100);
INSERT INTO CAMS_X_CARDPROGRAM_TYPE_CARD(ID_TYPE_CARD, ID_CARDPROGRAM) VALUES(6103, 6103);
INSERT INTO CAMS_X_CARDPROGRAM_TYPE_CARD(ID_TYPE_CARD, ID_CARDPROGRAM) VALUES(6104, 6104);
INSERT INTO CAMS_X_CARDPROGRAM_TYPE_CARD(ID_TYPE_CARD, ID_CARDPROGRAM) VALUES(6105, 6105);

INSERT INTO CAMS_X_APP_VER_ADDON_FILE(ID_APPLICATION_VERSION, ID_ADDON_FILE) VALUES(6100, 6100);
INSERT INTO CAMS_X_APP_VER_ADDON_FILE(ID_APPLICATION_VERSION, ID_ADDON_FILE) VALUES(6103, 6103);
INSERT INTO CAMS_X_APP_VER_ADDON_FILE(ID_APPLICATION_VERSION, ID_ADDON_FILE) VALUES(6103, 6105);
INSERT INTO CAMS_X_APP_VER_ADDON_FILE(ID_APPLICATION_VERSION, ID_ADDON_FILE) VALUES(6104, 6104);
INSERT INTO CAMS_X_APP_VER_ADDON_FILE(ID_APPLICATION_VERSION, ID_ADDON_FILE) VALUES(6105, 6100);

INSERT INTO CAMS_C_TYPE_CPO(ID, NAME, ID_LIFECYCLE) VALUES (21, 'Default Type Production Order', 21);


INSERT INTO KMS_IOPROCEDURE(ID, NAME, DESCRIPTION, IND_PINREQURED, IMPLEMENTATION, DIRECTION, IMPLEMENTATION_AVAILABLE)  VALUES(1002, 'IMPORT_KEY_FROM_HSM', 'Import Key From HSM', 0, 'Import_Key_From_HSM', 1, 1);
INSERT INTO KMS_IOPROCEDURE(ID, NAME, DESCRIPTION, IND_PINREQURED, IMPLEMENTATION, DIRECTION, IMPLEMENTATION_AVAILABLE)  VALUES(1003, 'IMPORT_SECRET_KEY_USING_3_CLEARTEXT_COMPONENTS', 'Import Secret Key Using 3 Cleartext Components', 0, 'Import_Secret_Key_Using_3_Cleartext_Components', 1, 1);
INSERT INTO KMS_IOPROCEDURE(ID, NAME, DESCRIPTION, IND_PINREQURED, IMPLEMENTATION, DIRECTION, IMPLEMENTATION_AVAILABLE)  VALUES(1004, 'IMPORT_SECRET_KEY_USING_2_CLEARTEXT_COMPONENTS', 'Import Secret Key Using 2 Cleartext Components', 0, 'Import_Secret_Key_Using_2_Cleartext_Components', 1, 1);
INSERT INTO KMS_IOPROCEDURE(ID, NAME, DESCRIPTION, IND_PINREQURED, IMPLEMENTATION, DIRECTION, IMPLEMENTATION_AVAILABLE)  VALUES(1005, 'IMPORT_X509_CERTIFICATE', 'Import X509 Certificate', 0, 'Import_X509_Certificate', 1, 1);
INSERT INTO KMS_IOPROCEDURE(ID, NAME, DESCRIPTION, IND_PINREQURED, IMPLEMENTATION, DIRECTION, IMPLEMENTATION_AVAILABLE)  VALUES(1006, 'IMPORT_RSA_PRIVATE_KEY_ENCRYPTED', 'Import RSA Private Key Encrypted', 0, 'Import_RSA_Private_Key_Encrypted', 1, 1);
INSERT INTO KMS_IOPROCEDURE(ID, NAME, DESCRIPTION, IND_PINREQURED, IMPLEMENTATION, DIRECTION, IMPLEMENTATION_AVAILABLE)  VALUES(1009, 'IMPORT_RSA_PUBLIC_KEY', 'Import RSA Public Key', 0, 'Import_RSA_Public_Key', 1, 1);
INSERT INTO KMS_IOPROCEDURE(ID, NAME, DESCRIPTION, IND_PINREQURED, IMPLEMENTATION, DIRECTION, IMPLEMENTATION_AVAILABLE)  VALUES(1013, 'IMPORT_WORKING_KEY_ENCRYPTED', 'Import Working Key Encrypted', 0, 'Import_Working_Key_Encrypted', 1, 1);
INSERT INTO KMS_IOPROCEDURE(ID, NAME, DESCRIPTION, IND_PINREQURED, IMPLEMENTATION, DIRECTION, IMPLEMENTATION_AVAILABLE)  VALUES(1015, 'EXPORT_X509_CERTIFICATE', 'Export X509 Certificate', 0, 'Export_X509_Certificate', 2, 1);
INSERT INTO KMS_IOPROCEDURE(ID, NAME, DESCRIPTION, IND_PINREQURED, IMPLEMENTATION, DIRECTION, IMPLEMENTATION_AVAILABLE)  VALUES(1016, 'EXPORT_SECRET_KEY_USING_2_CLEARTEXT_COMPONENTS', 'Export Secret Key Using 2 Cleartext Components', 0, 'Export_Secret_Key_Using_2_Cleartext_Components', 2, 1);
INSERT INTO KMS_IOPROCEDURE(ID, NAME, DESCRIPTION, IND_PINREQURED, IMPLEMENTATION, DIRECTION, IMPLEMENTATION_AVAILABLE)  VALUES(1017, 'EXPORT_KEY_TO_HSM', 'Export Key To HSM', 0, 'Export_Key_To_HSM', 2, 1);
INSERT INTO KMS_IOPROCEDURE(ID, NAME, DESCRIPTION, IND_PINREQURED, IMPLEMENTATION, DIRECTION, IMPLEMENTATION_AVAILABLE)  VALUES(1018, 'EXPORT_SECRET_KEY_USING_3_CLEARTEXT_COMPONENTS', 'Export Secret Key Using 3 Cleartext Components', 0, 'Export_Secret_Key_Using_3_Cleartext_Components', 2, 1);
INSERT INTO KMS_IOPROCEDURE(ID, NAME, DESCRIPTION, IND_PINREQURED, IMPLEMENTATION, DIRECTION, IMPLEMENTATION_AVAILABLE)  VALUES(1019, 'EXPORT_PKCS10_CERTIFICATE_REQUEST', 'Export PKCS10 Certificate Request', 0, 'Export_PKCS10_Certificate_Request', 2, 1);
INSERT INTO KMS_IOPROCEDURE(ID, NAME, DESCRIPTION, IND_PINREQURED, IMPLEMENTATION, DIRECTION, IMPLEMENTATION_AVAILABLE)  VALUES(1020, 'EXPORT_RSA_PUBLIC_KEY', 'Export RSA Public Key', 0, 'Export_RSA_Public_Key', 2, 1);
INSERT INTO KMS_IOPROCEDURE(ID, NAME, DESCRIPTION, IND_PINREQURED, IMPLEMENTATION, DIRECTION, IMPLEMENTATION_AVAILABLE)  VALUES(1021, 'EXPORT_KEYS_AND_PINS_ENCRYPTED_WITH_SESSION_KEY', 'Export KEYs and PINs Encrypted With Session Key', 0, 'Export_KEYs_and_PINs_Encrypted_With_Session_Key', 2, 1);
INSERT INTO KMS_IOPROCEDURE(ID, NAME, DESCRIPTION, IND_PINREQURED, IMPLEMENTATION, DIRECTION, IMPLEMENTATION_AVAILABLE)  VALUES(1022, 'GEN_AND_EXPORT_SECRET_KEY_USING_2_CLEARTEXT_COMPONENTS', 'Generate and Export Secret Key Using 2 Cleartext Components', 0, 'Gen_And_Export_Secret_Key_Using_2_Cleartext_Components', 2, 1);
INSERT INTO KMS_IOPROCEDURE(ID, NAME, DESCRIPTION, IND_PINREQURED, IMPLEMENTATION, DIRECTION, IMPLEMENTATION_AVAILABLE)  VALUES(1023, 'GEN_AND_EXPORT_SECRET_KEY_USING_3_CLEARTEXT_COMPONENTS', 'Generate and Export Secret Key Using 3 Cleartext Components', 0, 'Gen_And_Export_Secret_Key_Using_3_Cleartext_Components', 2, 1);
INSERT INTO KMS_IOPROCEDURE(ID, NAME, DESCRIPTION, IND_PINREQURED, IMPLEMENTATION, DIRECTION, IMPLEMENTATION_AVAILABLE)  VALUES(1024, 'EXPORT_WORKING_KEY_ENCRYPTED', 'Export Working Key Encrypted', 0, 'Export_Working_Key_Encrypted', 2, 1);
INSERT INTO KMS_IOPROCEDURE(ID, NAME, DESCRIPTION, IND_PINREQURED, IMPLEMENTATION, DIRECTION, IMPLEMENTATION_AVAILABLE)  VALUES(1025, 'EXPORT_RSA_PRIVATE_KEY_ENCRYPTED', 'Export RSA Private Key Encrypted', 0, 'Export_RSA_Private_Key_Encrypted', 2, 1);
INSERT INTO KMS_IOPROCEDURE(ID, NAME, DESCRIPTION, IND_PINREQURED, IMPLEMENTATION, DIRECTION, IMPLEMENTATION_AVAILABLE)  VALUES(1028, 'EXPORT_MSK', 'Export MSK', 0, 'Export_MSK', 2, 1);

INSERT INTO KMS_IOPROCEDURE_APPLICABILITY(ID, ID_IOPROCEDURE, KEY_TYPE, KEY_ALGORITHM, KEY_ROLE)  VALUES(1002, 1002, 1, 4, 4);
INSERT INTO KMS_IOPROCEDURE_APPLICABILITY(ID, ID_IOPROCEDURE, KEY_TYPE, KEY_ALGORITHM, KEY_ROLE)  VALUES(1003, 1002, 1, 2, 4);
INSERT INTO KMS_IOPROCEDURE_APPLICABILITY(ID, ID_IOPROCEDURE, KEY_TYPE, KEY_ALGORITHM, KEY_ROLE)  VALUES(1004, 1002, 1, 3, 4);
INSERT INTO KMS_IOPROCEDURE_APPLICABILITY(ID, ID_IOPROCEDURE, KEY_TYPE, KEY_ALGORITHM, KEY_ROLE)  VALUES(1005, 1002, 3, 6, 4);
INSERT INTO KMS_IOPROCEDURE_APPLICABILITY(ID, ID_IOPROCEDURE, KEY_TYPE, KEY_ALGORITHM, KEY_ROLE)  VALUES(1006, 1002, 2, 6, 4);
INSERT INTO KMS_IOPROCEDURE_APPLICABILITY(ID, ID_IOPROCEDURE, KEY_TYPE, KEY_ALGORITHM, KEY_ROLE)  VALUES(1007, 1002, 1, 1, 4);
INSERT INTO KMS_IOPROCEDURE_APPLICABILITY(ID, ID_IOPROCEDURE, KEY_TYPE, KEY_ALGORITHM, KEY_ROLE)  VALUES(1008, 1003, 1, 1, 3);
INSERT INTO KMS_IOPROCEDURE_APPLICABILITY(ID, ID_IOPROCEDURE, KEY_TYPE, KEY_ALGORITHM, KEY_ROLE)  VALUES(1009, 1003, 1, 1, 2);
INSERT INTO KMS_IOPROCEDURE_APPLICABILITY(ID, ID_IOPROCEDURE, KEY_TYPE, KEY_ALGORITHM, KEY_ROLE)  VALUES(1010, 1003, 1, 2, 3);
INSERT INTO KMS_IOPROCEDURE_APPLICABILITY(ID, ID_IOPROCEDURE, KEY_TYPE, KEY_ALGORITHM, KEY_ROLE)  VALUES(1011, 1003, 1, 2, 2);
INSERT INTO KMS_IOPROCEDURE_APPLICABILITY(ID, ID_IOPROCEDURE, KEY_TYPE, KEY_ALGORITHM, KEY_ROLE)  VALUES(1012, 1003, 1, 3, 3);
INSERT INTO KMS_IOPROCEDURE_APPLICABILITY(ID, ID_IOPROCEDURE, KEY_TYPE, KEY_ALGORITHM, KEY_ROLE)  VALUES(1013, 1003, 1, 3, 2);
INSERT INTO KMS_IOPROCEDURE_APPLICABILITY(ID, ID_IOPROCEDURE, KEY_TYPE, KEY_ALGORITHM, KEY_ROLE)  VALUES(1014, 1004, 1, 3, 2);
INSERT INTO KMS_IOPROCEDURE_APPLICABILITY(ID, ID_IOPROCEDURE, KEY_TYPE, KEY_ALGORITHM, KEY_ROLE)  VALUES(1015, 1004, 1, 2, 3);
INSERT INTO KMS_IOPROCEDURE_APPLICABILITY(ID, ID_IOPROCEDURE, KEY_TYPE, KEY_ALGORITHM, KEY_ROLE)  VALUES(1016, 1004, 1, 2, 2);
INSERT INTO KMS_IOPROCEDURE_APPLICABILITY(ID, ID_IOPROCEDURE, KEY_TYPE, KEY_ALGORITHM, KEY_ROLE)  VALUES(1017, 1004, 1, 1, 3);
INSERT INTO KMS_IOPROCEDURE_APPLICABILITY(ID, ID_IOPROCEDURE, KEY_TYPE, KEY_ALGORITHM, KEY_ROLE)  VALUES(1018, 1004, 1, 1, 2);
INSERT INTO KMS_IOPROCEDURE_APPLICABILITY(ID, ID_IOPROCEDURE, KEY_TYPE, KEY_ALGORITHM, KEY_ROLE)  VALUES(1019, 1004, 1, 3, 3);
INSERT INTO KMS_IOPROCEDURE_APPLICABILITY(ID, ID_IOPROCEDURE, KEY_TYPE, KEY_ALGORITHM, KEY_ROLE)  VALUES(1020, 1005, 5, 6, 4);
INSERT INTO KMS_IOPROCEDURE_APPLICABILITY(ID, ID_IOPROCEDURE, KEY_TYPE, KEY_ALGORITHM, KEY_ROLE)  VALUES(1021, 1005, 5, 6, 3);
INSERT INTO KMS_IOPROCEDURE_APPLICABILITY(ID, ID_IOPROCEDURE, KEY_TYPE, KEY_ALGORITHM, KEY_ROLE)  VALUES(1022, 1006, 2, 6, 3);
INSERT INTO KMS_IOPROCEDURE_APPLICABILITY(ID, ID_IOPROCEDURE, KEY_TYPE, KEY_ALGORITHM, KEY_ROLE)  VALUES(1023, 1006, 2, 6, 4);
INSERT INTO KMS_IOPROCEDURE_APPLICABILITY(ID, ID_IOPROCEDURE, KEY_TYPE, KEY_ALGORITHM, KEY_ROLE)  VALUES(1026, 1009, 3, 6, 3);
INSERT INTO KMS_IOPROCEDURE_APPLICABILITY(ID, ID_IOPROCEDURE, KEY_TYPE, KEY_ALGORITHM, KEY_ROLE)  VALUES(1027, 1009, 3, 6, 4);
INSERT INTO KMS_IOPROCEDURE_APPLICABILITY(ID, ID_IOPROCEDURE, KEY_TYPE, KEY_ALGORITHM, KEY_ROLE)  VALUES(1031, 1013, 1, 1, 4);
INSERT INTO KMS_IOPROCEDURE_APPLICABILITY(ID, ID_IOPROCEDURE, KEY_TYPE, KEY_ALGORITHM, KEY_ROLE)  VALUES(1032, 1013, 2, 6, 4);
INSERT INTO KMS_IOPROCEDURE_APPLICABILITY(ID, ID_IOPROCEDURE, KEY_TYPE, KEY_ALGORITHM, KEY_ROLE)  VALUES(1033, 1013, 1, 2, 4);
INSERT INTO KMS_IOPROCEDURE_APPLICABILITY(ID, ID_IOPROCEDURE, KEY_TYPE, KEY_ALGORITHM, KEY_ROLE)  VALUES(1034, 1013, 1, 3, 4);
INSERT INTO KMS_IOPROCEDURE_APPLICABILITY(ID, ID_IOPROCEDURE, KEY_TYPE, KEY_ALGORITHM, KEY_ROLE)  VALUES(1035, 1013, 1, 4, 4);
INSERT INTO KMS_IOPROCEDURE_APPLICABILITY(ID, ID_IOPROCEDURE, KEY_TYPE, KEY_ALGORITHM, KEY_ROLE)  VALUES(1036, 1013, 1, 5, 4);
INSERT INTO KMS_IOPROCEDURE_APPLICABILITY(ID, ID_IOPROCEDURE, KEY_TYPE, KEY_ALGORITHM, KEY_ROLE)  VALUES(1038, 1015, 5, 6, 4);
INSERT INTO KMS_IOPROCEDURE_APPLICABILITY(ID, ID_IOPROCEDURE, KEY_TYPE, KEY_ALGORITHM, KEY_ROLE)  VALUES(1039, 1015, 5, 6, 3);
INSERT INTO KMS_IOPROCEDURE_APPLICABILITY(ID, ID_IOPROCEDURE, KEY_TYPE, KEY_ALGORITHM, KEY_ROLE)  VALUES(1040, 1016, 1, 3, 3);
INSERT INTO KMS_IOPROCEDURE_APPLICABILITY(ID, ID_IOPROCEDURE, KEY_TYPE, KEY_ALGORITHM, KEY_ROLE)  VALUES(1041, 1016, 1, 2, 3);
INSERT INTO KMS_IOPROCEDURE_APPLICABILITY(ID, ID_IOPROCEDURE, KEY_TYPE, KEY_ALGORITHM, KEY_ROLE)  VALUES(1042, 1016, 1, 1, 3);
INSERT INTO KMS_IOPROCEDURE_APPLICABILITY(ID, ID_IOPROCEDURE, KEY_TYPE, KEY_ALGORITHM, KEY_ROLE)  VALUES(1043, 1017, 3, 6, 4);
INSERT INTO KMS_IOPROCEDURE_APPLICABILITY(ID, ID_IOPROCEDURE, KEY_TYPE, KEY_ALGORITHM, KEY_ROLE)  VALUES(1044, 1017, 1, 3, 4);
INSERT INTO KMS_IOPROCEDURE_APPLICABILITY(ID, ID_IOPROCEDURE, KEY_TYPE, KEY_ALGORITHM, KEY_ROLE)  VALUES(1045, 1017, 1, 2, 4);
INSERT INTO KMS_IOPROCEDURE_APPLICABILITY(ID, ID_IOPROCEDURE, KEY_TYPE, KEY_ALGORITHM, KEY_ROLE)  VALUES(1046, 1017, 1, 1, 4);
INSERT INTO KMS_IOPROCEDURE_APPLICABILITY(ID, ID_IOPROCEDURE, KEY_TYPE, KEY_ALGORITHM, KEY_ROLE)  VALUES(1047, 1017, 1, 4, 4);
INSERT INTO KMS_IOPROCEDURE_APPLICABILITY(ID, ID_IOPROCEDURE, KEY_TYPE, KEY_ALGORITHM, KEY_ROLE)  VALUES(1048, 1017, 2, 6, 4);
INSERT INTO KMS_IOPROCEDURE_APPLICABILITY(ID, ID_IOPROCEDURE, KEY_TYPE, KEY_ALGORITHM, KEY_ROLE)  VALUES(1049, 1018, 1, 2, 3);
INSERT INTO KMS_IOPROCEDURE_APPLICABILITY(ID, ID_IOPROCEDURE, KEY_TYPE, KEY_ALGORITHM, KEY_ROLE)  VALUES(1050, 1018, 1, 3, 3);
INSERT INTO KMS_IOPROCEDURE_APPLICABILITY(ID, ID_IOPROCEDURE, KEY_TYPE, KEY_ALGORITHM, KEY_ROLE)  VALUES(1051, 1018, 1, 1, 3);
INSERT INTO KMS_IOPROCEDURE_APPLICABILITY(ID, ID_IOPROCEDURE, KEY_TYPE, KEY_ALGORITHM, KEY_ROLE)  VALUES(1052, 1019, 3, 6, 3);
INSERT INTO KMS_IOPROCEDURE_APPLICABILITY(ID, ID_IOPROCEDURE, KEY_TYPE, KEY_ALGORITHM, KEY_ROLE)  VALUES(1053, 1019, 3, 6, 4);
INSERT INTO KMS_IOPROCEDURE_APPLICABILITY(ID, ID_IOPROCEDURE, KEY_TYPE, KEY_ALGORITHM, KEY_ROLE)  VALUES(1054, 1020, 3, 6, 4);
INSERT INTO KMS_IOPROCEDURE_APPLICABILITY(ID, ID_IOPROCEDURE, KEY_TYPE, KEY_ALGORITHM, KEY_ROLE)  VALUES(1055, 1020, 3, 6, 3);
INSERT INTO KMS_IOPROCEDURE_APPLICABILITY(ID, ID_IOPROCEDURE, KEY_TYPE, KEY_ALGORITHM, KEY_ROLE)  VALUES(1056, 1021, 1, 5, 4);
INSERT INTO KMS_IOPROCEDURE_APPLICABILITY(ID, ID_IOPROCEDURE, KEY_TYPE, KEY_ALGORITHM, KEY_ROLE)  VALUES(1057, 1021, 1, 4, 4);
INSERT INTO KMS_IOPROCEDURE_APPLICABILITY(ID, ID_IOPROCEDURE, KEY_TYPE, KEY_ALGORITHM, KEY_ROLE)  VALUES(1058, 1021, 1, 2, 4);
INSERT INTO KMS_IOPROCEDURE_APPLICABILITY(ID, ID_IOPROCEDURE, KEY_TYPE, KEY_ALGORITHM, KEY_ROLE)  VALUES(1059, 1021, 1, 3, 2);
INSERT INTO KMS_IOPROCEDURE_APPLICABILITY(ID, ID_IOPROCEDURE, KEY_TYPE, KEY_ALGORITHM, KEY_ROLE)  VALUES(1060, 1021, 1, 2, 3);
INSERT INTO KMS_IOPROCEDURE_APPLICABILITY(ID, ID_IOPROCEDURE, KEY_TYPE, KEY_ALGORITHM, KEY_ROLE)  VALUES(1061, 1021, 1, 2, 2);
INSERT INTO KMS_IOPROCEDURE_APPLICABILITY(ID, ID_IOPROCEDURE, KEY_TYPE, KEY_ALGORITHM, KEY_ROLE)  VALUES(1062, 1021, 1, 3, 4);
INSERT INTO KMS_IOPROCEDURE_APPLICABILITY(ID, ID_IOPROCEDURE, KEY_TYPE, KEY_ALGORITHM, KEY_ROLE)  VALUES(1063, 1021, 1, 3, 3);
INSERT INTO KMS_IOPROCEDURE_APPLICABILITY(ID, ID_IOPROCEDURE, KEY_TYPE, KEY_ALGORITHM, KEY_ROLE)  VALUES(1064, 1021, 1, 1, 2);
INSERT INTO KMS_IOPROCEDURE_APPLICABILITY(ID, ID_IOPROCEDURE, KEY_TYPE, KEY_ALGORITHM, KEY_ROLE)  VALUES(1065, 1021, 2, 6, 4);
INSERT INTO KMS_IOPROCEDURE_APPLICABILITY(ID, ID_IOPROCEDURE, KEY_TYPE, KEY_ALGORITHM, KEY_ROLE)  VALUES(1066, 1021, 1, 1, 3);
INSERT INTO KMS_IOPROCEDURE_APPLICABILITY(ID, ID_IOPROCEDURE, KEY_TYPE, KEY_ALGORITHM, KEY_ROLE)  VALUES(1067, 1021, 1, 1, 4);
INSERT INTO KMS_IOPROCEDURE_APPLICABILITY(ID, ID_IOPROCEDURE, KEY_TYPE, KEY_ALGORITHM, KEY_ROLE)  VALUES(1068, 1021, 3, 6, 4);
INSERT INTO KMS_IOPROCEDURE_APPLICABILITY(ID, ID_IOPROCEDURE, KEY_TYPE, KEY_ALGORITHM, KEY_ROLE)  VALUES(1071, 1024, 1, 4, 4);
INSERT INTO KMS_IOPROCEDURE_APPLICABILITY(ID, ID_IOPROCEDURE, KEY_TYPE, KEY_ALGORITHM, KEY_ROLE)  VALUES(1072, 1024, 1, 2, 4);
INSERT INTO KMS_IOPROCEDURE_APPLICABILITY(ID, ID_IOPROCEDURE, KEY_TYPE, KEY_ALGORITHM, KEY_ROLE)  VALUES(1073, 1024, 2, 6, 4);
INSERT INTO KMS_IOPROCEDURE_APPLICABILITY(ID, ID_IOPROCEDURE, KEY_TYPE, KEY_ALGORITHM, KEY_ROLE)  VALUES(1074, 1024, 1, 3, 4);
INSERT INTO KMS_IOPROCEDURE_APPLICABILITY(ID, ID_IOPROCEDURE, KEY_TYPE, KEY_ALGORITHM, KEY_ROLE)  VALUES(1075, 1024, 1, 1, 4);
INSERT INTO KMS_IOPROCEDURE_APPLICABILITY(ID, ID_IOPROCEDURE, KEY_TYPE, KEY_ALGORITHM, KEY_ROLE)  VALUES(1076, 1024, 1, 5, 4);
INSERT INTO KMS_IOPROCEDURE_APPLICABILITY(ID, ID_IOPROCEDURE, KEY_TYPE, KEY_ALGORITHM, KEY_ROLE)  VALUES(1077, 1025, 2, 6, 4);
INSERT INTO KMS_IOPROCEDURE_APPLICABILITY(ID, ID_IOPROCEDURE, KEY_TYPE, KEY_ALGORITHM, KEY_ROLE)  VALUES(1078, 1025, 2, 6, 3);
INSERT INTO KMS_IOPROCEDURE_APPLICABILITY(ID, ID_IOPROCEDURE, KEY_TYPE, KEY_ALGORITHM, KEY_ROLE)  VALUES(1081, 1028, 1, 2, 1);
INSERT INTO KMS_IOPROCEDURE_APPLICABILITY(ID, ID_IOPROCEDURE, KEY_TYPE, KEY_ALGORITHM, KEY_ROLE)  VALUES(1082, 1028, 1, 3, 1);
INSERT INTO KMS_IOPROCEDURE_APPLICABILITY(ID, ID_IOPROCEDURE, KEY_TYPE, KEY_ALGORITHM, KEY_ROLE)  VALUES(1090, 1022, 1, 3, 3);
INSERT INTO KMS_IOPROCEDURE_APPLICABILITY(ID, ID_IOPROCEDURE, KEY_TYPE, KEY_ALGORITHM, KEY_ROLE)  VALUES(1091, 1022, 1, 2, 3);
INSERT INTO KMS_IOPROCEDURE_APPLICABILITY(ID, ID_IOPROCEDURE, KEY_TYPE, KEY_ALGORITHM, KEY_ROLE)  VALUES(1092, 1022, 1, 1, 3);
INSERT INTO KMS_IOPROCEDURE_APPLICABILITY(ID, ID_IOPROCEDURE, KEY_TYPE, KEY_ALGORITHM, KEY_ROLE)  VALUES(1093, 1023, 1, 3, 3);
INSERT INTO KMS_IOPROCEDURE_APPLICABILITY(ID, ID_IOPROCEDURE, KEY_TYPE, KEY_ALGORITHM, KEY_ROLE)  VALUES(1094, 1023, 1, 2, 3);
INSERT INTO KMS_IOPROCEDURE_APPLICABILITY(ID, ID_IOPROCEDURE, KEY_TYPE, KEY_ALGORITHM, KEY_ROLE)  VALUES(1095, 1024, 1, 1, 3);

INSERT INTO KMS_KEYPROFILE(ID, KEY_TYPE, NAME, DESCRIPTION, VARIANT, IND_MULTIPLE_KEY, LENGTH, KEY_ALGORITHM, KEY_ROLE, KEY_SOURCE, IND_DECRYPT, IND_DERIVE, IND_ENCRYPT, IND_EXTRACTABLE, IND_MODIFIABLE, IND_PERMANENT, IND_PRIVATE, IND_SENSITIVE, IND_SIGN, IND_UNWRAP, IND_VERIFY, IND_WRAP, ID_STORAGEKEYPROFILE, DFLT_CHAINING, NAME_GENERATOR)  VALUES(1000, 1, 'MSK_KMS', 'MSK KMS', null, 0, 24, 2, 1, 1, 0, 0, 1, 1, 1, 1, 0, null, 0, 1, 0, 1, null, 2, 'defaultNameGenerator');
INSERT INTO KMS_KEYPROFILE(ID, KEY_TYPE, NAME, DESCRIPTION, VARIANT, IND_MULTIPLE_KEY, LENGTH, KEY_ALGORITHM, KEY_ROLE, KEY_SOURCE, IND_DECRYPT, IND_DERIVE, IND_ENCRYPT, IND_EXTRACTABLE, IND_MODIFIABLE, IND_PERMANENT, IND_PRIVATE, IND_SENSITIVE, IND_SIGN, IND_UNWRAP, IND_VERIFY, IND_WRAP, ID_STORAGEKEYPROFILE, DFLT_CHAINING, NAME_GENERATOR)  VALUES(7511, 1, 'BELLID_KEK', 'Key Encryption Key for Bell ID internal working keys', null, 1, 24, 2, 2, 1, 1, 0, 1, 1, 0, 0, 0, null, 0, 1, 0, 1, 1000, 2, 'defaultNameGenerator');
INSERT INTO KMS_KEYPROFILE(ID, KEY_TYPE, NAME, DESCRIPTION, VARIANT, IND_MULTIPLE_KEY, LENGTH, KEY_ALGORITHM, KEY_ROLE, KEY_SOURCE, IND_DECRYPT, IND_DERIVE, IND_ENCRYPT, IND_EXTRACTABLE, IND_MODIFIABLE, IND_PERMANENT, IND_PRIVATE, IND_SENSITIVE, IND_SIGN, IND_UNWRAP, IND_VERIFY, IND_WRAP, ID_STORAGEKEYPROFILE, DFLT_CHAINING, NAME_GENERATOR)  VALUES(7512, 1, 'AES_BELLID_KEK', 'AES Key Encryption Key for Bell ID internal working keys', 'K0', 1, 32, 3, 2, 3, 1, 0, 1, 1, 0, 0, 0, null, 0, 1, 0, 1, 1000, 2, 'defaultNameGenerator');
INSERT INTO KMS_KEYPROFILE(ID, KEY_TYPE, NAME, DESCRIPTION, VARIANT, IND_MULTIPLE_KEY, LENGTH, KEY_ALGORITHM, KEY_ROLE, KEY_SOURCE, IND_DECRYPT, IND_DERIVE, IND_ENCRYPT, IND_EXTRACTABLE, IND_MODIFIABLE, IND_PERMANENT, IND_PRIVATE, IND_SENSITIVE, IND_SIGN, IND_UNWRAP, IND_VERIFY, IND_WRAP, ID_STORAGEKEYPROFILE, DFLT_CHAINING, NAME_GENERATOR)  VALUES(7514, 1, 'ENC_PAN_KEY', 'Encrypt PAN Parameter Key (Bell ID internal)', '00A', 1, 16, 2, 4, 1, 1, 0, 1, 1, 1, 0, 0, null, 0, 0, 0, 0, 7511, 2, 'defaultNameGenerator');
INSERT INTO KMS_KEYPROFILE(ID, KEY_TYPE, NAME, DESCRIPTION, VARIANT, IND_MULTIPLE_KEY, LENGTH, KEY_ALGORITHM, KEY_ROLE, KEY_SOURCE, IND_DECRYPT, IND_DERIVE, IND_ENCRYPT, IND_EXTRACTABLE, IND_MODIFIABLE, IND_PERMANENT, IND_PRIVATE, IND_SENSITIVE, IND_SIGN, IND_UNWRAP, IND_VERIFY, IND_WRAP, ID_STORAGEKEYPROFILE, DFLT_CHAINING, NAME_GENERATOR)  VALUES(7515, 1, 'ENC_PIN_KEY', 'Encrypt PIN Parameter Key (Bell ID internal)', '00A', 1, 16, 2, 4, 1, 1, 0, 1, 1, 1, 0, 0, null, 0, 0, 0, 0, 7511, 2, 'defaultNameGenerator');
INSERT INTO KMS_KEYPROFILE(ID, KEY_TYPE, NAME, DESCRIPTION, VARIANT, IND_MULTIPLE_KEY, LENGTH, KEY_ALGORITHM, KEY_ROLE, KEY_SOURCE, IND_DECRYPT, IND_DERIVE, IND_ENCRYPT, IND_EXTRACTABLE, IND_MODIFIABLE, IND_PERMANENT, IND_PRIVATE, IND_SENSITIVE, IND_SIGN, IND_UNWRAP, IND_VERIFY, IND_WRAP, ID_STORAGEKEYPROFILE, DFLT_CHAINING)  VALUES(7600, 1, 'THIRDPARTY_KEK', 'Thirdparty Key Encryption Key', null, 1, 24, 2, 2, 1, 0, 0, 1, 1, 0, 0, 0, null, 0, 1, 0, 1, 1000, 2);
INSERT INTO KMS_KEYPROFILE(ID, KEY_TYPE, NAME, DESCRIPTION, VARIANT, IND_MULTIPLE_KEY, LENGTH, KEY_ALGORITHM, KEY_ROLE, KEY_SOURCE, IND_DECRYPT, IND_DERIVE, IND_ENCRYPT, IND_EXTRACTABLE, IND_MODIFIABLE, IND_PERMANENT, IND_PRIVATE, IND_SENSITIVE, IND_SIGN, IND_UNWRAP, IND_VERIFY, IND_WRAP, ID_STORAGEKEYPROFILE, DFLT_CHAINING)  VALUES(7601, 1, 'BELL_ID_ZMK', 'Bell ID ZMK', null, 1, 16, 2, 3, 3, 0, 0, 1, 1, 1, 0, 0, null, 0, 1, 0, 1, 1000, 2);
INSERT INTO KMS_KEYPROFILE(ID, KEY_TYPE, NAME, DESCRIPTION, VARIANT, IND_MULTIPLE_KEY, LENGTH, KEY_ALGORITHM, KEY_ROLE, KEY_SOURCE, IND_DECRYPT, IND_DERIVE, IND_ENCRYPT, IND_EXTRACTABLE, IND_MODIFIABLE, IND_PERMANENT, IND_PRIVATE, IND_SENSITIVE, IND_SIGN, IND_UNWRAP, IND_VERIFY, IND_WRAP, ID_STORAGEKEYPROFILE, DFLT_CHAINING, NAME_GENERATOR)  VALUES(7602, 1, 'PERSO_TK', 'Encrypts card keys within DGIs', '000', 1, 16, 2, 3, 3, 0, 0, 1, 1, 1, 0, 0, null, 0, 1, 0, 1, 1000, 2, 'defaultNameGenerator');
INSERT INTO KMS_KEYPROFILE(ID, KEY_TYPE, NAME, DESCRIPTION, VARIANT, IND_MULTIPLE_KEY, LENGTH, KEY_ALGORITHM, KEY_ROLE, KEY_SOURCE, IND_DECRYPT, IND_DERIVE, IND_ENCRYPT, IND_EXTRACTABLE, IND_MODIFIABLE, IND_PERMANENT, IND_PRIVATE, IND_SENSITIVE, IND_SIGN, IND_UNWRAP, IND_VERIFY, IND_WRAP, ID_STORAGEKEYPROFILE, DFLT_CHAINING, NAME_GENERATOR)  VALUES(7603, 1, 'PERSO_PIN', 'Encrypts PIN within DGIs', '00A', 1, 16, 2, 4, 3, 1, 0, 1, 1, 1, 0, 0, null, 0, 1, 0, 1, 7600, 2, 'defaultNameGenerator');
INSERT INTO KMS_KEYPROFILE(ID, KEY_TYPE, NAME, DESCRIPTION, VARIANT, IND_MULTIPLE_KEY, LENGTH, KEY_ALGORITHM, KEY_ROLE, KEY_SOURCE, IND_DECRYPT, IND_DERIVE, IND_ENCRYPT, IND_EXTRACTABLE, IND_MODIFIABLE, IND_PERMANENT, IND_PRIVATE, IND_SENSITIVE, IND_SIGN, IND_UNWRAP, IND_VERIFY, IND_WRAP, ID_STORAGEKEYPROFILE, DFLT_CHAINING)  VALUES(7706, 1, 'UDK_AUTH', 'Unique Derived Key', '00A', 1, 16, 2, 4, 1, 1, 1, 1, 1, 1, 0, 0, null, 1, 1, 1, 1, 7511, 2);
INSERT INTO KMS_KEYPROFILE(ID, KEY_TYPE, NAME, DESCRIPTION, VARIANT, IND_MULTIPLE_KEY, LENGTH, KEY_ALGORITHM, KEY_ROLE, KEY_SOURCE, IND_DECRYPT, IND_DERIVE, IND_ENCRYPT, IND_EXTRACTABLE, IND_MODIFIABLE, IND_PERMANENT, IND_PRIVATE, IND_SENSITIVE, IND_SIGN, IND_UNWRAP, IND_VERIFY, IND_WRAP, ID_STORAGEKEYPROFILE, DFLT_CHAINING)  VALUES(7707, 1, 'UDK_MAC', 'Unique Derived Key for Data Integrity', '00A', 1, 16, 2, 4, 1, 0, 1, 1, 1, 1, 0, 0, null, 1, 1, 1, 1, 7511, 2);
INSERT INTO KMS_KEYPROFILE(ID, KEY_TYPE, NAME, DESCRIPTION, VARIANT, IND_MULTIPLE_KEY, LENGTH, KEY_ALGORITHM, KEY_ROLE, KEY_SOURCE, IND_DECRYPT, IND_DERIVE, IND_ENCRYPT, IND_EXTRACTABLE, IND_MODIFIABLE, IND_PERMANENT, IND_PRIVATE, IND_SENSITIVE, IND_SIGN, IND_UNWRAP, IND_VERIFY, IND_WRAP, ID_STORAGEKEYPROFILE, DFLT_CHAINING)  VALUES(7708, 1, 'UDK_ENC', 'Unique Derived Key for Data Encryption', '00A', 1, 16, 2, 4, 1, 0, 1, 1, 1, 1, 0, 0, null, 0, 1, 0, 1, 7511, 2);
INSERT INTO KMS_KEYPROFILE(ID, KEY_TYPE, NAME, DESCRIPTION, VARIANT, IND_MULTIPLE_KEY, LENGTH, KEY_ALGORITHM, KEY_ROLE, KEY_SOURCE, IND_DECRYPT, IND_DERIVE, IND_ENCRYPT, IND_EXTRACTABLE, IND_MODIFIABLE, IND_PERMANENT, IND_PRIVATE, IND_SENSITIVE, IND_SIGN, IND_UNWRAP, IND_VERIFY, IND_WRAP, ID_STORAGEKEYPROFILE, DFLT_CHAINING)  VALUES(7709, 1, 'ALT_UDK_4_DCVV', 'Alternate Unique Derived Key (UDK) used in dCVV calculations', '402', 1, 16, 2, 4, 1, 1, 1, 1, 1, 1, 0, 0, null, 0, 1, 0, 1, 7511, 1);
INSERT INTO KMS_KEYPROFILE(ID, KEY_TYPE, NAME, DESCRIPTION, VARIANT, IND_MULTIPLE_KEY, LENGTH, KEY_ALGORITHM, KEY_ROLE, KEY_SOURCE, IND_DECRYPT, IND_DERIVE, IND_ENCRYPT, IND_EXTRACTABLE, IND_MODIFIABLE, IND_PERMANENT, IND_PRIVATE, IND_SENSITIVE, IND_SIGN, IND_UNWRAP, IND_VERIFY, IND_WRAP, ID_STORAGEKEYPROFILE, DFLT_CHAINING)  VALUES(7713, 1, 'ALT_UDK_4_CVC3', 'Alternate Unique Derived Key (UDK) used in CVC3 calculations', '402', 1, 16, 2, 4, 1, 1, 1, 1, 1, 1, 0, 0, null, 1, 1, 0, 1, 7511, 1);
INSERT INTO KMS_KEYPROFILE(ID, KEY_TYPE, NAME, DESCRIPTION, VARIANT, IND_MULTIPLE_KEY, LENGTH, KEY_ALGORITHM, KEY_ROLE, KEY_SOURCE, IND_DECRYPT, IND_DERIVE, IND_ENCRYPT, IND_EXTRACTABLE, IND_MODIFIABLE, IND_PERMANENT, IND_PRIVATE, IND_SENSITIVE, IND_SIGN, IND_UNWRAP, IND_VERIFY, IND_WRAP, ID_STORAGEKEYPROFILE, DFLT_CHAINING)  VALUES(7710, 1, 'PASSCODE', 'Passcode Reference Block', null, 1,  8, 4, 4, 1, 0, 1, 0, 1, 1, 0, 0, null, 0, 1, 0, 1, 7511, 2);
INSERT INTO KMS_KEYPROFILE(ID, KEY_TYPE, NAME, DESCRIPTION, VARIANT, IND_MULTIPLE_KEY, LENGTH, KEY_ALGORITHM, KEY_ROLE, KEY_SOURCE, IND_DECRYPT, IND_DERIVE, IND_ENCRYPT, IND_EXTRACTABLE, IND_MODIFIABLE, IND_PERMANENT, IND_PRIVATE, IND_SENSITIVE, IND_SIGN, IND_UNWRAP, IND_VERIFY, IND_WRAP, ID_STORAGEKEYPROFILE, DFLT_CHAINING)  VALUES(7719, 1, 'MC_REMOTE_SE_MOBILE_M_KEY', 'The Mobile Key (32 bytes AES256) generated by the Remote-SE System', 'D0', 1, 32, 3, 4, 1, 1, 1, 1, 1, 1, 0, 0, null, 0, 0, 0, 1, 7512, 2);
INSERT INTO KMS_KEYPROFILE(ID, KEY_TYPE, NAME, DESCRIPTION, VARIANT, IND_MULTIPLE_KEY, LENGTH, KEY_ALGORITHM, KEY_ROLE, KEY_SOURCE, IND_DECRYPT, IND_DERIVE, IND_ENCRYPT, IND_EXTRACTABLE, IND_MODIFIABLE, IND_PERMANENT, IND_PRIVATE, IND_SENSITIVE, IND_SIGN, IND_UNWRAP, IND_VERIFY, IND_WRAP, ID_STORAGEKEYPROFILE, DFLT_CHAINING)  VALUES(7720, 1, 'UDK_IDN', 'Unique Derived Key for ICC Dynamic Number', '509', 1, 16, 2, 4, 1, 0, 1, 1, 1, 1, 0, 0, null, 0, 1, 0, 1, 7511, 2);

-- default IO-site
INSERT INTO KMS_IOSITE(ID, NAME, DESCRIPTION) VALUES (7500, 'BellID', 'BellID');
INSERT INTO KMS_IOKEYSETPROFILE(ID, ID_IOPROCEDURE, ID_IOSITE)  VALUES(7500, 1003, 7500);
INSERT INTO KMS_IOKEYSETPROFILE(ID, ID_IOPROCEDURE, ID_IOSITE)  VALUES(7510, 1004, 7500);
INSERT INTO KMS_IOKEYSETPROFILE(ID, ID_EXCH_KEYPROFILE, ID_IOPROCEDURE, ID_IOSITE)  VALUES(7600, 7601, 1013, 7500);

INSERT INTO KMS_KEYSETPROFILE (ID, NAME, DESCRIPTION) VALUES (9000, 'VCPA21_IMK_KEYSET', 'VCPA21 Issuer Master Keys');
INSERT INTO KMS_KEYPROFILE (ID, NAME, DESCRIPTION, VARIANT, ID_KEYSETPROFILE, IND_MULTIPLE_KEY, LENGTH, KEY_TYPE, KEY_ALGORITHM, KEY_ROLE, KEY_SOURCE,
 	IND_DECRYPT, IND_DERIVE, IND_ENCRYPT, IND_EXTRACTABLE, IND_MODIFIABLE, IND_PERMANENT, IND_PRIVATE, IND_SIGN, IND_UNWRAP, IND_VERIFY, IND_WRAP, ID_STORAGEKEYPROFILE, DFLT_CHAINING)
VALUES (9000, 'VCPA21_IMK_AC_KEY', 'VCPA21 Issuer Master Key for Application Cryptogram', '109', 9000, 1, 16, 1, 2, 4, 3, 0, 1,   1, 1, 1, 0, 0, 0, 0,   0, 0, 7511, 2);
INSERT INTO KMS_KEYPROFILE (ID, NAME, DESCRIPTION, VARIANT, ID_KEYSETPROFILE, IND_MULTIPLE_KEY, LENGTH, KEY_TYPE, KEY_ALGORITHM, KEY_ROLE, KEY_SOURCE,
 	IND_DECRYPT, IND_DERIVE, IND_ENCRYPT, IND_EXTRACTABLE, IND_MODIFIABLE, IND_PERMANENT, IND_PRIVATE, IND_SIGN, IND_UNWRAP, IND_VERIFY, IND_WRAP, ID_STORAGEKEYPROFILE, DFLT_CHAINING)
VALUES (9001, 'VCPA21_IMK_MAC_KEY', 'VCPA21 Issuer Master Key for Message Integrity', '209', 9000, 1, 16, 1, 2, 4, 3, 0, 1,   1, 1, 1, 0, 0, 0, 0,   0, 0, 7511, 2);
INSERT INTO KMS_KEYPROFILE (ID, NAME, DESCRIPTION, VARIANT, ID_KEYSETPROFILE, IND_MULTIPLE_KEY, LENGTH, KEY_TYPE, KEY_ALGORITHM, KEY_ROLE, KEY_SOURCE,
 	IND_DECRYPT, IND_DERIVE, IND_ENCRYPT, IND_EXTRACTABLE, IND_MODIFIABLE, IND_PERMANENT, IND_PRIVATE, IND_SIGN, IND_UNWRAP, IND_VERIFY, IND_WRAP, ID_STORAGEKEYPROFILE, DFLT_CHAINING)
VALUES (9002, 'VCPA21_IMK_ENC_KEY', 'VCPA21 Issuer Master Key for Message Confidentiality', '309', 9000, 1, 16, 1, 2, 4, 3, 0, 1,   1, 1, 1, 0, 0, 0, 0,   0, 0, 7511, 2);
INSERT INTO KMS_KEYPROFILE (ID, NAME, DESCRIPTION, VARIANT, ID_KEYSETPROFILE, IND_MULTIPLE_KEY, LENGTH, KEY_TYPE, KEY_ALGORITHM, KEY_ROLE, KEY_SOURCE,
 	IND_DECRYPT, IND_DERIVE, IND_ENCRYPT, IND_EXTRACTABLE, IND_MODIFIABLE, IND_PERMANENT, IND_PRIVATE, IND_SIGN, IND_UNWRAP, IND_VERIFY, IND_WRAP, ID_STORAGEKEYPROFILE, DFLT_CHAINING)
VALUES (9003, 'VCPA21_IMK_ICVC_KEY', 'VCPA21 Issuer iCVC', '402', 9000, 1, 16, 1, 2, 4, 3, 0, 1,   1, 1, 1, 0, 0, 0, 0,   0, 0, 7511, 2);


INSERT INTO KMS_IOKEYPROFILE(ID, ID_IOKEYSETPROFILE, ID_KEYPROFILE) VALUES(7500, 7500, 7601);
INSERT INTO KMS_IOKEYPROFILE(ID, ID_IOKEYSETPROFILE, ID_KEYPROFILE) VALUES (7503, 7500, 9000);
INSERT INTO KMS_IOKEYPROFILE(ID, ID_IOKEYSETPROFILE, ID_KEYPROFILE, CHAINING) VALUES (7504, 7600, 9000, 2);
INSERT INTO KMS_IOKEYPROFILE(ID, ID_IOKEYSETPROFILE, ID_KEYPROFILE) VALUES (7505, 7500, 9001);
INSERT INTO KMS_IOKEYPROFILE(ID, ID_IOKEYSETPROFILE, ID_KEYPROFILE, CHAINING) VALUES (7506, 7600, 9001, 2);
INSERT INTO KMS_IOKEYPROFILE(ID, ID_IOKEYSETPROFILE, ID_KEYPROFILE) VALUES (7507, 7500, 9002);
INSERT INTO KMS_IOKEYPROFILE(ID, ID_IOKEYSETPROFILE, ID_KEYPROFILE, CHAINING) VALUES (7508, 7600, 9002, 2);
INSERT INTO KMS_IOKEYPROFILE(ID, ID_IOKEYSETPROFILE, ID_KEYPROFILE) VALUES (7509, 7500, 9003);
INSERT INTO KMS_IOKEYPROFILE(ID, ID_IOKEYSETPROFILE, ID_KEYPROFILE, CHAINING) VALUES (7510, 7600, 9003, 2);
INSERT INTO KMS_IOKEYPROFILE(ID, ID_IOKEYSETPROFILE, ID_KEYPROFILE) VALUES (7511, 7500, 7602);
INSERT INTO KMS_IOKEYPROFILE(ID, ID_IOKEYSETPROFILE, ID_KEYPROFILE, CHAINING) VALUES (7512, 7600, 7602, 2);
INSERT INTO KMS_IOKEYPROFILE(ID, ID_IOKEYSETPROFILE, ID_KEYPROFILE) VALUES (7513, 7500, 7603);
INSERT INTO KMS_IOKEYPROFILE(ID, ID_IOKEYSETPROFILE, ID_KEYPROFILE, CHAINING) VALUES (7514, 7600, 7603, 2);
INSERT INTO KMS_IOKEYPROFILE(ID, ID_IOKEYSETPROFILE, ID_KEYPROFILE) VALUES (7515, 7510, 7512);


-- general
INSERT INTO CAMS_C_TYPE_ADDON_FILE (ID, NAME,DESCRIPTION,ID_TABLE_NAME) VALUES(71,'Dictionary','EMV Tag Dictionary', 6);
INSERT INTO CAMS_ADDON_FILE (ID, ID_TYPE_ADDON_FILE, NAME, DESCRIPTION, RESRC) VALUES (6108, 78, 'EMV KeyProfile names', 'EMV KeyProfile names', 'blob:6108');
INSERT INTO CAMS_ADDON_FILE (ID, ID_TYPE_ADDON_FILE, NAME, DESCRIPTION, RESRC) VALUES (6109, 71, 'VCPA21 Dictionary', 'VCPA21 Dictionary', 'blob:6109');


-- Dataprep & EMV template for VCPA on HCE
INSERT INTO CAMS_C_CARDPROGRAM(ID, NAME, DESCRIPTION)  VALUES(6106, 'VCPA_HCE', 'Visa: for HCE');
INSERT INTO CAMS_APPLICATION_VERSION(ID, AV_TYPE, ID_APPLICATION, NBR_APPLICATION_VERSION, ID_TYPE_APPLICATION, ID_LIFECYCLE, ID_CHIP_DEFINITION, DATE_START_APPLICATION, DATE_END_APPLICATION, IND_DEFAULT, SIZE_APPLICATION, INSTANCE_AID)
VALUES(6106, 'CAV', 6104, '2.1', 6100, 7001, 6100, to_timestamp('2003-01-02 00:00:00.0', 'YYYY-MM-DD HH24:MI:SS.FF1'), to_timestamp('2020-01-02 00:00:00.0', 'YYYY-MM-DD HH24:MI:SS.FF1'), 0, 0, HEXTORAW('A0000000031010'));
INSERT INTO CAMS_TARGET_GROUP(ID, NAME, ID_LIFECYCLE)  VALUES(6106, 'VCPA_HCE_TARGETGROUP', 6102);
INSERT INTO CAMS_PERSO_BUREAU(ID,NAME,NAME_3DES_TRANSPORT_KEY,CIPHER_MODE_3DES) VALUES (6106, 'HCE Perso', 'BELLID_KEK', 'CBC');

INSERT INTO CAMS_X_APPV_CARDPRG(ID, ID_OPTIONALITY, ID_CARDPROGRAM, ID_APPLICATION_VERSION)  VALUES(6106, 0, 6106, 6106);
INSERT INTO CAMS_X_TYPE_CARD_TARGET_GROUP(ID_TARGET_GROUP, ID_TYPE_CARD)  VALUES(6106, 6104);
INSERT INTO CAMS_X_CARDPROGRAM_TYPE_CARD(ID_TYPE_CARD, ID_CARDPROGRAM) VALUES(6104, 6106);

INSERT INTO CAMS_ADDON_FILE (ID, ID_TYPE_ADDON_FILE, NAME, DESCRIPTION, RESRC) VALUES (6110, 105, 'VCPA21 DataPrep rules (HCE)', 'VCPA21 DataPrep rules (HCE)', 'blob:6110');
INSERT INTO CAMS_ADDON_FILE (ID, ID_TYPE_ADDON_FILE, NAME, DESCRIPTION, RESRC) VALUES (6111, 106, 'VCPA21 CPS MAPPING (HCE)', 'VCPA21 CPS MAPPING (HCE)', 'blob:6111');

INSERT INTO CAMS_X_APP_VER_ADDON_FILE (ID_APPLICATION_VERSION, ID_ADDON_FILE) VALUES (6106, 6109);
INSERT INTO CAMS_X_APP_VER_ADDON_FILE (ID_APPLICATION_VERSION, ID_ADDON_FILE) VALUES (6106, 6110);
INSERT INTO CAMS_X_APP_VER_ADDON_FILE (ID_APPLICATION_VERSION, ID_ADDON_FILE) VALUES (6106, 6111);

INSERT INTO CAMS_EMV_TEMPLATE(ID,ID_APPLICATION_VERSION,NAME,DESCRIPTION,ID_PERSO_BUREAU,CHIPDATA_TEMPLATE,CONFIGURATION_DATA)
VALUES (6106, 6106, 'VCPA21 - VCPA_HCE', 'VCPA21 - VCPA_HCE', 6106,
 '8202000057009F20070000000550000FDFFFFFFF7F01005F2002202F9F100706041103000000500E48434520564953412044454249548407A00000000310109F6E04238000009F6D0AFFFFFFFFFFFFFFFFFFFF9F6C0200009F6B060000000100009F68040008C0009F5004000000009F510200369F5204000001009F5301009F54060000000000009F570200369F5C060000000000009F5E01009F381B9F66049F02069F03069F1A0295055F2A029A039C019F37049F4E145F2D02656EBF0C059F4D0214145F34005F24005A0094005F300202019F36020000DFFFFFFF78819A3B7B4170706C69636174696F6E205072696D617279204163636F756E74204E756D6265722E66726F6D4243447D3D7B4170706C69636174696F6E2045787069726174696F6E20446174652E66726F6D4243442E6C6566742834297D7B5365727669636520436F64652E66726F6D4243442E72696768742833297D317B5056562E537472696E677D7B694343562E537472696E677D30303030303F',
 '<?xml version="1.0" encoding="UTF-8" standalone="yes"?><configuration xmlns="http://www.bellid.com/schema/dataprep/perso-configuration-1.0"><DateFormatCVC>yyMM</DateFormatCVC><DateFormatICVC>yyMM</DateFormatICVC><DateFormatCVC2>MMyy</DateFormatCVC2></configuration>');


-- Dataprep & EMV template for VCPA, magstripe import
INSERT INTO CAMS_C_CARDPROGRAM(ID, NAME, DESCRIPTION)  VALUES(6107, 'VCPA_STICKER', 'Visa: for sticker');
INSERT INTO CAMS_APPLICATION_VERSION(ID, AV_TYPE, ID_APPLICATION, NBR_APPLICATION_VERSION, ID_TYPE_APPLICATION, ID_LIFECYCLE, ID_CHIP_DEFINITION, DATE_START_APPLICATION, DATE_END_APPLICATION, IND_DEFAULT, SIZE_APPLICATION, INSTANCE_AID)
VALUES(6107, 'CAV', 6104, '2.1', 6100, 7001, 6100, to_timestamp('2003-01-02 00:00:00.0', 'YYYY-MM-DD HH24:MI:SS.FF1'), to_timestamp('2020-01-02 00:00:00.0', 'YYYY-MM-DD HH24:MI:SS.FF1'), 0, 0, HEXTORAW('A0000000031010'));
INSERT INTO CAMS_TARGET_GROUP(ID, NAME, ID_LIFECYCLE)  VALUES(6107, 'VCPA_STICKER_TARGETGROUP', 6102);
INSERT INTO CAMS_PERSO_BUREAU(ID,NAME,NAME_3DES_TRANSPORT_KEY,CIPHER_MODE_3DES) VALUES (6107, 'STICKER Perso', 'PERSO_TK', 'ECB');

INSERT INTO CAMS_X_APPV_CARDPRG(ID, ID_OPTIONALITY, ID_CARDPROGRAM, ID_APPLICATION_VERSION)  VALUES(6107, 0, 6107, 6107);
INSERT INTO CAMS_X_TYPE_CARD_TARGET_GROUP(ID_TARGET_GROUP, ID_TYPE_CARD)  VALUES(6107, 6104);
INSERT INTO CAMS_X_CARDPROGRAM_TYPE_CARD(ID_TYPE_CARD, ID_CARDPROGRAM) VALUES(6104, 6107);

INSERT INTO CAMS_ADDON_FILE (ID, ID_TYPE_ADDON_FILE, NAME, DESCRIPTION, RESRC) VALUES (6120, 105, 'VCPA21 DataPrep rules (sticker)', 'VCPA21 DataPrep rules (sticker)', 'blob:6120');
INSERT INTO CAMS_ADDON_FILE (ID, ID_TYPE_ADDON_FILE, NAME, DESCRIPTION, RESRC) VALUES (6121, 106, 'VCPA21 CPS MAPPING (sticker)', 'VCPA21 CPS MAPPING (sticker)', 'blob:6121');

INSERT INTO CAMS_X_APP_VER_ADDON_FILE (ID_APPLICATION_VERSION, ID_ADDON_FILE) VALUES (6107, 6109);
INSERT INTO CAMS_X_APP_VER_ADDON_FILE (ID_APPLICATION_VERSION, ID_ADDON_FILE) VALUES (6107, 6120);
INSERT INTO CAMS_X_APP_VER_ADDON_FILE (ID_APPLICATION_VERSION, ID_ADDON_FILE) VALUES (6107, 6121);

INSERT INTO CAMS_EMV_TEMPLATE(ID,ID_APPLICATION_VERSION,NAME,DESCRIPTION,ID_PERSO_BUREAU,CHIPDATA_TEMPLATE,CONFIGURATION_DATA)
VALUES (6107, 6107, 'VCPA21 - VCPA_STICKER', 'VCPA21 - VCPA_STICKER', 6107,
 '82020000DFFFFFFF7E005700DFFFFFFF7F01005F2002202F9F100706010A03000000500E48434520564953412044454249548407A00000000310109F6E04238000009F6D0AFFFFFFFFFFFFFFFFFFFF9F6C0200009F6B060000000100009F68040008C0009F5004000000009F510205549F5204000001009F5301009F54060000000000009F570205549F5C060000000000009F5E01009F381B9F66049F02069F03069F1A0295055F2A029A039C019F37049F4E145F2D02656EBF0C059F4D0214145F34005F24005A0094005F30020201',
 '<?xml version="1.0" encoding="UTF-8" standalone="yes"?><configuration xmlns="http://www.bellid.com/schema/dataprep/perso-configuration-1.0"><DateFormatCVC>yyMM</DateFormatCVC><DateFormatICVC>yyMM</DateFormatICVC><DateFormatCVC2>MMyy</DateFormatCVC2></configuration>');


-- for some reason this is needed by import jobs..
INSERT INTO CAMS_ISSUER(ID, NAME) VALUES (61, 'Unknown');
INSERT INTO CAMS_TARGET_GROUP(ID, NAME, ID_LIFECYCLE, ID_ISSUER) VALUES (61, 'Unknown', 1, 61);
INSERT INTO CAMS_CARD_FAMILY(ID, NAME, IND_PRODUCE, ID_PERSONALIZER, DAYS_IN_PRODUCTION, CARD_MAX_IN_BATCH) VALUES (61, 'Unknown', 0, 0, 0, 10000);
INSERT INTO CAMS_TYPE_CARD(ID, NAME, DESCRIPTION, ID_CARD_FAMILY, ID_EVENT_CODE_GENERATION, ID_LIFECYCLE, IND_CONTACT_CHIP, IND_CONTACTLESS_CHIP, IND_PINCODE, IND_ANONYMOUS, CARD_MAXIMUM, SESSION_VERSION_CONTROL, NBR_TOKENS_TO_REPL, MOBILE_PIN_ENABLED, AID)
VALUES (61, 'Unknown', 'Unknown', 61, 57, 7001, 0, 0, 0, 0, 9999, 112, 0, 0, HEXTORAW('A0000000000000'));
INSERT INTO CAMS_C_CARDPROGRAM(ID, NAME, DESCRIPTION) VALUES (0, 'NO-APP', 'No Applications');
INSERT INTO CAMS_X_TYPE_CARD_TARGET_GROUP(ID_TYPE_CARD, ID_TARGET_GROUP) VALUES (61, 61);
INSERT INTO CAMS_X_CARDPROGRAM_TYPE_CARD(ID_CARDPROGRAM, ID_TYPE_CARD) VALUES (0, 61);

--INSERT INTO KMS_KEYPROFILE (ID, KEY_TYPE, NAME, DESCRIPTION, ID_KEYSETPROFILE, VARIANT, IND_MULTIPLE_KEY, LENGTH, KEY_ALGORITHM, KEY_ROLE, KEY_SOURCE,
--                            PUBLIC_EXPONENT, DT_ACTIVATION, DT_PROCESS_START, DT_PROTECT_STOP, DT_DEACTIVATION, IND_DECRYPT, IND_DERIVE, IND_ENCRYPT,
--                            IND_EXTRACTABLE, IND_MODIFIABLE, IND_PERMANENT, IND_PRIVATE, IND_SENSITIVE, IND_SIGN, IND_SIGNRECOVER, IND_UNWRAP, IND_VERIFY,
--                            IND_VERIFYRECOVER, IND_WRAP, ID_STORAGEKEYPROFILE, DFLT_CHAINING, ID_ORIGINALKEYPROFILE, ID_MASTERKEYPROFILE, ID_SOURCEKEYPROFILE,
--                            ID_ISSUERCERTPROFILE, NAME_GENERATOR, CURVE_NAME)VALUES(
--                            7520, 1, 'TK_HOST', 'TK_HOST', NULL, '000', 1, 24, 2, 3, 3, NULL, NULL, NULL, NULL, NULL, 0, 0, 1, 1, 1, 0, 0, NULL, 0, NULL,
--                             1, 0, NULL, 1, 7501, 2, NULL, NULL, NULL, NULL, 'defaultNameGenerator', NULL);