-- MTBP
prompt inserting blob data;

host sqlldr &&BELLID_R6_APP_USER/&&BELLID_R6_APP_USER_PASSWORD@&&connectstring insert_blobdata.ctl data=mtbp_blobdata.txt bad=&&logdrive/mtbp_blobdata.bad log=&&logdrive/mtbp_blobdata.log errors=0

INSERT INTO CAMS_ADDON_FILE(ID, NAME, ID_TYPE_ADDON_FILE, RESRC) VALUES(6600, 'MTBP Rule List', 105, 'blob:6600');
INSERT INTO CAMS_ADDON_FILE(ID, NAME, ID_TYPE_ADDON_FILE, RESRC) VALUES(6601, 'MTBP Cps Mapping', 106, 'blob:6601');
INSERT INTO CAMS_ADDON_FILE(ID, NAME, ID_TYPE_ADDON_FILE, RESRC) VALUES(6602, 'MTBP Dictionary', 71, 'blob:6602');

INSERT INTO CAMS_PERSO_BUREAU(ID, NAME, NAME_3DES_TRANSPORT_KEY, CIPHER_MODE_3DES, NAME_RSA_TRANSPORT_KEY, CIPHER_MODE_RSA, PADDING_METHOD_RSA, NAME_TRANSPORT_KEY_PIN_BLOCK, CIPHER_MODE_PIN_BLOCK, PADDING_METHOD_PIN_BLOCK)
VALUES(6600, 'MTBP_PERSO_BUREAU', 'PERSO_TK', 'ECB', 'PERSO_TK', 'ECB', 'NoPadding', 'PERSO_PIN', 'ECB', 'NoPadding');

INSERT INTO CAMS_APPLICATION_PROVIDER(ID, NAME) VALUES(6600, 'MTBP');

INSERT INTO CAMS_APPLICATION(ID, NAME, DESCRIPTION, ID_PROVIDER) VALUES(6600, 'MASTERCARD_MTBP', 'MasterCard TEE Based Payment', 6600);

INSERT INTO CAMS_TYPE_CARD(ID, ID_NUMBERING, ID_EVENT_CODE_GENERATION, ID_LIFECYCLE, ID_STOCK_ITEM, ID_CARD_FAMILY, DESCRIPTION, NAME, IND_CONTACT_CHIP, IND_CONTACTLESS_CHIP, IND_PINCODE, IND_ANONYMOUS, PHOTO_SIGNATURE_VALIDITY, CARD_VALIDITY, CARD_LAYOUT, MIDDLEWARE, CARD_MAXIMUM, ID_CARD_LAYOUT_IMAGE)
VALUES(6600, 601, 57, 7001, NULL, 600, 'MasterCard TEE Based Payment', 'MASTERCARD_MTBP', 0, 1, 0, 0, 29, 200, NULL, NULL, 1, NULL);

INSERT INTO CAMS_APPLICATION_VERSION(ID, AV_TYPE, ID_LIFECYCLE, ID_TYPE_APPLICATION, ID_CHIP_DEFINITION, ID_APPLICATION, ID_APPLICATION_VERSION, NBR_APPLICATION_VERSION, DATE_START_APPLICATION, DATE_END_APPLICATION, IND_DEFAULT, SIZE_APPLICATION, GP_PRIVILEGES, PACKAGE_AID, INSTANCE_AID, MODULE_AID, TAR, INSTALL_PARAMETER, LOAD_PARAMETER, APP_PRIVILEGES, PKI_PARAMETERS, MULTOS_INSTALL_PARAM)
VALUES(6600, 'CAV', 7001, 600, 600, 6600, NULL, 'MTBP_SP', TO_DATE('2015-02-16 00:00:00','YYYY-MM-DD HH24:MI:SS'), TO_DATE('2020-01-02 00:00:00','YYYY-MM-DD HH24:MI:SS'), 0, 0, NULL, NULL, HEXTORAW('A0000000041010'), NULL, NULL, NULL, NULL, NULL, NULL, NULL);
INSERT INTO CAMS_APPLICATION_VERSION(ID, AV_TYPE, ID_LIFECYCLE, ID_TYPE_APPLICATION, ID_CHIP_DEFINITION, ID_APPLICATION, ID_APPLICATION_VERSION, NBR_APPLICATION_VERSION, DATE_START_APPLICATION, DATE_END_APPLICATION, IND_DEFAULT, SIZE_APPLICATION, GP_PRIVILEGES, PACKAGE_AID, INSTANCE_AID, MODULE_AID, TAR, INSTALL_PARAMETER, LOAD_PARAMETER, APP_PRIVILEGES, PKI_PARAMETERS, MULTOS_INSTALL_PARAM)
VALUES(6610, 'CAV', 7001, 600, 600, 6600, NULL, 'MTPB_PLCC_SP', TO_DATE('2015-02-16 00:00:00','YYYY-MM-DD HH24:MI:SS'), TO_DATE('2020-01-02 00:00:00','YYYY-MM-DD HH24:MI:SS'), 0, 0, NULL, NULL, HEXTORAW('A0000000041010'), NULL, NULL, NULL, NULL, NULL, NULL, NULL);

INSERT INTO CAMS_EMV_TEMPLATE(ID, ID_APPLICATION_VERSION, NAME, DESCRIPTION, ID_PERSO_BUREAU, CHIPDATA_TEMPLATE, CONFIGURATION_DATA)
VALUES(6600, 6600, 'MTBP EMV Template', 'MTBP EMV Template', 6600,  '4F07A0000000041010500A4D415354455243415244560057005A005F2002202F5F24005F25034912315F280208405F2D02656E5F300202015F3401006F0082021B808407A00000000410108701018C249F02069F03069F1A0295055F2A029A039C019F37049F35019F45029F4C089F34039F15028D0C910A8A0295059F37049F4C088E0E00000000000000001E0342031F038F01F1900092009404200101009F0702FF009F080200029F0D05B4708400009F0E0500000000009F0F05B4708480009F1101019F1207A00000000410109F1701039F19060000007771119F1F009F32009F360200009F38099F1D089F1A029F35019F420208409F4401029F46009F47009F48009F4A01829F4F149F02065F2A029A039F36029F1A0295059C018A029F520C9999999999990000000100009F540C9999999999990000000100009F550C9999999999990000000100009F560C9999999999990000000100009F570C9999999999990000000100009F610202009F62060000000700009F630600000078F0009F6401039F650200E09F66020F1E9F6701039F69169F6A049F7E019F02065F2A029F1A029C019A039F35019F6A060000000000009F6B009F6C0200019F6D044F0DE0309F7001039F710204009F720200039F730200009F79060000000000009F77060000000075009F78069999999999999F7E30031019120009000000000000000000000000000000000000000000000000000000000000000000000000000000000000A60EBF0C0B61094F07A0000000041010BF0C0A9F6E0708400000313400C60103D70400000000D8021B80D9080801010010010301DC00DD00DF0F00DF2406FFFFFFFFFFFFDF2A06FFFFFFFFFFFFDF31020280DF3400DF3800DF3906FFFFFFFFFFFFDF3600DF3700DF3D0101DF5100DF4300DF4400DF4A02001EDF4D02001EDF4F020000DF56011CDF600100DF61011CDF69012DDF7A4104FF9432F9CC4374959C6E8B730D534D61F4E6476D6AFCE2CC7F0D6C2D68F2C69B83A54D34A5'
|| 'A6935B1471CAFCA5D1F592D3E67E3348F9417823250C5D208BD3C3DF7B080000000000000001DF7C0600000008F900DF7D06000000880008DF7E030008F0DF7F03008800DFF00200DFF00400DFF00800DFF01400DFF01200DFF01500DFF01300DFF10903FFFFFFDFF10004FFFFFFFFDFF10104FFFFFFFFDFF105020201DFF10618303030303030303030303030303030303030303030303030DFF107070000000000000FDFF10802202FDFF11003FFFFFFDFF12300DFF12400DFF13100DFF13200FFF0225BDF2F025700DF2F025A00DF2F035F2400DF2F035F2500DF2F035F2800DF2F035F3400DF2F028C00DF2F028D00DF2F028E00DF2F039F0700DF2F039F0800DF2F039F0D00DF2F039F0E00DF2F039F0F00DF2F039F4200DF2F039F4A00DFFFFFFF77818525427B4170706C69636174696F6E205072696D617279204163636F756E74204E756D6265722E66726F6D4243447D5E202F5E7B4170706C69636174696F6E2045787069726174696F6E20446174652E66726F6D4243442E6C6566742834297D7B5365727669636520436F64652E66726F6D4243442E72696768742833297D3030303030303FDFFFFFFF7881883B7B4170706C69636174696F6E205072696D617279204163636F756E74204E756D6265722E66726F6D4243447D3D7B4170706C69636174696F6E2045787069726174696F6E20446174652E66726F6D4243442E6C6566742834297D7B5365727669636520436F64652E66726F6D4243442E72696768742833297D303030303030303030303030303F', '<?xml version="1.0" encoding="UTF-8" standalone="yes"?><configuration xmlns="http://www.bellid.com/schema/dataprep/perso-configuration-1.0"><DateFormatCVC>yyMM</DateFormatCVC><DateFormatICVC>yyMM</DateFormatICVC><DateFormatCVC2>MMyy</DateFormatCVC2></configuration>');
INSERT INTO CAMS_EMV_TEMPLATE(ID, ID_APPLICATION_VERSION, NAME, DESCRIPTION, ID_PERSO_BUREAU, CHIPDATA_TEMPLATE, CONFIGURATION_DATA)
VALUES(6610, 6610, 'MTBP PLCC EMV Template', 'MTBP PLCC EMV Template', 6600,  '4F0BA0000000049999D8400313500F5468652042726F6F6B732043617264560057005A005F2002202F5F24005F25034912315F280208405F2D02656E5F300202015F3401006F0082021B80840BA0000000049999D84003138701018C249F02069F03069F1A0295055F2A029A039C019F37049F35019F45029F4C089F34039F15028D0C910A8A0295059F37049F4C088E0E00000000000000001E0342031F038F01F1900092009404200101009F0702FF009F080200029F0D05B4708400009F0E0500000000009F0F05B4708480009F1101019F120BA0000000049999D84003139F1701039F19060000007771119F1F009F32009F360200009F38099F1D089F1A029F35019F420208409F4401029F46009F47009F48009F4A01829F4F149F02065F2A029A039F36029F1A0295059C018A029F520C9999999999990000000100009F540C9999999999990000000100009F550C9999999999990000000100009F560C9999999999990000000100009F570C9999999999990000000100009F610202009F62060000000700009F630600000078F0009F6401039F650200E09F66020F1E9F6701039F69169F6A049F7E019F02065F2A029F1A029C019A039F35019F6A060000000000009F6B009F6C0200019F6D044F0DE0309F7001039F710204009F720200039F730200009F79060000000000009F77060000000075009F78069999999999999F7E30031019120009000000000000000000000000000000000000000000000000000000000000000000000000000000000000A60EBF0C0B61094F07A0000000041010BF0C0A9F6E0708400000313400C60103D70400000000D8021B80D9080801010010010301DC00DD00DF0F00DF2406FFFFFFFFFFFFDF2A06FFFFFFFFFFFFDF31020280DF3400DF3800DF3906FFFFFFFFFFFFDF3600DF3700DF3D0101DF5100DF4300DF4400DF4A02001EDF4D02001EDF4F020000DF56011CDF600100DF61011CDF69012DDF7A4104FF9432F9CC4374959C6E8B730D534D61F4E6476D'
|| '6AFCE2CC7F0D6C2D68F2C69B83A54D34A5A6935B1471CAFCA5D1F592D3E67E3348F9417823250C5D208BD3C3DF7B080000000000000001DF7C0600000008F900DF7D06000000880008DF7E030008F0DF7F03008800DFF00200DFF00400DFF00800DFF01400DFF01200DFF01500DFF01300DFF10903FFFFFFDFF10004FFFFFFFFDFF10104FFFFFFFFDFF105020201DFF10618303030303030303030303030303030303030303030303030DFF107070000000000000FDFF10802202FDFF11003FFFFFFDFF12300DFF12400DFF13100DFF13200FFF0225BDF2F025700DF2F025A00DF2F035F2400DF2F035F2500DF2F035F2800DF2F035F3400DF2F028C00DF2F028D00DF2F028E00DF2F039F0700DF2F039F0800DF2F039F0D00DF2F039F0E00DF2F039F0F00DF2F039F4200DF2F039F4A00DFFFFFFF77818525427B4170706C69636174696F6E205072696D617279204163636F756E74204E756D6265722E66726F6D4243447D5E202F5E7B4170706C69636174696F6E2045787069726174696F6E20446174652E66726F6D4243442E6C6566742834297D7B5365727669636520436F64652E66726F6D4243442E72696768742833297D3030303030303FDFFFFFFF7881883B7B4170706C69636174696F6E205072696D617279204163636F756E74204E756D6265722E66726F6D4243447D3D7B4170706C69636174696F6E2045787069726174696F6E20446174652E66726F6D4243442E6C6566742834297D7B5365727669636520436F64652E66726F6D4243442E72696768742833297D303030303030303030303030303F', '<?xml version="1.0" encoding="UTF-8" standalone="yes"?><configuration xmlns="http://www.bellid.com/schema/dataprep/perso-configuration-1.0"><DateFormatCVC>yyMM</DateFormatCVC><DateFormatICVC>yyMM</DateFormatICVC><DateFormatCVC2>MMyy</DateFormatCVC2></configuration>');

INSERT INTO CAMS_TARGET_GROUP(ID, NAME, ID_LIFECYCLE, DIST_NAME) VALUES(6600, 'MTBP_SP', 602, 'MTBP_SP');
INSERT INTO CAMS_TARGET_GROUP(ID, NAME, ID_LIFECYCLE, DIST_NAME) VALUES(6610, 'MTBP_PLCC_SP', 602, 'MTBP_PLCC_SP');

INSERT INTO CAMS_C_CARDPROGRAM(ID, DESCRIPTION, NAME, NBR_TOKENS_TO_REPL, MSD_SUPPORTED, CHIP_SUPPORTED, TIME2LIVE_THRESHOLD, NR_TRANS_THRESHOLD, CVM_LIST, MOBILE_PIN_ENABLED, AID, REM_PAY_SUPPORTED, CONTACTLESS_PAY_SUPPORTED, ODA_TIME2LIVE_THRESHOLD, NBR_ALLOWED_REPLENISH, NBR_PERFORMED_REPLENISH, REPLENISH_RESTRICT_PERIOD, REPLENISH_RESTRICT_START)
VALUES(6600, 'MTBP SP', 'MTBP_SP', 5, 0, 1, NULL, NULL, NULL, 1, HEXTORAW('A0000000041010'), 0, 1, 1, NULL, NULL, NULL, NULL);
INSERT INTO CAMS_C_CARDPROGRAM(ID, DESCRIPTION, NAME, NBR_TOKENS_TO_REPL, MSD_SUPPORTED, CHIP_SUPPORTED, TIME2LIVE_THRESHOLD, NR_TRANS_THRESHOLD, CVM_LIST, MOBILE_PIN_ENABLED, AID, REM_PAY_SUPPORTED, CONTACTLESS_PAY_SUPPORTED, ODA_TIME2LIVE_THRESHOLD, NBR_ALLOWED_REPLENISH, NBR_PERFORMED_REPLENISH, REPLENISH_RESTRICT_PERIOD, REPLENISH_RESTRICT_START)
VALUES(6610, 'MTBP PLCC SP', 'MTBP_PLCC_SP', 5, 0, 1, NULL, NULL, NULL, 1, HEXTORAW('A0000000041010'), 0, 1, 1, NULL, NULL, NULL, NULL);

INSERT INTO CAMS_X_TYPE_CARD_TARGET_GROUP(ID_TARGET_GROUP, ID_TYPE_CARD) VALUES(6600, 6600);
INSERT INTO CAMS_X_TYPE_CARD_TARGET_GROUP(ID_TARGET_GROUP, ID_TYPE_CARD) VALUES(6610, 6600);

INSERT INTO CAMS_X_TG_EMV_TEMPLATE(ID_EMV_TEMPLATE, ID_TARGET_GROUP) VALUES(6600, 6600);
INSERT INTO CAMS_X_TG_EMV_TEMPLATE(ID_EMV_TEMPLATE, ID_TARGET_GROUP) VALUES(6610, 6610);

INSERT INTO CAMS_X_APP_VER_ADDON_FILE(ID_APPLICATION_VERSION, ID_ADDON_FILE) VALUES(6600, 6600);
INSERT INTO CAMS_X_APP_VER_ADDON_FILE(ID_APPLICATION_VERSION, ID_ADDON_FILE) VALUES(6600, 6601);
INSERT INTO CAMS_X_APP_VER_ADDON_FILE(ID_APPLICATION_VERSION, ID_ADDON_FILE) VALUES(6600, 6602);
INSERT INTO CAMS_X_APP_VER_ADDON_FILE(ID_APPLICATION_VERSION, ID_ADDON_FILE) VALUES(6610, 6600);
INSERT INTO CAMS_X_APP_VER_ADDON_FILE(ID_APPLICATION_VERSION, ID_ADDON_FILE) VALUES(6610, 6601);
INSERT INTO CAMS_X_APP_VER_ADDON_FILE(ID_APPLICATION_VERSION, ID_ADDON_FILE) VALUES(6610, 6602);

INSERT INTO CAMS_X_APPV_CARDPRG(ID, ID_OPTIONALITY, ID_CARDPROGRAM, ID_APPLICATION_VERSION) VALUES(6600, 0, 6600, 6600);
INSERT INTO CAMS_X_APPV_CARDPRG(ID, ID_OPTIONALITY, ID_CARDPROGRAM, ID_APPLICATION_VERSION) VALUES(6610, 0, 6610, 6610);

INSERT INTO CAMS_X_CARDPROGRAM_TYPE_CARD(ID_TYPE_CARD, ID_CARDPROGRAM) VALUES(6600, 6600);
INSERT INTO CAMS_X_CARDPROGRAM_TYPE_CARD(ID_TYPE_CARD, ID_CARDPROGRAM) VALUES(6600, 6610);

-- IMK Key Profiles
INSERT INTO KMS_KEYSETPROFILE (ID, NAME, DESCRIPTION)
	VALUES(6600, 'MC_IMK_KEYSET', 'MC Issuer Master Keys for MTBP');
INSERT INTO KMS_KEYSETPROFILE(ID, NAME, DESCRIPTION)
    VALUES(6601, 'MC_ISS_KEYSET', 'MC Issuer Keyset');
INSERT INTO KMS_KEYSETPROFILE(ID, NAME, DESCRIPTION)
    VALUES(6602, 'MC_ICC_KEYSET', 'MC IC Card Keyset');

INSERT INTO KMS_KEYPROFILE (ID, VARIANT, NAME, DESCRIPTION, ID_KEYSETPROFILE, IND_MULTIPLE_KEY, LENGTH, KEY_TYPE, KEY_ALGORITHM, KEY_ROLE, KEY_SOURCE,
 	IND_DECRYPT, IND_DERIVE, IND_ENCRYPT, IND_EXTRACTABLE, IND_MODIFIABLE, IND_PERMANENT, IND_PRIVATE, IND_SIGN, IND_UNWRAP, IND_VERIFY, IND_WRAP, ID_STORAGEKEYPROFILE, DFLT_CHAINING)
	VALUES(6600, '109', 'MC_IMK_AC_KEY', 'MC Issuer Master Key for Application Cryptogram (Contactless)', 6600, 1, 16, 1, 2, 4, 3, 0, 1,   1, 1, 1, 0, 0, 0, 0,   0, 0, 5111, 2);
INSERT INTO KMS_KEYPROFILE (ID, VARIANT, NAME, DESCRIPTION, ID_KEYSETPROFILE, IND_MULTIPLE_KEY, LENGTH, KEY_TYPE, KEY_ALGORITHM, KEY_ROLE, KEY_SOURCE,
 	IND_DECRYPT, IND_DERIVE, IND_ENCRYPT, IND_EXTRACTABLE, IND_MODIFIABLE, IND_PERMANENT, IND_PRIVATE, IND_SIGN, IND_UNWRAP, IND_VERIFY, IND_WRAP, ID_STORAGEKEYPROFILE, DFLT_CHAINING)
	VALUES(6601, '109', 'MC_IMK_MAC_KEY', 'MC Issuer Master Key for Message Integrity  (Contactless)', 6600, 1, 16, 1, 2, 4, 3, 0, 1,   1, 1, 1, 0, 0, 0, 0,   0, 0, 5111, 2);
INSERT INTO KMS_KEYPROFILE (ID, VARIANT, NAME, DESCRIPTION, ID_KEYSETPROFILE, IND_MULTIPLE_KEY, LENGTH, KEY_TYPE, KEY_ALGORITHM, KEY_ROLE, KEY_SOURCE,
 	IND_DECRYPT, IND_DERIVE, IND_ENCRYPT, IND_EXTRACTABLE, IND_MODIFIABLE, IND_PERMANENT, IND_PRIVATE, IND_SIGN, IND_UNWRAP, IND_VERIFY, IND_WRAP, ID_STORAGEKEYPROFILE, DFLT_CHAINING)
	VALUES(6602, '109', 'MC_IMK_ENC_KEY', 'MC Issuer Master Key for Message Confidentiality  (Contactless)', 6600, 1, 16, 1, 2, 4, 3, 0, 1,   1, 1, 1, 0, 0, 0, 0,   0, 0, 5111, 2);
INSERT INTO KMS_KEYPROFILE ( ID, VARIANT, NAME, DESCRIPTION, ID_KEYSETPROFILE, IND_MULTIPLE_KEY, LENGTH, KEY_TYPE, KEY_ALGORITHM, KEY_ROLE, KEY_SOURCE,
    IND_DECRYPT, IND_DERIVE, IND_ENCRYPT, IND_EXTRACTABLE, IND_MODIFIABLE, IND_PERMANENT, IND_PRIVATE, IND_SIGN, IND_UNWRAP, IND_VERIFY, IND_WRAP, ID_STORAGEKEYPROFILE, DFLT_CHAINING)
    VALUES(6603, '109', 'MC_IMK_DN_KEY', 'MC Issuer Master Key for Dynamic Number Generation', 6600, 1, 16, 1, 2, 4, 3, 0, 1, 1, 1, 1, 0, 0, 0, 0, 0, 0, 5111, 2);
INSERT INTO KMS_KEYPROFILE ( ID, VARIANT, NAME, DESCRIPTION, ID_KEYSETPROFILE, IND_MULTIPLE_KEY, LENGTH, KEY_TYPE, KEY_ALGORITHM, KEY_ROLE, KEY_SOURCE,
    IND_DECRYPT, IND_DERIVE, IND_ENCRYPT, IND_EXTRACTABLE, IND_MODIFIABLE, IND_PERMANENT, IND_PRIVATE, IND_SIGN, IND_UNWRAP, IND_VERIFY, IND_WRAP, ID_STORAGEKEYPROFILE, DFLT_CHAINING)
    VALUES(6604, NULL, 'MC_IMK_CVC3_KEY', 'MC Issuer Master Key for CVC3', 6600, 1, 16, 1, 2, 4, 3, 0, 1, 1, 1, 1, 0, 0, 0, 0, 0, 0, 5111, 2);
INSERT INTO KMS_KEYPROFILE ( ID, VARIANT, NAME, DESCRIPTION, ID_KEYSETPROFILE, IND_MULTIPLE_KEY, LENGTH, KEY_TYPE, KEY_ALGORITHM, KEY_ROLE, KEY_SOURCE,
    IND_DECRYPT, IND_DERIVE, IND_ENCRYPT, IND_EXTRACTABLE, IND_MODIFIABLE, IND_PERMANENT, IND_PRIVATE, IND_SIGN, IND_UNWRAP, IND_VERIFY, IND_WRAP, ID_STORAGEKEYPROFILE, DFLT_CHAINING)
    VALUES(6605, NULL, 'MC_IMK_DSRP_KEY', 'MC Issuer Master Key for AC DSRP', 6600, 1, 16, 1, 2, 4, 3, 0, 1, 1, 1, 1, 0, 0, 0, 0, 0, 0, 5111, 2);

INSERT INTO KMS_KEYPROFILE(ID, VARIANT, NAME, DESCRIPTION, ID_KEYSETPROFILE, IND_MULTIPLE_KEY, LENGTH, KEY_TYPE, KEY_ALGORITHM, KEY_ROLE, KEY_SOURCE,
    IND_DECRYPT, IND_ENCRYPT, IND_EXTRACTABLE, IND_MODIFIABLE, IND_PERMANENT, IND_PRIVATE, IND_SIGN, IND_SIGNRECOVER, IND_UNWRAP, ID_STORAGEKEYPROFILE, DFLT_CHAINING)
    VALUES(6606, '00D', 'MC_ISS_PRIV', 'MC Issuer Private Key', 6601, 1, 144, 2, 6, 4, 1, 0, 0, 1, 1, 0, 0, 1, 1, 0, 5111, 2);
INSERT INTO KMS_KEYPROFILE(ID, VARIANT, NAME, DESCRIPTION, ID_KEYSETPROFILE, IND_MULTIPLE_KEY, LENGTH, KEY_TYPE, KEY_ALGORITHM, KEY_ROLE, KEY_SOURCE,
    PUBLIC_EXPONENT, IND_DECRYPT, IND_ENCRYPT, IND_EXTRACTABLE, IND_MODIFIABLE, IND_PERMANENT, IND_PRIVATE, IND_VERIFY, IND_VERIFYRECOVER, IND_WRAP, ID_SOURCEKEYPROFILE)
    VALUES(6607, '00C', 'MC_ISS_PUB', 'MC Issuer Public Key', 6601, 1, 144, 3, 6, 4, 1, '3', 0, 0, 1, 1, 0, 0, 1, 1, 0, 6606);
INSERT INTO KMS_KEYPROFILE(ID, VARIANT, NAME, DESCRIPTION, ID_KEYSETPROFILE, IND_MULTIPLE_KEY, LENGTH, KEY_TYPE, KEY_ALGORITHM, KEY_ROLE, KEY_SOURCE,
    IND_DECRYPT, IND_ENCRYPT, IND_EXTRACTABLE, IND_MODIFIABLE, IND_PERMANENT, IND_PRIVATE, IND_VERIFY, IND_VERIFYRECOVER, IND_WRAP, ID_SOURCEKEYPROFILE)
    VALUES(6608, '00C', 'MC_ISS_CERT', 'MC Issuer Certificate', 6601, 1, 144, 4, 6, 4, 3, 0, 0, 1, 1, 0, 0, 1, 1, 0, 6606);

INSERT INTO KMS_KEYPROFILE(ID, VARIANT, NAME, DESCRIPTION, ID_KEYSETPROFILE, IND_MULTIPLE_KEY, LENGTH, KEY_TYPE, KEY_ALGORITHM, KEY_ROLE, KEY_SOURCE,
    IND_DECRYPT, IND_ENCRYPT, IND_EXTRACTABLE, IND_MODIFIABLE, IND_PERMANENT, IND_PRIVATE, IND_SIGN, IND_SIGNRECOVER, IND_UNWRAP, ID_STORAGEKEYPROFILE, DFLT_CHAINING)
    VALUES(6609, '00D', 'MC_ICC_PRIV', 'MC IC Card Private Key', 6602, 1, 144, 2, 6, 4, 1, 0, 0, 1, 1, 0, 0, 1, 1, 0, 5111, 2);
INSERT INTO KMS_KEYPROFILE(ID, VARIANT, NAME, DESCRIPTION, ID_KEYSETPROFILE, IND_MULTIPLE_KEY, LENGTH, KEY_TYPE, KEY_ALGORITHM, KEY_ROLE, KEY_SOURCE,
    PUBLIC_EXPONENT, IND_DECRYPT, IND_ENCRYPT, IND_EXTRACTABLE, IND_MODIFIABLE, IND_PERMANENT, IND_PRIVATE, IND_VERIFY, IND_VERIFYRECOVER, IND_WRAP, ID_SOURCEKEYPROFILE)
    VALUES(6610, '00C', 'MC_ICC_PUB', 'MC IC Card Public Key', 6602, 1, 144, 3, 6, 4, 1, '3', 0, 0, 1, 1, 0, 0, 1, 1, 0, 6609);
INSERT INTO KMS_KEYPROFILE(ID, KEY_TYPE, NAME, DESCRIPTION, ID_KEYSETPROFILE, VARIANT, IND_MULTIPLE_KEY, LENGTH, KEY_ALGORITHM, KEY_ROLE, KEY_SOURCE,
    PUBLIC_EXPONENT, DT_ACTIVATION, DT_PROCESS_START, DT_PROTECT_STOP, DT_DEACTIVATION, IND_DECRYPT, IND_DERIVE, IND_ENCRYPT, IND_EXTRACTABLE, IND_MODIFIABLE, IND_PERMANENT, IND_PRIVATE, IND_SENSITIVE, IND_SIGN, IND_SIGNRECOVER, IND_UNWRAP, IND_VERIFY, IND_VERIFYRECOVER, IND_WRAP, ID_STORAGEKEYPROFILE, ID_KEYTYPECODE, DFLT_CHAINING, ID_ORIGINALKEYPROFILE, ID_MASTERKEYPROFILE, ID_SOURCEKEYPROFILE, ID_ISSUERCERTPROFILE, NAME_GENERATOR, CURVE_NAME, ID_SIGNERPKPROFILE)
    VALUES(6611, 3, 'MC_CA_PUB', 'MC CA Public Key', NULL, '00C', 1, 144, 6, 3, 3, 3, NULL, NULL, NULL, NULL, 0, NULL, 0, 1, 1, 0, 0, NULL, NULL, NULL, NULL, 1, 1, 0, NULL, NULL, 1, NULL, NULL, NULL, NULL, NULL, NULL, NULL);