--===================================================================================
--
--Description     : Script to insert id solution specific schema objects for EFTPOS
--
--Version date    : February 15, 2016
--
--===================================================================================
--                               (c) 2016 Bell ID B.V.
--===================================================================================


host sqlldr &&BELLID_R6_APP_USER/&&BELLID_R6_APP_USER_PASSWORD@&&connectstring insert_blobdata.ctl data=eftpos/eftpos_blobdata.txt bad=&&logdrive/eftpos_blobdata.bad log=&&logdrive/eftpos_blobdata.log errors=0

-- ------------- EFTPOS COMMON  START ------------------

INSERT INTO CAMS_TYPE_CARD(ID, NAME, DESCRIPTION, ID_CARD_FAMILY, ID_LIFECYCLE, IND_CONTACT_CHIP, IND_PINCODE, IND_ANONYMOUS, ID_NUMBERING, ID_EVENT_CODE_GENERATION, CARD_VALIDITY, IND_CONTACTLESS_CHIP, CARD_MAXIMUM, PHOTO_SIGNATURE_VALIDITY)
	VALUES(6850, 'EFTPOS', 'Secure Element In The Cloud Type for EFTPOS', 600, 7001, 0, 0, 0, 601, 57, 200, 1, '1', '29');

INSERT INTO CAMS_PERSO_BUREAU (ID,NAME,ID_ADDRESS,DESCRIPTION,CHIP_DATA_FORMAT,IND_ALLOW_EMPTY_DATA,IND_ENCRYPT_DATA,IIC_VERSION,IIC_WS_URL,NAME_TRANSPORT_KEY,NAME_3DES_TRANSPORT_KEY,NAME_RSA_TRANSPORT_KEY,NAME_TRANSPORT_KEY_PIN_BLOCK,CIPHER_MODE_ENTIRE_BLOCK,PADDING_METHOD_ENTIRE_BLOCK,CIPHER_MODE_3DES,PADDING_METHOD_3DES,CIPHER_MODE_RSA,PADDING_METHOD_RSA,CIPHER_MODE_PIN_BLOCK,PADDING_METHOD_PIN_BLOCK)
	VALUES (6850,'EFTPOS_PERSO_BUREAU',NULL,'EFTPOS Personalization Bureau','CPS',NULL,NULL,NULL,NULL,NULL,'EFTPOS_PERSO_TK','EFTPOS_PERSO_TK','PERSO_PIN','ECB','PKCS5Padding','ECB','PKCS5Padding','ECB','ISO7816-4Padding','ECB','PKCS5Padding');

INSERT INTO CAMS_APPLICATION_PROVIDER(ID, NAME) VALUES(6850, 'EFTPOS');

INSERT INTO CAMS_APPLICATION(ID, NAME, DESCRIPTION, ID_PROVIDER) VALUES(6850, 'EFTPOS', 'EFTPOS', 6850);
-- ------------- EFTPOS COMMON  END ------------------


-- ----------- EFTPOS CHEQUE  START ------------------
INSERT INTO CAMS_ADDON_FILE(ID, NAME, ID_TYPE_ADDON_FILE, RESRC) VALUES(6850, 'EFTPOS ANDROIDPAY CHQ RULE LIST', 105, 'blob:6850');
INSERT INTO CAMS_ADDON_FILE(ID, NAME, ID_TYPE_ADDON_FILE, RESRC) VALUES(6851, 'EFTPOS ANDROIDPAY CHQ CPS MAPPING', 106, 'blob:6851');
INSERT INTO CAMS_ADDON_FILE(ID, NAME, ID_TYPE_ADDON_FILE, RESRC) VALUES(6852, 'EFTPOS CHQ or SAV DICTIONARY', 71, 'blob:6852');
INSERT INTO CAMS_ADDON_FILE(ID, NAME, ID_TYPE_ADDON_FILE, RESRC) VALUES(6853, 'EFTPOS IPAY CHQ RULE LIST', 105, 'blob:6853');
INSERT INTO CAMS_ADDON_FILE(ID, NAME, ID_TYPE_ADDON_FILE, RESRC) VALUES(6854, 'EFTPOS IPAY CHQ CPS MAPPING', 106, 'blob:6854');

INSERT INTO CAMS_APPLICATION_VERSION(ID, AV_TYPE, ID_APPLICATION, NBR_APPLICATION_VERSION, ID_TYPE_APPLICATION, ID_LIFECYCLE, ID_CHIP_DEFINITION, DATE_START_APPLICATION, DATE_END_APPLICATION, IND_DEFAULT, SIZE_APPLICATION, INSTANCE_AID)
	VALUES(6850, 'CAV', 6850, '1.0_AP', 600, 7001, 600, to_timestamp('2015-07-20 00:00:00.0', 'YYYY-MM-DD HH24:MI:SS.FF1'), to_timestamp('2025-01-02 00:00:00.0', 'YYYY-MM-DD HH24:MI:SS.FF1'), 0, 0, UTL_ENCODE.BASE64_DECODE(UTL_RAW.CAST_TO_RAW('oAAAA4Qg')));

INSERT INTO CAMS_APPLICATION_VERSION(ID, AV_TYPE, ID_APPLICATION, NBR_APPLICATION_VERSION, ID_TYPE_APPLICATION, ID_LIFECYCLE, ID_CHIP_DEFINITION, DATE_START_APPLICATION, DATE_END_APPLICATION, IND_DEFAULT, SIZE_APPLICATION, INSTANCE_AID)
	VALUES(6851, 'CAV', 6850, '1.0_IP', 600, 7001, 600, to_timestamp('2015-07-20 00:00:00.0', 'YYYY-MM-DD HH24:MI:SS.FF1'), to_timestamp('2025-01-02 00:00:00.0', 'YYYY-MM-DD HH24:MI:SS.FF1'), 0, 0, UTL_ENCODE.BASE64_DECODE(UTL_RAW.CAST_TO_RAW('oAAAA4Qg')));


INSERT INTO CAMS_EMV_TEMPLATE(ID, ID_APPLICATION_VERSION, NAME, DESCRIPTION, ID_PERSO_BUREAU, CHIPDATA_TEMPLATE, CONFIGURATION_DATA)
	VALUES(6850, 6850, 'EFTPOS ANDROIDPAY CHEQUE EMV template', 'EFTPOS ANDROIDPAY CHEQUE EMV Template', 6850,
	'8406A000000384204F06A00000038420500D656674706F73204348455155459F120D656674706F73204348455155458701015F2D02656E42009F4A01825F28020036DF550101DF5200DF570124DF5801C2DF0F140301030403040207020882018202820382048205CB020036CD0200369F4F169F02069F03065F2A029A039C019F27019F36029F5205C10400080000CA06000000000000820219005A005F34005F24005F25039912019F420200369F4401028C189F02069F03069F1A0295055F2A029A039C019F37049F35015F2002202F57009F08020100900092008F01C29F3201039F4701039F4800DF530210009F10200FA501000000000000000000000000000F0E24020000000000000000000000009F49039F3704DF3700DF3600DF3200DF3400DF38009F1101015F54030064908801019F1401009F2301079F20009F5204C3380B009F5501E09F560180C306000000000000C406400000000000C506FFFFFFFF0000C7020800DF2900DF3300DF2C01035F30020201DC00DD0056009F6B00DF28009F6C0200019F62060000000000F09F6306000000000F0E9F6401049F650200F09F66020F0E9F670104DA00DB0094200801010010010200100708001801010118020200180505010000000000000000F18145DF2F035F2400DF2F035F2500DF2F025A00DF2F035F3400DF2F028C00DF2F035F2800DF2F039F0700DF2F028E00DF2F039F0D00DF2F039F0E00DF2F039F0F00DF2F039F4A008D0A910A95059F37049F4C089F360200009F4D02150AC2021804C814023032202020202020202020204E494D2D4843459F6E0A010002000000000000009F1F00DFFFFFFF77818A25427B4170706C69636174696F6E205072696D617279204163636F756E74204E756D6265722E66726F6D4243447D5E202F5E7B4170706C6963617'
	||'4696F6E2045787069726174696F6E20446174652E66726F6D4243442E6C6566742834297D7B5365727669636520436F64652E66726F6D4243442E72696768742833297D30303030303030303030303FDFFFFFFF7881853B7B4170706C69636174696F6E205072696D617279204163636F756E74204E756D6265722E66726F6D42434428297D3D7B4170706C69636174696F6E2045787069726174696F6E20446174652E746F4865782E6C6566742834297D7B5365727669636520436F64652E66726F6D4243442E72696768742833297D393939303030303030313F9F5106000000015000DFFFFFFF011312010602FFFFFFFFFFFF000000010000028182DFFFFFFF020D0C11030200400000400000817FDFFFFFFF030A09090103FF0109000181DFFFFFFF040908100102FF1400010EDF0100DF0200DF0E00E1179F38119F02065F2A029C019F03069F35019F3303BF0C00E2229F38179F02065F2A029C019F03069F35019F33039F15029F4E19BF0C059F4D02150AB16B9F0702AB808E0A000000000000000002009F0D05B0609498009F0E0504100800009F0F05B060D498009F4600C306000000000000C406400000000000C60600000000000082021900941C08010100100102001007080018010101180202001805050158010100DFEE120100B223C306FFFFFFFFFFFFC406000000000000C606000000000000820200009400DFEE120100BE719F070229008E0C00002710000000005F0602009F0D05B0409408009F0E0504100800009F0F05B060D498009F4600C306000000000000C406400000000000C6060000000000008202190094200801010010010200100404001006060018010101180202001804040158010100DFEE120100DFEE10011EDFEE1101A5'
	, '<?xml version="1.0" encoding="UTF-8" standalone="yes"?><configuration xmlns="http://www.bellid.com/schema/dataprep/perso-configuration-1.0"><DateFormatCVC>yyMM</DateFormatCVC><DateFormatICVC>yyMM</DateFormatICVC><DateFormatCVC2>MMyy</DateFormatCVC2></configuration>');
INSERT INTO CAMS_EMV_TEMPLATE(ID, ID_APPLICATION_VERSION, NAME, DESCRIPTION, ID_PERSO_BUREAU, CHIPDATA_TEMPLATE, CONFIGURATION_DATA)
	VALUES(6851, 6851, 'EFTPOS IPAY CHEQUE EMV template', 'EFTPOS IPAY CHEQUE EMV Template', 6850,
	'4F06A00000038420500D656674706F73204348455155459F120D656674706F73204348455155458701015F2D02656E42009F4A01825F28020036DF5500DF520121DF0F140301030403040207020882018202820382048205CB020036CD0200369F4F169F02069F03065F2A029A039C019F27019F36029F5205C10400080000CA06000000000000820219005A0863720401999999945F3401015F24034912305F25031505019F420200369F4401028C189F02069F03069F1A0295055F2A029A039C019F37049F35015F2002202F57009F08020100900092008F01C29F3201039F4701039F4800DF530210009F10200FA501000000000000000000000000000F0E21C1000000000000FF00000000009F49039F3704DF3700DF3600DF3200DF3400DF38009F1101015F54030064908801019F1401009F2301079F20009F5204C3380B009F5501E09F560180C306000000000000C406400000000000C506FFFFFFFF0000C7020800DF2900DF3300DF2C01035F30020201DC00DD0056009F6B00DF28009F6C0200019F62060000000000F09F6306000000000F0E9F6401049F650200F09F66020F0E9F670104DA00DB0094200801010010010200100708001801010118020200180505010000000000000000F18145DF2F035F2400DF2F035F2500DF2F025A00DF2F035F3400DF2F028C00DF2F035F2800DF2F039F0700DF2F028E00DF2F039F0D00DF2F039F0E00DF2F039F0F00DF2F039F4A008D0A910A95059F37049F4C089F360200009F4D02150AC2021804C814023032202020202020202020204E494D2D4843459F6E0A010002000000000000FF9F1F00DFFFFFFF77818A25427B4170706C69636174696F6E205072696D617279204163636F756E74204E756D6265722E66726F6D4243447D5E202F5E7B4170706C69636174696F6E2045787069726174696F6E20446174652E66726F6D4243442E6C6566742834297D7B5365727669636520436F64652E66726F6D4243442E72696768742833297D30303030303030303030303'
	||'FDFFFFFFF7881853B7B4170706C69636174696F6E205072696D617279204163636F756E74204E756D6265722E66726F6D42434428297D3D7B4170706C69636174696F6E2045787069726174696F6E20446174652E746F4865782E6C6566742834297D7B5365727669636520436F64652E66726F6D4243442E72696768742833297D393939303030303030313F9F5106000000015000DFFFFFFF011312010602FFFFFFFFFFFF000000010000028182DFFFFFFF020D0C0A030200400000400000817FDFFFFFFF030A09050103FF0109000181DFFFFFFF040908080102FF1400010EDF0100DF0200DF0E00DF570121DF5801C1DF600106DF6509A00000015143525300DF61081234567890ABCDEFDF634104E710F01ABE9284E51CAB5ED6374367F5B8D6366018868DC7A36BAEF95F0324FFF9B3FDFF44BFBDFFE21FF90E141A19E0D13275C6ACB6BCD3B56E3738BBFA378FE1179F38119F02065F2A029C019F03069F35019F3303BF0C00E2179F38119F02065F2A029C019F03069F35019F3303BF0C00B16B9F0702AB808E0A000000000000000002009F0D05B0609498009F0E0504100800009F0F05B060D498009F4600C306000000000000C406400000000000C60600000000000082021900941C08010100100102001007080018010101180202001805050158010100DFEE120100B223C306FFFFFFFFFFFFC406000000000000C606000000000000820200009400DFEE120100BE719F070229008E0C00002710000000005F0602009F0D05B0409408009F0E0504100800009F0F05B060D498009F4600C306000000000000C406400000000000C6060000000000008202190094200801010010010200100404001006060018010101180202001804040158010100DFEE120100DFEE10011EDFEE1101A5'
	, '<?xml version="1.0" encoding="UTF-8" standalone="yes"?><configuration xmlns="http://www.bellid.com/schema/dataprep/perso-configuration-1.0"><DateFormatCVC>yyMM</DateFormatCVC><DateFormatICVC>yyMM</DateFormatICVC><DateFormatCVC2>MMyy</DateFormatCVC2></configuration>');

INSERT INTO CAMS_TARGET_GROUP(ID, NAME, ID_LIFECYCLE, DIST_NAME) VALUES(6850, 'EFTPOS_CHQ_ANDROIDPAY_TG', 602, 'EFTPOS_ANDROIDPAY_CHEQUE');
INSERT INTO CAMS_TARGET_GROUP(ID, NAME, ID_LIFECYCLE, DIST_NAME) VALUES(6851, 'EFTPOS_CHQ_IPAY_TG', 602, 'EFTPOS_IPAY_CHEQUE');

INSERT INTO CAMS_C_CARDPROGRAM(ID, NAME, DESCRIPTION, NBR_TOKENS_TO_REPL, MOBILE_PIN_ENABLED, MSD_SUPPORTED, REM_PAY_SUPPORTED, CONTACTLESS_PAY_SUPPORTED, CHIP_SUPPORTED, AID, ODA_TIME2LIVE_THRESHOLD,TIME2LIVE_THRESHOLD)
VALUES(6850, 'EFTPOS_ANDROIDPAY_CHEQUE', 'EFTPOS ANDROID PAY CHEQUE: Single Use Key (SUK)', '5', '0', '0', '0', '1', '1', UTL_ENCODE.BASE64_DECODE(UTL_RAW.CAST_TO_RAW('oAAAA4Qg')), '1', '1');

INSERT INTO CAMS_C_CARDPROGRAM(ID, NAME, DESCRIPTION, NBR_TOKENS_TO_REPL, MOBILE_PIN_ENABLED, MSD_SUPPORTED, REM_PAY_SUPPORTED, CONTACTLESS_PAY_SUPPORTED, CHIP_SUPPORTED, AID, ODA_TIME2LIVE_THRESHOLD,TIME2LIVE_THRESHOLD)
VALUES(6851, 'EFTPOS_IPAY_CHEQUE', 'EFTPOS IPAY CHEQUE: Single Use Key (SUK)', '5', '0', '0', '0', '1', '1', UTL_ENCODE.BASE64_DECODE(UTL_RAW.CAST_TO_RAW('oAAAA4Qg')), '1', '1');


INSERT INTO CAMS_X_TYPE_CARD_TARGET_GROUP(ID_TARGET_GROUP, ID_TYPE_CARD) VALUES(6850, 6850);
INSERT INTO CAMS_X_TYPE_CARD_TARGET_GROUP(ID_TARGET_GROUP, ID_TYPE_CARD) VALUES(6851, 6850);

INSERT INTO CAMS_X_TG_EMV_TEMPLATE(ID_EMV_TEMPLATE, ID_TARGET_GROUP) VALUES(6850, 6850);
INSERT INTO CAMS_X_TG_EMV_TEMPLATE(ID_EMV_TEMPLATE, ID_TARGET_GROUP) VALUES(6851, 6851);


INSERT INTO CAMS_X_APP_VER_ADDON_FILE(ID_APPLICATION_VERSION, ID_ADDON_FILE) VALUES(6850, 6850);
INSERT INTO CAMS_X_APP_VER_ADDON_FILE(ID_APPLICATION_VERSION, ID_ADDON_FILE) VALUES(6850, 6851);
INSERT INTO CAMS_X_APP_VER_ADDON_FILE(ID_APPLICATION_VERSION, ID_ADDON_FILE) VALUES(6850, 6852);
INSERT INTO CAMS_X_APP_VER_ADDON_FILE(ID_APPLICATION_VERSION, ID_ADDON_FILE) VALUES(6850, 803);

INSERT INTO CAMS_X_APP_VER_ADDON_FILE(ID_APPLICATION_VERSION, ID_ADDON_FILE) VALUES(6851, 6853);
INSERT INTO CAMS_X_APP_VER_ADDON_FILE(ID_APPLICATION_VERSION, ID_ADDON_FILE) VALUES(6851, 6854);
INSERT INTO CAMS_X_APP_VER_ADDON_FILE(ID_APPLICATION_VERSION, ID_ADDON_FILE) VALUES(6851, 6852);
INSERT INTO CAMS_X_APP_VER_ADDON_FILE(ID_APPLICATION_VERSION, ID_ADDON_FILE) VALUES(6851, 803);

INSERT INTO CAMS_X_APPV_CARDPRG(ID, ID_OPTIONALITY, ID_CARDPROGRAM, ID_APPLICATION_VERSION) VALUES(6850, 0, 6850, 6850);
INSERT INTO CAMS_X_APPV_CARDPRG(ID, ID_OPTIONALITY, ID_CARDPROGRAM, ID_APPLICATION_VERSION) VALUES(6851, 0, 6851, 6851);

INSERT INTO CAMS_X_CARDPROGRAM_TYPE_CARD(ID_TYPE_CARD, ID_CARDPROGRAM) VALUES(6850, 6850);
INSERT INTO CAMS_X_CARDPROGRAM_TYPE_CARD(ID_TYPE_CARD, ID_CARDPROGRAM) VALUES(6850, 6851);
-- ------------- EFTPOS CHEQUE  END ------------------

-- ------------ EFTPOS SAVINGS  START  -----------------------
INSERT INTO CAMS_TARGET_GROUP(ID, NAME, ID_LIFECYCLE, DIST_NAME) VALUES(6860, 'EFTPOS_SAV_ANDROIDPAY_TG', 602, 'EFTPOS_ANDROIDPAY_SAVINGS');
INSERT INTO CAMS_TARGET_GROUP(ID, NAME, ID_LIFECYCLE, DIST_NAME) VALUES(6861, 'EFTPOS_SAV_IPAY_TG', 602, 'EFTPOS_IPAY_SAVINGS');

INSERT INTO CAMS_C_CARDPROGRAM(ID, NAME, DESCRIPTION, NBR_TOKENS_TO_REPL, MOBILE_PIN_ENABLED, MSD_SUPPORTED, REM_PAY_SUPPORTED, CONTACTLESS_PAY_SUPPORTED, CHIP_SUPPORTED, AID, ODA_TIME2LIVE_THRESHOLD, TIME2LIVE_THRESHOLD)
VALUES(6860, 'EFTPOS_ANDROIDPAY_SAVINGS', 'EFTPOS ANDROIDPAY SAVINGS: Single Use Key (SUK)', '5', '0', '0', '0', '1', '1', UTL_ENCODE.BASE64_DECODE(UTL_RAW.CAST_TO_RAW('oAAAA4QQ')), '1', '1');
INSERT INTO CAMS_C_CARDPROGRAM(ID, NAME, DESCRIPTION, NBR_TOKENS_TO_REPL, MOBILE_PIN_ENABLED, MSD_SUPPORTED, REM_PAY_SUPPORTED, CONTACTLESS_PAY_SUPPORTED, CHIP_SUPPORTED, AID, ODA_TIME2LIVE_THRESHOLD, TIME2LIVE_THRESHOLD)
VALUES(6861, 'EFTPOS_IPAY_SAVINGS', 'EFTPOS IPAY SAVINGS: Single Use Key (SUK)', '5', '0', '0', '0', '1', '1', UTL_ENCODE.BASE64_DECODE(UTL_RAW.CAST_TO_RAW('oAAAA4QQ')), '1', '1');

INSERT INTO CAMS_APPLICATION_VERSION(ID, AV_TYPE, ID_APPLICATION, NBR_APPLICATION_VERSION, ID_TYPE_APPLICATION, ID_LIFECYCLE, ID_CHIP_DEFINITION, DATE_START_APPLICATION, DATE_END_APPLICATION, IND_DEFAULT, SIZE_APPLICATION, INSTANCE_AID)
VALUES(6860, 'CAV', 6850, '1.1_AP', 600, 7001, 600, to_timestamp('2015-07-20 00:00:00.0', 'YYYY-MM-DD HH24:MI:SS.FF1'), to_timestamp('2025-01-02 00:00:00.0', 'YYYY-MM-DD HH24:MI:SS.FF1'), 0, 0, UTL_ENCODE.BASE64_DECODE(UTL_RAW.CAST_TO_RAW('oAAAA4QQ')));
INSERT INTO CAMS_APPLICATION_VERSION(ID, AV_TYPE, ID_APPLICATION, NBR_APPLICATION_VERSION, ID_TYPE_APPLICATION, ID_LIFECYCLE, ID_CHIP_DEFINITION, DATE_START_APPLICATION, DATE_END_APPLICATION, IND_DEFAULT, SIZE_APPLICATION, INSTANCE_AID)
VALUES(6861, 'CAV', 6850, '1.1_IP', 600, 7001, 600, to_timestamp('2015-07-20 00:00:00.0', 'YYYY-MM-DD HH24:MI:SS.FF1'), to_timestamp('2025-01-02 00:00:00.0', 'YYYY-MM-DD HH24:MI:SS.FF1'), 0, 0, UTL_ENCODE.BASE64_DECODE(UTL_RAW.CAST_TO_RAW('oAAAA4QQ')));

INSERT INTO CAMS_EMV_TEMPLATE(ID, ID_APPLICATION_VERSION, NAME, DESCRIPTION, ID_PERSO_BUREAU, CHIPDATA_TEMPLATE, CONFIGURATION_DATA)
	VALUES(6860, 6860, 'EFTPOS ANDROIDPAY SAVINGS EMV Template', 'EFTPOS ANDROIDPAY SAVINGS EMV Template', 6850,
	'8406A000000384104F06A00000038410500E656674706F7320534156494E47539F120E656674706F7320534156494E47538701015F2D02656E42009F4A01825F28020036DF5500DF5200DF570124DF5801C2DF0F140301030403040207020882018202820382048205CB020036CD0200369F4F169F02069F03065F2A029A039C019F27019F36029F5205C10400080000CA06000000000000820219005A005F34005F24005F25039912019F420200369F4401028C189F02069F03069F1A0295055F2A029A039C019F37049F35015F2002202F57009F08020100900092008F01C29F3201039F4701039F4800DF530210009F10200FA501000000000000000000000000000F0E24020000000000000000000000009F49039F3704DF3700DF3600DF3200DF3400DF38009F1101015F54030064908801019F1401009F2301079F20009F5204C3380B009F5501E09F560180C306000000000000C406400000000000C506FFFFFFFF0000C7020800DF2900DF3300DF2C01035F30020201DC00DD0056009F6B00DF28009F6C0200019F62060000000000F09F6306000000000F0E9F6401049F650200F09F66020F0E9F670104DA00DB0094200801010010010200100708001801010118020200180505010000000000000000F18145DF2F035F2400DF2F035F2500DF2F025A00DF2F035F3400DF2F028C00DF2F035F2800DF2F039F0700DF2F028E00DF2F039F0D00DF2F039F0E00DF2F039F0F00DF2F039F4A008D0A910A95059F37049F4C089F360200009F4D02150AC2021804C814023032202020202020202020204E494D2D4843459F6E0A010002000000000000009F1F00DFFFFFFF77818A25427B4170706C69636174696F6E205072696D617279204163636F756E74204E756D6265722E66726F6D4243447D5E202F5E7B4170706C6963617'
	||'4696F6E2045787069726174696F6E20446174652E66726F6D4243442E6C6566742834297D7B5365727669636520436F64652E66726F6D4243442E72696768742833297D30303030303030303030303FDFFFFFFF7881853B7B4170706C69636174696F6E205072696D617279204163636F756E74204E756D6265722E66726F6D42434428297D3D7B4170706C69636174696F6E2045787069726174696F6E20446174652E746F4865782E6C6566742834297D7B5365727669636520436F64652E66726F6D4243442E72696768742833297D393939303030303030313F9F5106000000015000DFFFFFFF011312010602FFFFFFFFFFFF000000010000028182DFFFFFFF020D0C11030200400000400000817FDFFFFFFF030A09090103FF0109000181DFFFFFFF040908100102FF1400010EDF0100DF0200DF0E00E1179F38119F02065F2A029C019F03069F35019F3303BF0C00E2229F38179F02065F2A029C019F03069F35019F33039F15029F4E19BF0C059F4D02150AB16B9F0702AB808E0A000000000000000002009F0D05B0609498009F0E0504100800009F0F05B060D498009F4600C306000000000000C406400000000000C60600000000000082021900941C08010100100102001007080018010101180202001805050158010100DFEE120100B223C306FFFFFFFFFFFFC406000000000000C606000000000000820200009400DFEE120100BE719F070229008E0C00002710000000005F0602009F0D05B0409408009F0E0504100800009F0F05B060D498009F4600C306000000000000C406400000000000C6060000000000008202190094200801010010010200100404001006060018010101180202001804040158010100DFEE120100DFEE10011EDFEE1101A5'
	, '<?xml version="1.0" encoding="UTF-8" standalone="yes"?><configuration xmlns="http://www.bellid.com/schema/dataprep/perso-configuration-1.0"><DateFormatCVC>yyMM</DateFormatCVC><DateFormatICVC>yyMM</DateFormatICVC><DateFormatCVC2>MMyy</DateFormatCVC2></configuration>');
INSERT INTO CAMS_EMV_TEMPLATE(ID, ID_APPLICATION_VERSION, NAME, DESCRIPTION, ID_PERSO_BUREAU, CHIPDATA_TEMPLATE, CONFIGURATION_DATA)
	VALUES(6861, 6861, 'EFTPOS IPAY SAVINGS EMV Template', 'EFTPOS IPAY SAVINGS EMV Template', 6850,
	'4F06A00000038410500E656674706F7320534156494E47539F120E656674706F7320534156494E47538701015F2D02656E42009F4A01825F28020036DF5500DF520121DF0F140301030403040207020882018202820382048205CB020036CD0200369F4F169F02069F03065F2A029A039C019F27019F36029F5205C10400080000CA06000000000000820219005A005F3401015F24034912305F25031505019F420200369F4401028C189F02069F03069F1A0295055F2A029A039C019F37049F35015F2002202F57009F08020100900092008F01C29F3201039F4701039F4800DF530210009F10200FA501000000000000000000000000000F0E21C0000000000000FF00000000009F49039F3704DF3700DF3600DF3200DF3400DF38009F1101015F54030064908801019F1401009F2301079F20009F5204C3380B009F5501E09F560180C306000000000000C406400000000000C506FFFFFFFF0000C7020800DF2900DF3300DF2C01035F30020201DC00DD0056009F6B00DF28009F6C0200019F62060000000000F09F6306000000000F0E9F6401049F650200F09F66020F0E9F670104DA00DB0094200801010010010200100708001801010118020200180505010000000000000000F18145DF2F035F2400DF2F035F2500DF2F025A00DF2F035F3400DF2F028C00DF2F035F2800DF2F039F0700DF2F028E00DF2F039F0D00DF2F039F0E00DF2F039F0F00DF2F039F4A008D0A910A95059F37049F4C089F360200009F4D02150AC2021804C814023032202020202020202020204E494D2D4843459F6E0A010002000000000000FF9F1F00DFFFFFFF77818A25427B4170706C69636174696F6E205072696D617279204163636F756E74204E756D6265722E66726F6D4243447D5E202F5E7B4170706C69636174696F6E2045787069726174696F6E20446174652E66726F6D4243442E6C6566742834297D7B5365727669636520436F6465'
	||'2E66726F6D4243442E72696768742833297D30303030303030303030303FDFFFFFFF7881853B7B4170706C69636174696F6E205072696D617279204163636F756E74204E756D6265722E66726F6D42434428297D3D7B4170706C69636174696F6E2045787069726174696F6E20446174652E746F4865782E6C6566742834297D7B5365727669636520436F64652E66726F6D4243442E72696768742833297D393939303030303030313F9F5106000000015000DFFFFFFF011312010602FFFFFFFFFFFF000000010000028182DFFFFFFF020D0C0A030200400000400000817FDFFFFFFF030A09050103FF0109000181DFFFFFFF040908080102FF1400010EDF0100DF0200DF0E009F0E0504100800009F0F05B060D49800DF570121DF5801C1DF600106DF6509A00000015143525300DF61081234567890ABCDEFDF634104E710F01ABE9284E51CAB5ED6374367F5B8D6366018868DC7A36BAEF95F0324FFF9B3FDFF44BFBDFFE21FF90E141A19E0D13275C6ACB6BCD3B56E3738BBFA378FE1179F38119F02065F2A029C019F03069F35019F3303BF0C00E2179F38119F02065F2A029C019F03069F35019F3303BF0C00B16B9F0702AB808E0A000000000000000002009F0D05B0609498009F0E0504100800009F0F05B060D498009F4600C306000000000000C406400000000000C60600000000000082021900941C08010100100102001007080018010101180202001805050158010100DFEE120100B223C306FFFFFFFFFFFFC406000000000000C606000000000000820200009400DFEE120100BE719F070229008E0C00002710000000005F0602009F0D05B0409408009F0E0504100800009F0F05B060D498009F4600C306000000000000C406400000000000C6060000000000008202190094200801010010010200100404001006060018010101180202001804040158010100DFEE120100DFEE10011EDFEE1101A5'
	, '<?xml version="1.0" encoding="UTF-8" standalone="yes"?><configuration xmlns="http://www.bellid.com/schema/dataprep/perso-configuration-1.0"><DateFormatCVC>yyMM</DateFormatCVC><DateFormatICVC>yyMM</DateFormatICVC><DateFormatCVC2>MMyy</DateFormatCVC2></configuration>');

INSERT INTO CAMS_X_TYPE_CARD_TARGET_GROUP(ID_TARGET_GROUP, ID_TYPE_CARD) VALUES(6860, 6850);
INSERT INTO CAMS_X_TYPE_CARD_TARGET_GROUP(ID_TARGET_GROUP, ID_TYPE_CARD) VALUES(6861, 6850);

INSERT INTO CAMS_X_TG_EMV_TEMPLATE(ID_EMV_TEMPLATE, ID_TARGET_GROUP) VALUES(6860, 6860);
INSERT INTO CAMS_X_TG_EMV_TEMPLATE(ID_EMV_TEMPLATE, ID_TARGET_GROUP) VALUES(6861, 6861);

INSERT INTO CAMS_X_APPV_CARDPRG(ID, ID_OPTIONALITY, ID_CARDPROGRAM, ID_APPLICATION_VERSION) VALUES(6860, 0, 6860, 6860);
INSERT INTO CAMS_X_APPV_CARDPRG(ID, ID_OPTIONALITY, ID_CARDPROGRAM, ID_APPLICATION_VERSION) VALUES(6861, 0, 6861, 6861);

INSERT INTO CAMS_X_CARDPROGRAM_TYPE_CARD(ID_TYPE_CARD, ID_CARDPROGRAM) VALUES(6850, 6860);
INSERT INTO CAMS_X_CARDPROGRAM_TYPE_CARD(ID_TYPE_CARD, ID_CARDPROGRAM) VALUES(6850, 6861);

INSERT INTO CAMS_ADDON_FILE(ID, NAME, ID_TYPE_ADDON_FILE, RESRC) VALUES(6860, 'EFTPOS ANDROIDPAY SAV RULE LIST', 105, 'blob:6860');
INSERT INTO CAMS_ADDON_FILE(ID, NAME, ID_TYPE_ADDON_FILE, RESRC) VALUES(6861, 'EFTPOS ANDROIDPAY SAV CPS MAPPING', 106, 'blob:6861');
INSERT INTO CAMS_ADDON_FILE(ID, NAME, ID_TYPE_ADDON_FILE, RESRC) VALUES(6862, 'EFTPOS IPAY SAV RULE LIST', 105, 'blob:6862');
INSERT INTO CAMS_ADDON_FILE(ID, NAME, ID_TYPE_ADDON_FILE, RESRC) VALUES(6863, 'EFTPOS IPAY SAV CPS MAPPING', 106, 'blob:6863');

INSERT INTO CAMS_X_APP_VER_ADDON_FILE(ID_APPLICATION_VERSION, ID_ADDON_FILE) VALUES(6860, 6860);
INSERT INTO CAMS_X_APP_VER_ADDON_FILE(ID_APPLICATION_VERSION, ID_ADDON_FILE) VALUES(6860, 6861);
INSERT INTO CAMS_X_APP_VER_ADDON_FILE(ID_APPLICATION_VERSION, ID_ADDON_FILE) VALUES(6860, 6852);
INSERT INTO CAMS_X_APP_VER_ADDON_FILE(ID_APPLICATION_VERSION, ID_ADDON_FILE) VALUES(6860, 803);

INSERT INTO CAMS_X_APP_VER_ADDON_FILE(ID_APPLICATION_VERSION, ID_ADDON_FILE) VALUES(6861, 6862);
INSERT INTO CAMS_X_APP_VER_ADDON_FILE(ID_APPLICATION_VERSION, ID_ADDON_FILE) VALUES(6861, 6863);
INSERT INTO CAMS_X_APP_VER_ADDON_FILE(ID_APPLICATION_VERSION, ID_ADDON_FILE) VALUES(6861, 6852);
INSERT INTO CAMS_X_APP_VER_ADDON_FILE(ID_APPLICATION_VERSION, ID_ADDON_FILE) VALUES(6861, 803);

-- ------------ EFTPOS SAVINGS  END  -----------------------


-- ------------ EFTPOS CHEQUE/SAVINGS  START  -----------------------
-- Note that AndroidPay does not support both CHEQUE and SAVINGS
--INSERT INTO CAMS_TARGET_GROUP(ID, NAME, ID_LIFECYCLE, DIST_NAME) VALUES(6870, 'EFTPOS_CHQSAV_ANDROIDPAY_TARGETGROUP', 602, 'EFTPOS_CHQSAV_ANDROIDPAY');
INSERT INTO CAMS_TARGET_GROUP(ID, NAME, ID_LIFECYCLE, DIST_NAME) VALUES(6871, 'EFTPOS_CHQSAV_IPAY_TG', 602, 'EFTPOS_IPAY_CHEQUESAVINGS');

--INSERT INTO CAMS_C_CARDPROGRAM(ID, NAME, DESCRIPTION, NBR_TOKENS_TO_REPL, MOBILE_PIN_ENABLED, MSD_SUPPORTED, REM_PAY_SUPPORTED, CONTACTLESS_PAY_SUPPORTED, CHIP_SUPPORTED, AID, ODA_TIME2LIVE_THRESHOLD) VALUES(6870, 'EFTPOS_ANDROIDPAY_CHEQUESAVINGS', 'EFTPOS_ANDROIDPAY_CHEQUESAVINGS: Single Use Key (SUK)', '5', '0', '0', '0', '1', '1', UTL_ENCODE.BASE64_DECODE(UTL_RAW.CAST_TO_RAW('oAAAA4Qg')), '1');
INSERT INTO CAMS_C_CARDPROGRAM(ID, NAME, DESCRIPTION, NBR_TOKENS_TO_REPL, MOBILE_PIN_ENABLED, MSD_SUPPORTED, REM_PAY_SUPPORTED, CONTACTLESS_PAY_SUPPORTED, CHIP_SUPPORTED, AID, ODA_TIME2LIVE_THRESHOLD)
	VALUES(6871, 'EFTPOS_IPAY_CHEQUESAVINGS', 'EFTPOS_IPAY_CHEQUESAVINGS: Single Use Key (SUK)', '5', '0', '0', '0', '1', '1', UTL_ENCODE.BASE64_DECODE(UTL_RAW.CAST_TO_RAW('oAAAA4Qg')), '1');


--INSERT INTO CAMS_APPLICATION_VERSION(ID, AV_TYPE, ID_APPLICATION, NBR_APPLICATION_VERSION, ID_TYPE_APPLICATION, ID_LIFECYCLE, ID_CHIP_DEFINITION,DATE_START_APPLICATION, DATE_END_APPLICATION, IND_DEFAULT, SIZE_APPLICATION, INSTANCE_AID) VALUES(6870, 'CAV', 6850, '1.2_AP', 600, 7001, 600, to_timestamp('2015-07-20 00:00:00.0', 'YYYY-MM-DD HH24:MI:SS.FF1'), to_timestamp('2025-01-02 00:00:00.0', 'YYYY-MM-DD HH24:MI:SS.FF1'), 0, 0, UTL_ENCODE.BASE64_DECODE(UTL_RAW.CAST_TO_RAW('oAAAA4Qg')));

INSERT INTO CAMS_APPLICATION_VERSION(ID, AV_TYPE, ID_APPLICATION, NBR_APPLICATION_VERSION, ID_TYPE_APPLICATION, ID_LIFECYCLE, ID_CHIP_DEFINITION, DATE_START_APPLICATION, DATE_END_APPLICATION, IND_DEFAULT, SIZE_APPLICATION, INSTANCE_AID)
	VALUES(6871, 'CAV', 6850, '1.2_IP', 600, 7001, 600, to_timestamp('2015-07-20 00:00:00.0', 'YYYY-MM-DD HH24:MI:SS.FF1'), to_timestamp('2025-01-02 00:00:00.0', 'YYYY-MM-DD HH24:MI:SS.FF1'), 0, 0, UTL_ENCODE.BASE64_DECODE(UTL_RAW.CAST_TO_RAW('oAAAA4Qg')));

--INSERT INTO CAMS_EMV_TEMPLATE(ID, ID_APPLICATION_VERSION, NAME, DESCRIPTION, ID_PERSO_BUREAU, CHIPDATA_TEMPLATE, CONFIGURATION_DATA) 	VALUES(6870, 6870, 'EFTPOS ANDROIDPAY CHEQUESAVINGS EMV Template', 'EFTPOS ANDROIDPAY CHEQUESAVINGS EMV Template', 6850, '5F2D02656E42009F4A01825F28020036DF5500DF520121DF0F140301030403040207020882018202820382048205CB020036CD0200369F4F169F02069F03065F2A029A039C019F27019F36029F5205C10400080100CA06000000000000820219005A005F34005F24005F25031505319F420200369F4401028C189F02069F03069F1A0295055F2A029A039C019F37049F35015F2002202F57009F08020100900092008F01C29F3201039F4701039F46009F4800DF530210009F10200FA501000000000000000000000000000F0E00000000000000000000000000009F49039F3704DF3700DF3600DF3200DF3400DF38009F1101015F54030064908801019F1401009F2301079F20009F5204C3380B009F5501E09F560180C306000000000000C406400000000000C506FFFFFFFF0000C7020800DF2900DF3300DF2C01035F30020201DC00DD0056009F6B00DF28009F6C0200019F62060000000000F09F6306000000000F0E9F6401049F650200F09F66020F0E9F670104DA00DB0094200801010010010200100708001801010118020200180505010000000000000000F1814ADF2F028200DF2F035F2400DF2F035F2500DF2F039F0700DF2F028C00DF2F028E00DF2F039F0D00DF2F039F0E00DF2F039F0F00DF2F035F2800DF2F025A00DF2F035F3400DF2F039F4A008D0A910A95059F37049F4C089F360200009F4D02150AC2021804C820023032202020202020202020204E494D2D4843453031202020202020202020209F6E0A010002000000000000008406A000000384209F1F00DFFFFFFF77818C25427B4170706C69636174696F6E205072696D617279204163636F756E74204E756D6265722E66726F6D4243447D5E202F5E7B4170706C69636174696F6E2045787069726174696F6E20446174652E66726F6D4243442E6C6566742834297D7B5365727669636520436F64652E66726F6D4243442E726967'
--	||'68742833297D303030303030303030303030303FDFFFFFFF7881883B7B4170706C69636174696F6E205072696D617279204163636F756E74204E756D6265722E66726F6D42434428297D3D7B4170706C69636174696F6E2045787069726174696F6E20446174652E746F4865782E6C6566742834297D7B5365727669636520436F64652E66726F6D4243442E72696768742833297D393939303030303030303030313F9F5106000000015000DFFFFFFF011312010602FFFFFFFFFFFF000000010000028182DFFFFFFF020D0C11030200400000400000817FDFFFFFFF030A09090203FF0109000181DFFFFFFF040908100102FF1400010EDF013CDF01391EA501000000000000400000000000000000000000190032080101001001020010070800180101011802020018050501000000000000000000DF023CDF02391EA501FFFFFFFFFFFF000000000000000000000000000000000000000000000000000000000000000000000000000000000000000000000000DF0E3CDF0E391EA501000000000000400000000000000000000000190032080101001001020010040400100606001801010118020200180404010000000000E14E9F38119F02065F2A029C019F03069F35019F3303BF0C059F4D02150A8406A000000384204F06A00000038420500D656674706F73204348455155459F120D656674706F7320434845515545870101E24E9F38119F02065F2A029C019F03069F35019F3303BF0C059F4D02150A8406A000000384204F06A00000038420500D656674706F73204348455155459F120D656674706F7320434845515545870101E3509F38119F02065F2A029C019F03069F35019F3303BF0C059F4D02150A8406A000000384104F06A00000038410500E656674706F7320534156494E47539F120E656674706F7320534156494E4753870102E4509F38119F02065F2A029C019F03069F35019F3303BF0C059F4D02150A8406A000000384104F06A00000038410500E656674706F7320534156494E47539F120E656674706F7320534156494E4753870102B1299F0702AB808E0A000000000000000002009F0D05B0609498009F0E0504100800009F0F05B060D49800BE2B9F070229008E0C00002710000000005F0602009F0D05B0409408009F0E0504100800009F0F05B060D49800', '<?xml version="1.0" encoding="UTF-8" standalone="yes"?><configuration xmlns="http://www.bellid.com/schema/dataprep/perso-configuration-1.0"><DateFormatCVC>yyMM</DateFormatCVC><DateFormatICVC>yyMM</DateFormatICVC><DateFormatCVC2>MMyy</DateFormatCVC2></configuration>');
INSERT INTO CAMS_EMV_TEMPLATE(ID, ID_APPLICATION_VERSION, NAME, DESCRIPTION, ID_PERSO_BUREAU, CHIPDATA_TEMPLATE, CONFIGURATION_DATA)
	VALUES(6871, 6871, 'EFTPOS IPAY CHEQUESAVINGS EMV Template', 'EFTPOS IPAY CHEQUESAVINGS EMV Template', 6850,
	'5F2D02656E42009F4A01825F28020036DF5500DF520121DF0F140301030403040207020882018202820382048205CB020036CD0200369F4F169F02069F03065F2A029A039C019F27019F36029F5205C10400080000CA06000000000000820219005A005F3401015F24034912305F25031505019F420200369F4401028C189F02069F03069F1A0295055F2A029A039C019F37049F35015F2002202F57009F08020100900092008F01C29F3201039F4701039F4800DF530210009F10200FA501000000000000000000000000000F0E21C0000000000000FF00000000009F49039F3704DF3700DF3600DF3200DF3400DF38009F1101015F54030064908801019F1401009F2301079F20009F5204C3380B009F5501E09F560180C306000000000000C406400000000000C506FFFFFFFF0000C7020800DF2900DF3300DF2C01035F30020201DC00DD0056009F6B00DF28009F6C0200019F62060000000000F09F6306000000000F0E9F6401049F650200F09F66020F0E9F670104DA00DB0094200801010010010200100708001801010118020200180505010000000000000000F18145DF2F035F2400DF2F035F2500DF2F025A00DF2F035F3400DF2F028C00DF2F035F2800DF2F039F0700DF2F028E00DF2F039F0D00DF2F039F0E00DF2F039F0F00DF2F039F4A008D0A910A95059F37049F4C089F360200009F4D02150AC2021804C814023032202020202020202020204E494D2D4843459F6E0A010002000000000000FF9F1F00DFFFFFFF77818A25427B4170706C69636174696F6E205072696D617279204163636F756E74204E756D6265722E66726F6D4243447D5E202F5E7B4170706C69636174696F6E2045787069726174696F6E20446174652E66726F6D4243442E6C6566742834297D7B5365727669636520436F64652E66726F6D4243442E72696768742833297D30303030303030303030303FDFFFFFFF7881853B7B4170706C69636174696F6E205072696D617279204163636F756E74204E756D6265722E66726F6D42434428297D3D7B4170706C69636174696F6E2045787069726174696F6E20446174652E746F4865782E6C6566742834297D7B5365727669636520436F64652E66726F6D4243442E72696768742833297D393939303030303030313F9F5106000000015000DFFFFFFF0113120106'
	||'02FFFFFFFFFFFF000000010000028182DFFFFFFF020D0C0A030200400000400000817FDFFFFFFF030A09050103FF0109000181DFFFFFFF040908080102FF1400010EDF0100DF0200DF0E00DF570121DF5801C1DF600106DF6509A00000015143525300DF61081234567890ABCDEFDF634104E710F01ABE9284E51CAB5ED6374367F5B8D6366018868DC7A36BAEF95F0324FFF9B3FDFF44BFBDFFE21FF90E141A19E0D13275C6ACB6BCD3B56E3738BBFA378FE1279F38119F02065F2A029C019F03069F35019F3303BF0C009F120D656674706F7320434845515545E2279F38119F02065F2A029C019F03069F35019F3303BF0C009F120D656674706F7320434845515545E3289F38119F02065F2A029C019F03069F35019F3303BF0C009F120E656674706F7320534156494E4753E4289F38119F02065F2A029C019F03069F35019F3303BF0C009F120E656674706F7320534156494E4753B16B9F0702AB808E0A000000000000000002009F0D05B0609498009F0E0504100800009F0F05B060D498009F4600C306000000000000C406400000000000C60600000000000082021900941C08010100100102001007080018010101180202001805050158010100DFEE120100B223C306FFFFFFFFFFFFC406000000000000C606000000000000820200009400DFEE120100BE719F070229008E0C00002710000000005F0602009F0D05B0409408009F0E0504100800009F0F05B060D498009F4600C306000000000000C406400000000000C6060000000000008202190094200801010010010200100404001006060018010101180202001804040158010100DFEE120100DFEE10011EDFEE1101A5'
	, '<?xml version="1.0" encoding="UTF-8" standalone="yes"?><configuration xmlns="http://www.bellid.com/schema/dataprep/perso-configuration-1.0"><DateFormatCVC>yyMM</DateFormatCVC><DateFormatICVC>yyMM</DateFormatICVC><DateFormatCVC2>MMyy</DateFormatCVC2></configuration>');

--INSERT INTO CAMS_X_APPV_CARDPRG(ID, ID_OPTIONALITY, ID_CARDPROGRAM, ID_APPLICATION_VERSION) VALUES(6870, 0, 6870, 6870);
INSERT INTO CAMS_X_APPV_CARDPRG(ID, ID_OPTIONALITY, ID_CARDPROGRAM, ID_APPLICATION_VERSION) VALUES(6871, 0, 6871, 6871);

--INSERT INTO CAMS_X_TYPE_CARD_TARGET_GROUP(ID_TARGET_GROUP, ID_TYPE_CARD) VALUES(6870, 6850);
INSERT INTO CAMS_X_TYPE_CARD_TARGET_GROUP(ID_TARGET_GROUP, ID_TYPE_CARD) VALUES(6871, 6850);

--INSERT INTO CAMS_X_CARDPROGRAM_TYPE_CARD(ID_TYPE_CARD, ID_CARDPROGRAM) VALUES(6850, 6870);
INSERT INTO CAMS_X_CARDPROGRAM_TYPE_CARD(ID_TYPE_CARD, ID_CARDPROGRAM) VALUES(6850, 6871);

--INSERT INTO CAMS_ADDON_FILE(ID, NAME, ID_TYPE_ADDON_FILE, RESRC) VALUES(6870, 'EFTPOS ANDROIDPAY CHQSAV RULE LIST', 105, 'blob:6870');
--INSERT INTO CAMS_ADDON_FILE(ID, NAME, ID_TYPE_ADDON_FILE, RESRC) VALUES(6871, 'EFTPOS ANDROIDPAY CHQSAV CPS MAPPING', 106, 'blob:6871');
INSERT INTO CAMS_ADDON_FILE(ID, NAME, ID_TYPE_ADDON_FILE, RESRC) VALUES(6872, 'EFTPOS IPAY CHQSAV RULE LIST', 105, 'blob:6870');
INSERT INTO CAMS_ADDON_FILE(ID, NAME, ID_TYPE_ADDON_FILE, RESRC) VALUES(6873, 'EFTPOS IPAY CHQSAV CPS MAPPING', 106, 'blob:6871');


--INSERT INTO CAMS_X_APP_VER_ADDON_FILE(ID_APPLICATION_VERSION, ID_ADDON_FILE) VALUES(6870, 6870);
--INSERT INTO CAMS_X_APP_VER_ADDON_FILE(ID_APPLICATION_VERSION, ID_ADDON_FILE) VALUES(6870, 6871);
--INSERT INTO CAMS_X_APP_VER_ADDON_FILE(ID_APPLICATION_VERSION, ID_ADDON_FILE) VALUES(6870, 6852);
--INSERT INTO CAMS_X_APP_VER_ADDON_FILE(ID_APPLICATION_VERSION, ID_ADDON_FILE) VALUES(6870, 803);
INSERT INTO CAMS_X_APP_VER_ADDON_FILE(ID_APPLICATION_VERSION, ID_ADDON_FILE) VALUES(6871, 6872);
INSERT INTO CAMS_X_APP_VER_ADDON_FILE(ID_APPLICATION_VERSION, ID_ADDON_FILE) VALUES(6871, 6873);
INSERT INTO CAMS_X_APP_VER_ADDON_FILE(ID_APPLICATION_VERSION, ID_ADDON_FILE) VALUES(6871, 6852);
INSERT INTO CAMS_X_APP_VER_ADDON_FILE(ID_APPLICATION_VERSION, ID_ADDON_FILE) VALUES(6871, 803);

--INSERT INTO CAMS_X_TG_EMV_TEMPLATE(ID_EMV_TEMPLATE, ID_TARGET_GROUP) VALUES(6870, 6870);
INSERT INTO CAMS_X_TG_EMV_TEMPLATE(ID_EMV_TEMPLATE, ID_TARGET_GROUP) VALUES(6871, 6871);
-- ------------ EFTPOS CHEQUE/SAVINGS  END  -------------------------

-- ------------ EFTPOS DATAPREP JOB START  -----------------------
INSERT INTO CAMS_TARGET_GROUP(ID, NAME, ID_LIFECYCLE, DIST_NAME) VALUES(6880, 'EFTPOS_ANDROIDPAY_DATAPREPJOB_TG', 602, 'EFTPOS_ANDROIDPAY');
INSERT INTO CAMS_TARGET_GROUP(ID, NAME, ID_LIFECYCLE, DIST_NAME) VALUES(6881, 'EFTPOS_IPAY_DATAPREPJOB_TG', 602, 'EFTPOS_IPAY');

INSERT INTO CAMS_C_CARDPROGRAM(ID, NAME, DESCRIPTION, NBR_TOKENS_TO_REPL, MOBILE_PIN_ENABLED, MSD_SUPPORTED, REM_PAY_SUPPORTED, CONTACTLESS_PAY_SUPPORTED, CHIP_SUPPORTED, AID, ODA_TIME2LIVE_THRESHOLD)
VALUES(6880, 'EFTPOS_ANDROIDPAY', 'EFTPOS ANDROIDPAY Dataprep Job' , '5', '0', '0', '0', '1', '1', UTL_ENCODE.BASE64_DECODE(UTL_RAW.CAST_TO_RAW('oAAAA4Qg')), '1');
INSERT INTO CAMS_C_CARDPROGRAM(ID, NAME, DESCRIPTION, NBR_TOKENS_TO_REPL, MOBILE_PIN_ENABLED, MSD_SUPPORTED, REM_PAY_SUPPORTED, CONTACTLESS_PAY_SUPPORTED, CHIP_SUPPORTED, AID, ODA_TIME2LIVE_THRESHOLD)
VALUES(6881, 'EFTPOS_IPAY', 'EFTPOS IPAY Dataprep Job' , '5', '0', '0', '0', '1', '1', UTL_ENCODE.BASE64_DECODE(UTL_RAW.CAST_TO_RAW('oAAAA4Qg')), '1');


INSERT INTO CAMS_APPLICATION_VERSION(ID, AV_TYPE, ID_APPLICATION, NBR_APPLICATION_VERSION, ID_TYPE_APPLICATION, ID_LIFECYCLE, ID_CHIP_DEFINITION, DATE_START_APPLICATION, DATE_END_APPLICATION, IND_DEFAULT, SIZE_APPLICATION, INSTANCE_AID)
	VALUES(6880, 'CAV', 6850, '1.3_AP', 600, 7001, 600, to_timestamp('2015-07-20 00:00:00.0', 'YYYY-MM-DD HH24:MI:SS.FF1'), to_timestamp('2025-01-02 00:00:00.0', 'YYYY-MM-DD HH24:MI:SS.FF1'), 0, 0, UTL_ENCODE.BASE64_DECODE(UTL_RAW.CAST_TO_RAW('oAAAA4Qg')));
INSERT INTO CAMS_APPLICATION_VERSION(ID, AV_TYPE, ID_APPLICATION, NBR_APPLICATION_VERSION, ID_TYPE_APPLICATION, ID_LIFECYCLE, ID_CHIP_DEFINITION, DATE_START_APPLICATION, DATE_END_APPLICATION, IND_DEFAULT, SIZE_APPLICATION, INSTANCE_AID)
	VALUES(6881, 'CAV', 6850, '1.3_IP', 600, 7001, 600, to_timestamp('2015-07-20 00:00:00.0', 'YYYY-MM-DD HH24:MI:SS.FF1'), to_timestamp('2025-01-02 00:00:00.0', 'YYYY-MM-DD HH24:MI:SS.FF1'), 0, 0, UTL_ENCODE.BASE64_DECODE(UTL_RAW.CAST_TO_RAW('oAAAA4Qg')));


INSERT INTO CAMS_EMV_TEMPLATE(ID, ID_APPLICATION_VERSION, NAME, DESCRIPTION, ID_PERSO_BUREAU, CHIPDATA_TEMPLATE, CONFIGURATION_DATA)
	VALUES(6880, 6880, 'EFTPOS ANDROIDPAY Dataprep Job template', 'EFTPOS ANDROIDPAY Dataprep Job template', 6850,
	'8701015F2D02656E42009F4A01825F28020036DF5500DF5200DF0F140301030403040207020882018202820382048205CB020036CD0200369F4F169F02069F03065F2A029A039C019F27019F36029F5205C10400080100CA06000000000000820219005A005F34005F24005F25039912019F420200369F4401028C189F02069F03069F1A0295055F2A029A039C019F37049F35015F2002202F57009F08020100900092008F01C29F3201039F4701039F4800DF530210009F10200FA501000000000000000000000000000F0E24020000000000000000000000009F49039F3704DF3700DF3600DF3200DF3400DF38009F1101015F54030064908801019F1401009F2301079F20009F5204C3380B009F5501E09F560180C306000000000000C406400000000000C506FFFFFFFF0000C7020800DF2900DF3300DF2C01035F30020201DC00DD0056009F6B00DF28009F6C0200019F62060000000000F09F6306000000000F0E9F6401049F650200F09F66020F0E9F670104DA00DB0094200801010010010200100708001801010118020200180505010000000000000000F18145DF2F035F2400DF2F035F2500DF2F025A00DF2F035F3400DF2F028C00DF2F035F2800DF2F039F0700DF2F028E00DF2F039F0D00DF2F039F0E00DF2F039F0F00DF2F039F4A008D0A910A95059F37049F4C089F360200009F4D02150AC2021804C820023032202020202020202020204E494D2D4843453031202020202020202020209F6E0A010002000000000000009F1F00DFFFFFFF77818A25427B4170706C69636174696F6E205072696D617279204163636F756E74204E756D6265722E66726F6D4243447D5E202F5E7B4170706C69636174696F6E2045787069726174696F6E20446174652E66726F6D4243442E6C6566742834297D7B5365727669636520436F64652E66726F6D4243442E72696768742833297D3030303030303030'
	||'3030303FDFFFFFFF7881853B7B4170706C69636174696F6E205072696D617279204163636F756E74204E756D6265722E66726F6D42434428297D3D7B4170706C69636174696F6E2045787069726174696F6E20446174652E746F4865782E6C6566742834297D7B5365727669636520436F64652E66726F6D4243442E72696768742833297D393939303030303030313F9F5106000000015000DFFFFFFF011312010602FFFFFFFFFFFF000000010000028182DFFFFFFF020D0C11030200400000400000817FDFFFFFFF030A09090103FF0109000181DFFFFFFF040908100102FF1400010EDF0100DF0200DF0E00E1179F38119F02065F2A029C019F03069F35019F3303BF0C00E2229F38179F02065F2A029C019F03069F35019F33039F15029F4E19BF0C059F4D02150AB16B9F0702AB808E0A000000000000000002009F0D05B0609498009F0E0504100800009F0F05B060D498009F4600C306000000000000C406400000000000C60600000000000082021900941C08010100100102001007080018010101180202001805050158010100DFEE120100B223C306FFFFFFFFFFFFC406000000000000C606000000000000820200009400DFEE120100BE719F070229008E0C00002710000000005F0602009F0D05B0409408009F0E0504100800009F0F05B060D498009F4600C306000000000000C406400000000000C6060000000000008202190094200801010010010200100404001006060018010101180202001804040158010100DFEE120100DFEE10011EDFEE1101A5DF570124DF5801C2'
	, '<?xml version="1.0" encoding="UTF-8" standalone="yes"?><configuration xmlns="http://www.bellid.com/schema/dataprep/perso-configuration-1.0"><DateFormatCVC>yyMM</DateFormatCVC><DateFormatICVC>yyMM</DateFormatICVC><DateFormatCVC2>MMyy</DateFormatCVC2></configuration>');
INSERT INTO CAMS_EMV_TEMPLATE(ID, ID_APPLICATION_VERSION, NAME, DESCRIPTION, ID_PERSO_BUREAU, CHIPDATA_TEMPLATE, CONFIGURATION_DATA)
	VALUES(6881, 6881, 'EFTPOS IPAY Dataprep Job template', 'EFTPOS IPAY Dataprep Job template', 6850,
	'8406A000000384204F06A00000038420500D656674706F73204348455155459F120D656674706F73204348455155458701015F2D02656E42009F4A01825F28020036DF5500DF520121DF0F140301030403040207020882018202820382048205CB020036CD0200369F4F169F02069F03065F2A029A039C019F27019F36029F5205C10400080000CA06000000000000820219005A005F34005F24005F25031505019F420200369F4401028C189F02069F03069F1A0295055F2A029A039C019F37049F35015F2002202F57009F08020100900092008F01C29F3201039F4701039F4800DF530210009F10200FA501000000000000000000000000000F0E21C10000000000000000000000009F49039F3704DF3700DF3600DF3200DF3400DF38009F1101015F54030064908801019F1401009F2301079F20009F5204C3380B009F5501E09F560180C306000000000000C406400000000000C506FFFFFFFF0000C7020800DF2900DF3300DF2C01035F30020201DC00DD0056009F6B00DF28009F6C0200019F62060000000000F09F6306000000000F0E9F6401049F650200F09F66020F0E9F670104DA00DB0094200801010010010200100708001801010118020200180505010000000000000000F18145DF2F035F2400DF2F035F2500DF2F025A00DF2F035F3400DF2F028C00DF2F035F2800DF2F039F0700DF2F028E00DF2F039F0D00DF2F039F0E00DF2F039F0F00DF2F039F4A008D0A910A95059F37049F4C089F360200009F4D02150AC2021804C820023032202020202020202020204E494D2D4843453031202020202020202020209F6E0A0100C1000000000000009F1F00DFFFFFFF77818A25427B4170706C69636174696F6E205072696D617279204163636F756E74204E756D6265722E66726F6D4243447D5E202F5E7B4170706C69636174696F6E2045787069726174696F6E'
	||'20446174652E66726F6D4243442E6C6566742834297D7B5365727669636520436F64652E66726F6D4243442E72696768742833297D30303030303030303030303FDFFFFFFF7881853B7B4170706C69636174696F6E205072696D617279204163636F756E74204E756D6265722E66726F6D42434428297D3D7B4170706C69636174696F6E2045787069726174696F6E20446174652E746F4865782E6C6566742834297D7B5365727669636520436F64652E66726F6D4243442E72696768742833297D393939303030303030313F9F5106000000015000DFFFFFFF011312010602FFFFFFFFFFFF000000010000028182DFFFFFFF020D0C11030200400000400000817FDFFFFFFF030A09090203FF0109000181DFFFFFFF040908100102FF1400010EDF0100DF0200DF0E00DF570121DF5801C1E1179F38119F02065F2A029C019F03069F35019F3303BF0C00E2179F38119F02065F2A029C019F03069F35019F3303BF0C00B16B9F0702AB808E0A000000000000000002009F0D05B0609498009F0E0504100800009F0F05B060D498009F4600C306000000000000C406400000000000C60600000000000082021900941C08010100100102001007080018010101180202001805050158010100DFEE120100B223C306FFFFFFFFFFFFC406000000000000C606000000000000820200009400DFEE120100BE719F070229008E0C00002710000000005F0602009F0D05B0409408009F0E0504100800009F0F05B060D498009F4600C306000000000000C406400000000000C6060000000000008202190094200801010010010200100404001006060018010101180202001804040158010100DFEE120100DFEE10011EDFEE1101A5'
	, '<?xml version="1.0" encoding="UTF-8" standalone="yes"?><configuration xmlns="http://www.bellid.com/schema/dataprep/perso-configuration-1.0"><DateFormatCVC>yyMM</DateFormatCVC><DateFormatICVC>yyMM</DateFormatICVC><DateFormatCVC2>MMyy</DateFormatCVC2></configuration>');


INSERT INTO CAMS_X_APPV_CARDPRG(ID, ID_OPTIONALITY, ID_CARDPROGRAM, ID_APPLICATION_VERSION) VALUES(6880, 0, 6880, 6880);
INSERT INTO CAMS_X_APPV_CARDPRG(ID, ID_OPTIONALITY, ID_CARDPROGRAM, ID_APPLICATION_VERSION) VALUES(6881, 0, 6881, 6881);

INSERT INTO CAMS_X_TYPE_CARD_TARGET_GROUP(ID_TARGET_GROUP, ID_TYPE_CARD) VALUES(6880, 6850);
INSERT INTO CAMS_X_TYPE_CARD_TARGET_GROUP(ID_TARGET_GROUP, ID_TYPE_CARD) VALUES(6881, 6850);

INSERT INTO CAMS_X_CARDPROGRAM_TYPE_CARD(ID_TYPE_CARD, ID_CARDPROGRAM) VALUES(6850, 6880);
INSERT INTO CAMS_X_CARDPROGRAM_TYPE_CARD(ID_TYPE_CARD, ID_CARDPROGRAM) VALUES(6850, 6881);

INSERT INTO CAMS_ADDON_FILE(ID, NAME, ID_TYPE_ADDON_FILE, RESRC) VALUES(6880, 'EFTPOS DATAPREP RULE LIST', 105, 'blob:6880');

INSERT INTO CAMS_X_APP_VER_ADDON_FILE(ID_APPLICATION_VERSION, ID_ADDON_FILE) VALUES(6880, 6880);
INSERT INTO CAMS_X_APP_VER_ADDON_FILE(ID_APPLICATION_VERSION, ID_ADDON_FILE) VALUES(6880, 6851);
INSERT INTO CAMS_X_APP_VER_ADDON_FILE(ID_APPLICATION_VERSION, ID_ADDON_FILE) VALUES(6880, 6852);
INSERT INTO CAMS_X_APP_VER_ADDON_FILE(ID_APPLICATION_VERSION, ID_ADDON_FILE) VALUES(6880, 803);

INSERT INTO CAMS_X_APP_VER_ADDON_FILE(ID_APPLICATION_VERSION, ID_ADDON_FILE) VALUES(6881, 6880);
INSERT INTO CAMS_X_APP_VER_ADDON_FILE(ID_APPLICATION_VERSION, ID_ADDON_FILE) VALUES(6881, 6854);
INSERT INTO CAMS_X_APP_VER_ADDON_FILE(ID_APPLICATION_VERSION, ID_ADDON_FILE) VALUES(6881, 6852);
INSERT INTO CAMS_X_APP_VER_ADDON_FILE(ID_APPLICATION_VERSION, ID_ADDON_FILE) VALUES(6881, 803);

INSERT INTO CAMS_X_TG_EMV_TEMPLATE(ID_EMV_TEMPLATE, ID_TARGET_GROUP) VALUES(6880, 6880);
INSERT INTO CAMS_X_TG_EMV_TEMPLATE(ID_EMV_TEMPLATE, ID_TARGET_GROUP) VALUES(6881, 6881);
-- ------------ EFTPOS DATAPREP JOB END  -------------------------

-- ------------ EFTPOS KMS START  -----------------------
MERGE INTO KMS_KEYPROFILE A USING (SELECT 'BELL_ID_ZMK' AS NAME FROM DUAL )B ON (A.NAME=B.NAME)
WHEN NOT MATCHED THEN
INSERT (ID, KEY_TYPE, VARIANT, NAME, DESCRIPTION, IND_MULTIPLE_KEY, LENGTH, KEY_ALGORITHM, KEY_ROLE, KEY_SOURCE, IND_DECRYPT, IND_DERIVE, IND_ENCRYPT, IND_EXTRACTABLE, IND_MODIFIABLE, IND_PERMANENT, IND_PRIVATE, IND_SENSITIVE, IND_SIGN, IND_UNWRAP, IND_VERIFY, IND_WRAP, ID_STORAGEKEYPROFILE, DFLT_CHAINING) VALUES(5607, 1, '000', 'BELL_ID_ZMK',
'Bell ID ZMK', 1, 24, 2, 3, 3, 0, 0, 1, 1, 1, 0, 0, 1, 0, 1, 0, 1, 1000, 2);
INSERT INTO KMS_IOSITE(ID, NAME, DESCRIPTION) VALUES(730, 'EFTPOS_ISSUER_SITE', 'EFTPOS issuer site');
INSERT INTO KMS_IOKEYSETPROFILE (ID,ID_EXCH_KEYPROFILE,ID_IOPROCEDURE,ID_IOSITE) VALUES (10001,NULL,1003,730);
Insert into KMS_IOKEYPROFILE (ID,ID_IOKEYSETPROFILE,ID_KEYPROFILE,EXTERNAL_NAME,AID,ADDITIONAL_INFO,KEY_INDEX,CHAINING) values (10001,10001,5607,null,null,null,null,2);

MERGE INTO KMS_KEYPROFILE A USING (SELECT 'EFTPOS_PERSO_TK' AS NAME FROM DUAL )B ON (A.NAME=B.NAME)
WHEN NOT MATCHED THEN
INSERT (ID, KEY_TYPE, VARIANT, NAME, DESCRIPTION, IND_MULTIPLE_KEY, LENGTH, KEY_ALGORITHM, KEY_ROLE, KEY_SOURCE, IND_DECRYPT, IND_DERIVE, IND_ENCRYPT, IND_EXTRACTABLE, IND_MODIFIABLE, IND_PERMANENT, IND_PRIVATE, IND_SENSITIVE, IND_SIGN, IND_UNWRAP, IND_VERIFY, IND_WRAP, ID_STORAGEKEYPROFILE, DFLT_CHAINING, NAME_GENERATOR)
 VALUES(5606, 1, '107', 'EFTPOS_PERSO_TK', 'Perso key that encrypts Eftpos card keys within DGIs', 1, 16, 2, 3, 3, 1, 0, 1, 1, 1, 0, 0, 1, 0, 1, 0, 1, 1000, 2, 'defaultNameGenerator');
INSERT INTO KMS_IOSITE(ID, NAME, DESCRIPTION, ID_DFLT_EXCH_KEYPROFILE) VALUES(731, 'EFTPOS_PERSOBUREAU_SITE', 'EFTPOS PersoBureau site', 5607);
INSERT INTO KMS_IOKEYSETPROFILE (ID,ID_EXCH_KEYPROFILE,ID_IOPROCEDURE,ID_IOSITE) VALUES (10002,NULL,1003,731);
Insert into KMS_IOKEYPROFILE (ID,ID_IOKEYSETPROFILE,ID_KEYPROFILE,EXTERNAL_NAME,AID,ADDITIONAL_INFO,KEY_INDEX,CHAINING) values (10002,10002,5606,null,null,null,null,2);
-- ------------ EFTPOS KMS END  -----------------------