prompt inserting blob data;

host sqlldr &&BELLID_R6_APP_USER/&&BELLID_R6_APP_USER_PASSWORD@&&connectstring insert_blobdata.ctl data=mcbp_blobdata.txt bad=&&logdrive/mcbp_blobdata.bad log=&&logdrive/mcbp_blobdata.log errors=0

INSERT INTO CAMS_ADDON_FILE(ID, NAME, ID_TYPE_ADDON_FILE, RESRC) VALUES(6500, 'MCBP Rule List', 105, 'blob:6500');
INSERT INTO CAMS_ADDON_FILE(ID, NAME, ID_TYPE_ADDON_FILE, RESRC) VALUES(6501, 'MCBP Cps Mapping', 106, 'blob:6501');
INSERT INTO CAMS_ADDON_FILE(ID, NAME, ID_TYPE_ADDON_FILE, RESRC) VALUES(6502, 'MCBP Dictionary', 71, 'blob:6502');

INSERT INTO CAMS_PERSO_BUREAU(ID, NAME, NAME_3DES_TRANSPORT_KEY, CIPHER_MODE_3DES, NAME_RSA_TRANSPORT_KEY, CIPHER_MODE_RSA, PADDING_METHOD_RSA, NAME_TRANSPORT_KEY_PIN_BLOCK, CIPHER_MODE_PIN_BLOCK, PADDING_METHOD_PIN_BLOCK)
VALUES(6500, 'MCBP_PERSO_BUREAU', 'PERSO_TK', 'ECB', 'PERSO_TK', 'ECB', 'NoPadding', 'PERSO_PIN', 'ECB', 'NoPadding');

INSERT INTO CAMS_APPLICATION_PROVIDER(ID, NAME) VALUES(6500, 'MCBP');

INSERT INTO CAMS_APPLICATION(ID, NAME, DESCRIPTION, ID_PROVIDER) VALUES(6500, 'PPMC4', 'MCBP - MasterCard Cloud Based Payments', 6500);

INSERT INTO CAMS_APPLICATION_VERSION(ID, AV_TYPE, ID_LIFECYCLE, ID_TYPE_APPLICATION, ID_CHIP_DEFINITION, ID_APPLICATION, ID_APPLICATION_VERSION, NBR_APPLICATION_VERSION, DATE_START_APPLICATION, DATE_END_APPLICATION, IND_DEFAULT, SIZE_APPLICATION, GP_PRIVILEGES, PACKAGE_AID, INSTANCE_AID, MODULE_AID, TAR, INSTALL_PARAMETER, LOAD_PARAMETER, APP_PRIVILEGES, PKI_PARAMETERS, MULTOS_INSTALL_PARAM)
VALUES(6500, 'CAV', 7001, 600, 600, 6500, NULL, 'MCBP', TO_DATE('2015-02-16 00:00:00','YYYY-MM-DD HH24:MI:SS'), TO_DATE('2020-01-02 00:00:00','YYYY-MM-DD HH24:MI:SS'), 0, 0, NULL, NULL, HEXTORAW('A0000000041010'), NULL, NULL, NULL, NULL, NULL, NULL, NULL);

INSERT INTO CAMS_EMV_TEMPLATE(ID, ID_APPLICATION_VERSION, NAME, DESCRIPTION, ID_PERSO_BUREAU, CHIPDATA_TEMPLATE, CONFIGURATION_DATA)
VALUES(6500, 6500, 'MCBP EMV Template', 'MCBP (MasterCard Cloud Based Payments) EMV Template', 6500, '8407A00000000410104F09A000000151435253009F4F149F02065F2A029A039F36029F1A0295059C018A029F360200009F6A060000000000009F520C9999999999990000000100009F540C9999999999990000000100009F550C9999999999990000000100009F560C9999999999990000000100009F570C9999999999990000000100009F6B04302004819F6D044F0DE0309F730200009F79060000000000009F77060000000075009F78069999999999999F720200039F610202009F710204009F38039F35015F2002202F5F2D04656C656EBF0C0A9F6E07030000003134009F080200025F300202019F62060000000001C09F1F005F34005F280203005F24009F07023D009F420209789F44010287010182021B808C249F02069F03069F1A0295055F2A029A039C019F37049F35019F45029F4C089F34039F15028D0A910A95059F37049F4C089408080101001001030157005A009F0E0500000000009F0F0500600000009F0D0500600000009F4A0182DFFFFFFF5100DFFFFFFF520403030000DFFFFFFF7881883B7B4170706C69636174696F6E205072696D617279204163636F756E74204E756D6265722E66726F6D4243447D3D7B4170706C69636174696F6E2045787069726174696F6E20446174652E66726F6D4243442E6C6566742834297D7B5365727669636520436F64652E66726F6D4243442E72696768742833297D303030303030303030303030303FDFFFFFFF77818525427B4170706C69636174696F6E205072696D617279204163636F756E74204E756D6265722E66726F6D4243447D5E202F5E7B4170706C69636174696F6E2045787069726174696F6E20446174652E66726F6D4243442E6C6566742834297D7B5365727669636520436F64652E66726F6D4243442E72696768742833297D3030303030303FDF5501015F25034912319F7001039F6701059F690480020004DFFFFFFF060100DFFFFFFF5302'
||'0000500A4D4153544552434152449F1906007810030273DF7A4104FF9432F9CC4374959C6E8B730D534D61F4E6476D6AFCE2CC7F0D6C2D68F2C69B83A54D34A5A6935B1471CAFCA5D1F592D3E67E3348F9417823250C5D208BD3C3DF7B080000000000000001DF7C0600000008F900DF7D06000000880008DF7E030008F0DF7F03008800900092009F3200DF1700DF1600DF1500DF1400DF0F008F01F19F46009F47009F48009F1207A0000000041010DF2907A0000000041010DF3400DF3800DF3906FFFFFFFFFFFFDF3600DF3700DF25009F170103C60103DFA0090803101912000900005F500141E355DF2F025700DF2F025A00DF2F035F2400DF2F035F2500DF2F035F2800DF2F035F3400DF2F028C00DF2F028D00DF2F028E00DF2F039F0700DF2F039F0800DF2F039F0D00DF2F039F0E00DF2F039F0F00DF2F039F42009F630600000000063E9F6401059F650200E09F6602071E8E0E00000000000000001E0302031F03A60EBF0C0B61094F07A0000000041010DF4D02001EDF4A02001EDF56011CDF69012DDF3D0101D7050000000000DF5D030100089F110101DF1800D8021B80D90808010100100103019F7E140000000000000000000000000000000000000000DF2406FFFFFFFFFFFFDF2A06FFFFFFFFFFFF6F00', '<?xml version="1.0" encoding="UTF-8" standalone="yes"?><configuration xmlns="http://www.bellid.com/schema/dataprep/perso-configuration-1.0"><DateFormatCVC>yyMM</DateFormatCVC><DateFormatICVC>yyMM</DateFormatICVC><DateFormatCVC2>MMyy</DateFormatCVC2></configuration>');

INSERT INTO CAMS_TARGET_GROUP(ID, NAME, ID_LIFECYCLE, DIST_NAME) VALUES(6500, 'MCBP_TARGETGROUP', 602, 'MCBP');

INSERT INTO CAMS_C_CARDPROGRAM(ID, DESCRIPTION, NAME, NBR_TOKENS_TO_REPL, MSD_SUPPORTED, CHIP_SUPPORTED, TIME2LIVE_THRESHOLD, NR_TRANS_THRESHOLD, CVM_LIST, MOBILE_PIN_ENABLED, AID, REM_PAY_SUPPORTED, CONTACTLESS_PAY_SUPPORTED, ODA_TIME2LIVE_THRESHOLD, NBR_ALLOWED_REPLENISH, NBR_PERFORMED_REPLENISH, REPLENISH_RESTRICT_PERIOD, REPLENISH_RESTRICT_START)
VALUES(6500, 'MCBP - MasterCard Cloud Based Payments', 'MCBP', 5, 0, 1, NULL, NULL, NULL, 1, HEXTORAW('A0000000041010'), 0, 1, 1, NULL, NULL, NULL, NULL);

INSERT INTO CAMS_TYPE_CARD(ID, ID_NUMBERING, ID_EVENT_CODE_GENERATION, ID_LIFECYCLE, ID_STOCK_ITEM, ID_CARD_FAMILY, DESCRIPTION, NAME, IND_CONTACT_CHIP, IND_CONTACTLESS_CHIP, IND_PINCODE, IND_ANONYMOUS, PHOTO_SIGNATURE_VALIDITY, CARD_VALIDITY, CARD_LAYOUT, MIDDLEWARE, CARD_MAXIMUM, ID_CARD_LAYOUT_IMAGE)
VALUES(6500, 601, 57, 7001, NULL, 600, 'MCBP - MasterCard Cloud Based Payments', 'PPMC4', 0, 1, 0, 0, 29, 200, NULL, NULL, 1, NULL);

INSERT INTO CAMS_X_TYPE_CARD_TARGET_GROUP(ID_TARGET_GROUP, ID_TYPE_CARD) VALUES(6500, 6500);

INSERT INTO CAMS_X_TG_EMV_TEMPLATE(ID_EMV_TEMPLATE, ID_TARGET_GROUP) VALUES(6500, 6500);

INSERT INTO CAMS_X_APP_VER_ADDON_FILE(ID_APPLICATION_VERSION, ID_ADDON_FILE) VALUES(6500, 6500);
INSERT INTO CAMS_X_APP_VER_ADDON_FILE(ID_APPLICATION_VERSION, ID_ADDON_FILE) VALUES(6500, 6501);
INSERT INTO CAMS_X_APP_VER_ADDON_FILE(ID_APPLICATION_VERSION, ID_ADDON_FILE) VALUES(6500, 6502);

INSERT INTO CAMS_X_APPV_CARDPRG(ID, ID_OPTIONALITY, ID_CARDPROGRAM, ID_APPLICATION_VERSION) VALUES(6500, 0, 6500, 6500);

INSERT INTO CAMS_X_CARDPROGRAM_TYPE_CARD(ID_TYPE_CARD, ID_CARDPROGRAM) VALUES(6500, 6500);


INSERT INTO KMS_KEYSETPROFILE (ID, NAME, DESCRIPTION)
	VALUES (6500, 'MCBP_IMK_KEYSET', 'MCBP Issuer Master Keys');
INSERT INTO KMS_KEYSETPROFILE(ID, NAME, DESCRIPTION)
    VALUES (6501, 'MCBP_ISS_KEYSET', 'MCBP Issuer Keyset');
INSERT INTO KMS_KEYSETPROFILE(ID, NAME, DESCRIPTION)
    VALUES (6502, 'MCBP_ICC_KEYSET', 'MCBP IC Card Keyset');

INSERT INTO KMS_KEYPROFILE (ID, VARIANT, NAME, DESCRIPTION, ID_KEYSETPROFILE, IND_MULTIPLE_KEY, LENGTH, KEY_TYPE, KEY_ALGORITHM, KEY_ROLE, KEY_SOURCE,
 	IND_DECRYPT, IND_DERIVE, IND_ENCRYPT, IND_EXTRACTABLE, IND_MODIFIABLE, IND_PERMANENT, IND_PRIVATE, IND_SIGN, IND_UNWRAP, IND_VERIFY, IND_WRAP, ID_STORAGEKEYPROFILE, DFLT_CHAINING)
	VALUES (6500, '109', 'MCBP_IMK_AC_KEY', 'MCBP Issuer Master Key for Application Cryptogram', 6500, 1, 16, 1, 2, 4, 3, 0, 1,   1, 1, 1, 0, 0, 0, 0,   0, 0, 5111, 2);
INSERT INTO KMS_KEYPROFILE (ID, VARIANT, NAME, DESCRIPTION, ID_KEYSETPROFILE, IND_MULTIPLE_KEY, LENGTH, KEY_TYPE, KEY_ALGORITHM, KEY_ROLE, KEY_SOURCE,
 	IND_DECRYPT, IND_DERIVE, IND_ENCRYPT, IND_EXTRACTABLE, IND_MODIFIABLE, IND_PERMANENT, IND_PRIVATE, IND_SIGN, IND_UNWRAP, IND_VERIFY, IND_WRAP, ID_STORAGEKEYPROFILE, DFLT_CHAINING)
	VALUES (6501, '109', 'MCBP_IMK_MAC_KEY', 'MCBP Issuer Master Key for Message Integrity', 6500, 1, 16, 1, 2, 4, 3, 0, 1,   1, 1, 1, 0, 0, 0, 0,   0, 0, 5111, 2);
INSERT INTO KMS_KEYPROFILE (ID, VARIANT, NAME, DESCRIPTION, ID_KEYSETPROFILE, IND_MULTIPLE_KEY, LENGTH, KEY_TYPE, KEY_ALGORITHM, KEY_ROLE, KEY_SOURCE,
 	IND_DECRYPT, IND_DERIVE, IND_ENCRYPT, IND_EXTRACTABLE, IND_MODIFIABLE, IND_PERMANENT, IND_PRIVATE, IND_SIGN, IND_UNWRAP, IND_VERIFY, IND_WRAP, ID_STORAGEKEYPROFILE, DFLT_CHAINING)
	VALUES (6502, '109', 'MCBP_IMK_ENC_KEY', 'MCBP Issuer Master Key for Message Confidentiality', 6500, 1, 16, 1, 2, 4, 3, 0, 1,   1, 1, 1, 0, 0, 0, 0,   0, 0, 5111, 2);
INSERT INTO KMS_KEYPROFILE ( ID, VARIANT, NAME, DESCRIPTION, ID_KEYSETPROFILE, IND_MULTIPLE_KEY, LENGTH, KEY_TYPE, KEY_ALGORITHM, KEY_ROLE, KEY_SOURCE,
    IND_DECRYPT, IND_DERIVE, IND_ENCRYPT, IND_EXTRACTABLE, IND_MODIFIABLE, IND_PERMANENT, IND_PRIVATE, IND_SIGN, IND_UNWRAP, IND_VERIFY, IND_WRAP, ID_STORAGEKEYPROFILE, DFLT_CHAINING)
    VALUES(6503, '209', 'MCBP_IMK_CL', 'MCBP Issuer Master Key (Contactless)', 6500, 1, 16, 1, 2, 4, 3, 0, 1, 1, 1, 1, 0, 0, 0, 0, 0, 0, 5111, 2);
INSERT INTO KMS_KEYPROFILE ( ID, VARIANT, NAME, DESCRIPTION, ID_KEYSETPROFILE, IND_MULTIPLE_KEY, LENGTH, KEY_TYPE, KEY_ALGORITHM, KEY_ROLE, KEY_SOURCE,
    IND_DECRYPT, IND_DERIVE, IND_ENCRYPT, IND_EXTRACTABLE, IND_MODIFIABLE, IND_PERMANENT, IND_PRIVATE, IND_SIGN, IND_UNWRAP, IND_VERIFY, IND_WRAP, ID_STORAGEKEYPROFILE, DFLT_CHAINING)
    VALUES(6504, '309', 'MCBP_IMK_RP', 'MCBP Issuer Master Key (Remote Payment)', 6500, 1, 16, 1, 2, 4, 3, 0, 1, 1, 1, 1, 0, 0, 0, 0, 0, 0, 5111, 2);
INSERT INTO KMS_KEYPROFILE ( ID, VARIANT, NAME, DESCRIPTION, ID_KEYSETPROFILE, IND_MULTIPLE_KEY, LENGTH, KEY_TYPE, KEY_ALGORITHM, KEY_ROLE, KEY_SOURCE,
    IND_DECRYPT, IND_DERIVE, IND_ENCRYPT, IND_EXTRACTABLE, IND_MODIFIABLE, IND_PERMANENT, IND_PRIVATE, IND_SIGN, IND_UNWRAP, IND_VERIFY, IND_WRAP, ID_STORAGEKEYPROFILE, DFLT_CHAINING)
    VALUES(6505, '509', 'MCBP_IMK_IDN', 'MCBP Issuer Master Key for Dynamic Number Generation', 6500, 1, 16, 1, 2, 4, 3, 0, 1, 1, 1, 1, 0, 0, 0, 0, 0, 0, 5111, 2);

INSERT INTO KMS_KEYPROFILE(ID, VARIANT, NAME, DESCRIPTION, ID_KEYSETPROFILE, IND_MULTIPLE_KEY, LENGTH, KEY_TYPE, KEY_ALGORITHM, KEY_ROLE, KEY_SOURCE,
    IND_DECRYPT, IND_ENCRYPT, IND_EXTRACTABLE, IND_MODIFIABLE, IND_PERMANENT, IND_PRIVATE, IND_SIGN, IND_SIGNRECOVER, IND_UNWRAP, ID_STORAGEKEYPROFILE, DFLT_CHAINING)
    VALUES(6506, '00D', 'MCBP_ISS_PRIV', 'MCBP Issuer Private Key', 6501, 1, 144, 2, 6, 4, 1, 0, 0, 1, 1, 0, 0, 1, 1, 0, 5111, 2);
INSERT INTO KMS_KEYPROFILE(ID, VARIANT, NAME, DESCRIPTION, ID_KEYSETPROFILE, IND_MULTIPLE_KEY, LENGTH, KEY_TYPE, KEY_ALGORITHM, KEY_ROLE, KEY_SOURCE,
    PUBLIC_EXPONENT, IND_DECRYPT, IND_ENCRYPT, IND_EXTRACTABLE, IND_MODIFIABLE, IND_PERMANENT, IND_PRIVATE, IND_VERIFY, IND_VERIFYRECOVER, IND_WRAP, ID_SOURCEKEYPROFILE)
    VALUES(6507, '00C', 'MCBP_ISS_PUB', 'MCBP Issuer Public Key', 6501, 1, 144, 3, 6, 4, 1, '3', 0, 0, 1, 1, 0, 0, 1, 1, 0, 6506);
INSERT INTO KMS_KEYPROFILE(ID, VARIANT, NAME, DESCRIPTION, ID_KEYSETPROFILE, IND_MULTIPLE_KEY, LENGTH, KEY_TYPE, KEY_ALGORITHM, KEY_ROLE, KEY_SOURCE,
    IND_DECRYPT, IND_ENCRYPT, IND_EXTRACTABLE, IND_MODIFIABLE, IND_PERMANENT, IND_PRIVATE, IND_VERIFY, IND_VERIFYRECOVER, IND_WRAP, ID_SOURCEKEYPROFILE)
    VALUES(6508, '00C', 'MCBP_ISS_CERT', 'MCBP Issuer Certificate', 6501, 1, 144, 4, 6, 4, 3, 0, 0, 1, 1, 0, 0, 1, 1, 0, 6506);

INSERT INTO KMS_KEYPROFILE(ID, VARIANT, NAME, DESCRIPTION, ID_KEYSETPROFILE, IND_MULTIPLE_KEY, LENGTH, KEY_TYPE, KEY_ALGORITHM, KEY_ROLE, KEY_SOURCE,
    IND_DECRYPT, IND_ENCRYPT, IND_EXTRACTABLE, IND_MODIFIABLE, IND_PERMANENT, IND_PRIVATE, IND_SIGN, IND_SIGNRECOVER, IND_UNWRAP, ID_STORAGEKEYPROFILE, DFLT_CHAINING)
    VALUES(6509, '00D', 'MCBP_ICC_PRIV', 'MCBP IC Card Private Key', 6502, 1, 144, 2, 6, 4, 1, 0, 0, 1, 1, 0, 0, 1, 1, 0, 5111, 2);
INSERT INTO KMS_KEYPROFILE(ID, VARIANT, NAME, DESCRIPTION, ID_KEYSETPROFILE, IND_MULTIPLE_KEY, LENGTH, KEY_TYPE, KEY_ALGORITHM, KEY_ROLE, KEY_SOURCE,
    PUBLIC_EXPONENT, IND_DECRYPT, IND_ENCRYPT, IND_EXTRACTABLE, IND_MODIFIABLE, IND_PERMANENT, IND_PRIVATE, IND_VERIFY, IND_VERIFYRECOVER, IND_WRAP, ID_SOURCEKEYPROFILE)
    VALUES(6510, '00C', 'MCBP_ICC_PUB', 'MCBP IC Card Public Key', 6502, 1, 144, 3, 6, 4, 1, '3', 0, 0, 1, 1, 0, 0, 1, 1, 0, 6509);
