prompt inserting blob data;

host sqlldr &&BELLID_R6_APP_USER/&&BELLID_R6_APP_USER_PASSWORD@&&connectstring insert_blobdata.ctl data=mchip_blobdata.txt bad=&&logdrive/mchip_blobdata.bad log=&&logdrive/mchip_blobdata.log errors=0

INSERT INTO CAMS_ADDON_FILE(ID, NAME, ID_TYPE_ADDON_FILE, RESRC) VALUES(6400, 'MCHIP Rule List', 105, 'blob:6400');
INSERT INTO CAMS_ADDON_FILE(ID, NAME, ID_TYPE_ADDON_FILE, RESRC) VALUES(6401, 'MCHIP Cps Mapping', 106, 'blob:6401');
INSERT INTO CAMS_ADDON_FILE(ID, NAME, ID_TYPE_ADDON_FILE, RESRC) VALUES(6402, 'MCHIP Dictionary', 71, 'blob:6402');

INSERT INTO CAMS_PERSO_BUREAU(ID, NAME, NAME_3DES_TRANSPORT_KEY, CIPHER_MODE_3DES, NAME_RSA_TRANSPORT_KEY, CIPHER_MODE_RSA, PADDING_METHOD_RSA, NAME_TRANSPORT_KEY_PIN_BLOCK, CIPHER_MODE_PIN_BLOCK, PADDING_METHOD_PIN_BLOCK)
VALUES(6400, 'MCHIP_PERSO_BUREAU', 'PERSO_TK', 'ECB', 'PERSO_TK', 'ECB', 'NoPadding', 'PERSO_PIN', 'ECB', 'NoPadding');

-- Generic Mastercard needs merging - shared with tr flavour
MERGE INTO CAMS_APPLICATION_PROVIDER A USING (SELECT 'GENERIC_MASTERCARD' AS NAME FROM DUAL) B ON (A.NAME=B.NAME)
WHEN NOT MATCHED THEN
INSERT (ID, NAME) VALUES(6400, 'GENERIC_MASTERCARD');

MERGE INTO CAMS_APPLICATION A USING (SELECT 'GENERIC_MASTERCARD' AS NAME FROM DUAL) B ON (A.NAME=B.NAME)
WHEN NOT MATCHED THEN
INSERT (ID, NAME, DESCRIPTION, ID_PROVIDER) VALUES(6400, 'GENERIC_MASTERCARD', 'Generic Mastercard', 6400);

MERGE INTO CAMS_TYPE_CARD A USING (SELECT 'GENERIC_MASTERCARD' AS NAME FROM DUAL) B ON (A.NAME=B.NAME)
WHEN NOT MATCHED THEN
INSERT (ID, ID_NUMBERING, ID_EVENT_CODE_GENERATION, ID_LIFECYCLE, ID_STOCK_ITEM, ID_CARD_FAMILY, DESCRIPTION, NAME, IND_CONTACT_CHIP, IND_CONTACTLESS_CHIP, IND_PINCODE, IND_ANONYMOUS, PHOTO_SIGNATURE_VALIDITY, CARD_VALIDITY, CARD_LAYOUT, MIDDLEWARE, CARD_MAXIMUM, ID_CARD_LAYOUT_IMAGE)
VALUES(6400, 601, 57, 7001, NULL, 600, 'Mastercard generic payments', 'GENERIC_MASTERCARD', 0, 1, 0, 0, 29, 200, NULL, NULL, 1, NULL);

INSERT INTO CAMS_APPLICATION_VERSION(ID, AV_TYPE, ID_LIFECYCLE, ID_TYPE_APPLICATION, ID_CHIP_DEFINITION, ID_APPLICATION, ID_APPLICATION_VERSION, NBR_APPLICATION_VERSION, DATE_START_APPLICATION, DATE_END_APPLICATION, IND_DEFAULT, SIZE_APPLICATION, GP_PRIVILEGES, PACKAGE_AID, INSTANCE_AID, MODULE_AID, TAR, INSTALL_PARAMETER, LOAD_PARAMETER, APP_PRIVILEGES, PKI_PARAMETERS, MULTOS_INSTALL_PARAM)
VALUES(6400, 'CAV', 7001, 600, 600, 6400, NULL, '1.4-CA06', TO_DATE('2015-02-16 00:00:00','YYYY-MM-DD HH24:MI:SS'), TO_DATE('2020-01-02 00:00:00','YYYY-MM-DD HH24:MI:SS'), 0, 0, NULL, NULL, HEXTORAW('A0000000041010'), NULL, NULL, NULL, NULL, NULL, NULL, NULL);


INSERT INTO CAMS_EMV_TEMPLATE(ID, ID_APPLICATION_VERSION, NAME, DESCRIPTION, ID_PERSO_BUREAU, CHIPDATA_TEMPLATE, CONFIGURATION_DATA)
VALUES(6400, 6400, 'MCHIP EMV Template', 'MCHIP (MasterCard CHIP Based Payment) EMV Template', 6400, '8407A00000000410104F09A000000151435253009F4F149F02065F2A029A039F36029F1A0295059C018A029F360200009F6A060000000000009F520C9999999999990000000100009F540C9999999999990000000100009F550'
||'C9999999999990000000100009F560C9999999999990000000100009F570C9999999999990000000100009F6B009F6D044F0DE0309F730200009F79060000000000009F77060000000075009F78069999999999999F720200039F610202009F710204009F38069F1D089F1A025F2002202F5F2D02656EBF0C0F9F6E07084000003039009F4D020B0A9F080200025F300202019F62060000000001C09F1F005F34005F280208405F24009F0702FF009F420208409F44010287010182021B808C219F02069F03069F1A0295055F2A029A039C019F37049F35019F45029F4C089F34038D0C910A8A0295059F37049F4C089408080101001001030157005A009F0E0500000000009F0F05B4708480009F0D05B4508400009F4A0182DFFFFFFF5100DFFFFFFF520403030000DFFFFFFF7881883B7B4170706C69636174696F6E205072696D617279204163636F756E74204E756D6265722E66726F6D4243447D3D7B4170706C69636174696F6E2045787069726174696F6E20446174652E66726F6D4243442E6C6566742834297D7B5365727669636520436F64652E66726F6D4243442E72696768742833297D303030303030303030303030303FDFFFFFFF77818525427B4170706C69636174696F6E205072696D617279204163636F756E74204E756D6265722E66726F6D4243447D5E202F5E7B4170706C69636174696F6E2045787069726174696F6E20446174652E66726F6D4243442E6C6566742834297D7B5365727669636520436F64652E66726F6D4243442E72696768742833297D3030303030303FDF5501015F25009F7001039F6C0200019F6701059F690F9F6A049F7E019F02065F2A029F1A02DFFFFFFF060100DFFFFFFF53020000500A4D4153544552434152449F1906000000777111DF7A4104FF9432F9CC4374959C6E8B730D534D61F4E6476D6AFCE2CC7F0D6C2D68F2C69B83A54D34A5A6935B1471CAFCA5D1F592D3E67E3348F9417823250C5D208BD3C3DF7B080000000000000001DF7C0600000008F900DF7D06000000880008DF7E030008F0DF7F03008800900092009F3200DF0F008F01F19F46009F47009F48009F1207A0000000041010DF5E00DF3400DF3800DF3906FFFFFFFFFFFFDF3600DF3700DF51009F170103C60103DFA009080310191200090000E35BDF2F025700DF2F025A00DF2F035F2400DF2F035F2500DF2F035F2800DF2F035F3400DF2F028C00DF2F028D00DF2F028E00DF2F039F0700DF2F039F0800DF2F039F0D00DF2F039F0E00DF2F039F0F00DF2F039F4200DF2F039F4A00DF1C009F630600000000063E9F6401059F650200E09F6602071E8E0E000000000000000042031E031F03A60EBF0C0B61094F07A0000000041010DF4D02001EDF4A02001EDF56011CDF69012DDF3D0101D7050000000000DF5D030100089F110101D8021B80D90808010100100103019F7E30031019120009000000000000000000000000000000000000000000000000000000000000000000000000000000000000DF2406FFFFFFFFFFFFDF2A06FFFFFFFFFFFF6F00DF1700DF1800DF1500DF1400DF16005600DF0A03FFFFFFDF0104FFFFFFFFDF030C000000000000000000000000DF0902202FDF07020201DF4C1000112233445566778899AABBCCDDEEFFDC00DD00DFFFFFFF7B0102',
'<?xml version="1.0" encoding="UTF-8" standalone="yes"?><configuration xmlns="http://www.bellid.com/schema/dataprep/perso-configuration-1.0"><DateFormatCVC>yyMM</DateFormatCVC><DateFormatICVC>yyMM</DateFormatICVC><DateFormatCVC2>MMyy</DateFormatCVC2></configuration>');

INSERT INTO CAMS_TARGET_GROUP(ID, NAME, ID_LIFECYCLE, DIST_NAME) VALUES(6400, 'MCHIP_TARGETGROUP', 602, 'MCHIP');

INSERT INTO CAMS_C_CARDPROGRAM(ID, DESCRIPTION, NAME, NBR_TOKENS_TO_REPL, MSD_SUPPORTED, CHIP_SUPPORTED, TIME2LIVE_THRESHOLD, NR_TRANS_THRESHOLD, CVM_LIST, MOBILE_PIN_ENABLED, AID, REM_PAY_SUPPORTED, CONTACTLESS_PAY_SUPPORTED, ODA_TIME2LIVE_THRESHOLD, NBR_ALLOWED_REPLENISH, NBR_PERFORMED_REPLENISH, REPLENISH_RESTRICT_PERIOD, REPLENISH_RESTRICT_START)
VALUES(6400, 'MCHIP - MasterCard CHIP Based Payment', 'MCHIP', 5, 0, 1, NULL, NULL, NULL, 1, HEXTORAW('A0000000041010'), 0, 1, 1, NULL, NULL, NULL, NULL);

INSERT INTO CAMS_X_TYPE_CARD_TARGET_GROUP(ID_TARGET_GROUP, ID_TYPE_CARD) VALUES(6400, 6400);

INSERT INTO CAMS_X_TG_EMV_TEMPLATE(ID_EMV_TEMPLATE, ID_TARGET_GROUP) VALUES(6400, 6400);

INSERT INTO CAMS_X_APP_VER_ADDON_FILE(ID_APPLICATION_VERSION, ID_ADDON_FILE) VALUES(6400, 6400);
INSERT INTO CAMS_X_APP_VER_ADDON_FILE(ID_APPLICATION_VERSION, ID_ADDON_FILE) VALUES(6400, 6401);
INSERT INTO CAMS_X_APP_VER_ADDON_FILE(ID_APPLICATION_VERSION, ID_ADDON_FILE) VALUES(6400, 6402);

INSERT INTO CAMS_X_APPV_CARDPRG(ID, ID_OPTIONALITY, ID_CARDPROGRAM, ID_APPLICATION_VERSION) VALUES(6400, 0, 6400, 6400);

INSERT INTO CAMS_X_CARDPROGRAM_TYPE_CARD(ID_TYPE_CARD, ID_CARDPROGRAM) VALUES(6400, 6400);


INSERT INTO KMS_KEYSETPROFILE (ID, NAME, DESCRIPTION)
	VALUES(6400, 'MCHIP_IMK_KEYSET', 'MCHIP Issuer Master Keys');
INSERT INTO KMS_KEYSETPROFILE(ID, NAME, DESCRIPTION)
    VALUES(6401, 'MCHIP_ISS_KEYSET', 'MCHIP Issuer Keyset');
INSERT INTO KMS_KEYSETPROFILE(ID, NAME, DESCRIPTION)
    VALUES(6402, 'MCHIP_ICC_KEYSET', 'MCHIP IC Card Keyset');

INSERT INTO KMS_KEYPROFILE (ID, VARIANT, NAME, DESCRIPTION, ID_KEYSETPROFILE, IND_MULTIPLE_KEY, LENGTH, KEY_TYPE, KEY_ALGORITHM, KEY_ROLE, KEY_SOURCE,
 	IND_DECRYPT, IND_DERIVE, IND_ENCRYPT, IND_EXTRACTABLE, IND_MODIFIABLE, IND_PERMANENT, IND_PRIVATE, IND_SIGN, IND_UNWRAP, IND_VERIFY, IND_WRAP, ID_STORAGEKEYPROFILE, DFLT_CHAINING)
	VALUES(6400, '109', 'MCHIP_IMK_AC_KEY', 'MCHIP Issuer Master Key for Application Cryptogram', 6400, 1, 16, 1, 2, 4, 3, 0, 1,   1, 1, 1, 0, 0, 0, 0,   0, 0, 5111, 2);
INSERT INTO KMS_KEYPROFILE (ID, VARIANT, NAME, DESCRIPTION, ID_KEYSETPROFILE, IND_MULTIPLE_KEY, LENGTH, KEY_TYPE, KEY_ALGORITHM, KEY_ROLE, KEY_SOURCE,
 	IND_DECRYPT, IND_DERIVE, IND_ENCRYPT, IND_EXTRACTABLE, IND_MODIFIABLE, IND_PERMANENT, IND_PRIVATE, IND_SIGN, IND_UNWRAP, IND_VERIFY, IND_WRAP, ID_STORAGEKEYPROFILE, DFLT_CHAINING)
	VALUES(6401, '109', 'MCHIP_IMK_MAC_KEY', 'MCHIP Issuer Master Key for Message Integrity', 6400, 1, 16, 1, 2, 4, 3, 0, 1,   1, 1, 1, 0, 0, 0, 0,   0, 0, 5111, 2);
INSERT INTO KMS_KEYPROFILE (ID, VARIANT, NAME, DESCRIPTION, ID_KEYSETPROFILE, IND_MULTIPLE_KEY, LENGTH, KEY_TYPE, KEY_ALGORITHM, KEY_ROLE, KEY_SOURCE,
 	IND_DECRYPT, IND_DERIVE, IND_ENCRYPT, IND_EXTRACTABLE, IND_MODIFIABLE, IND_PERMANENT, IND_PRIVATE, IND_SIGN, IND_UNWRAP, IND_VERIFY, IND_WRAP, ID_STORAGEKEYPROFILE, DFLT_CHAINING)
	VALUES(6402, '109', 'MCHIP_IMK_ENC_KEY', 'MCHIP Issuer Master Key for Message Confidentiality', 6400, 1, 16, 1, 2, 4, 3, 0, 1,   1, 1, 1, 0, 0, 0, 0,   0, 0, 5111, 2);
INSERT INTO KMS_KEYPROFILE ( ID, VARIANT, NAME, DESCRIPTION, ID_KEYSETPROFILE, IND_MULTIPLE_KEY, LENGTH, KEY_TYPE, KEY_ALGORITHM, KEY_ROLE, KEY_SOURCE,
    IND_DECRYPT, IND_DERIVE, IND_ENCRYPT, IND_EXTRACTABLE, IND_MODIFIABLE, IND_PERMANENT, IND_PRIVATE, IND_SIGN, IND_UNWRAP, IND_VERIFY, IND_WRAP, ID_STORAGEKEYPROFILE, DFLT_CHAINING)
    VALUES(6403, '109', 'MCHIP_IMK_DN_KEY', 'MCHIP Issuer Master Key for Dynamic Number Generation', 6400, 1, 16, 1, 2, 4, 3, 0, 1, 1, 1, 1, 0, 0, 0, 0, 0, 0, 5111, 2);
INSERT INTO KMS_KEYPROFILE ( ID, VARIANT, NAME, DESCRIPTION, ID_KEYSETPROFILE, IND_MULTIPLE_KEY, LENGTH, KEY_TYPE, KEY_ALGORITHM, KEY_ROLE, KEY_SOURCE,
    IND_DECRYPT, IND_DERIVE, IND_ENCRYPT, IND_EXTRACTABLE, IND_MODIFIABLE, IND_PERMANENT, IND_PRIVATE, IND_SIGN, IND_UNWRAP, IND_VERIFY, IND_WRAP, ID_STORAGEKEYPROFILE, DFLT_CHAINING)
    VALUES(6404, NULL, 'MCHIP_IMK_CVC3_KEY', 'MCHIP Issuer Master Key for CVC3', 6400, 1, 16, 1, 2, 4, 3, 0, 1, 1, 1, 1, 0, 0, 0, 0, 0, 0, 5111, 2);

INSERT INTO KMS_KEYPROFILE(ID, VARIANT, NAME, DESCRIPTION, ID_KEYSETPROFILE, IND_MULTIPLE_KEY, LENGTH, KEY_TYPE, KEY_ALGORITHM, KEY_ROLE, KEY_SOURCE,
    IND_DECRYPT, IND_ENCRYPT, IND_EXTRACTABLE, IND_MODIFIABLE, IND_PERMANENT, IND_PRIVATE, IND_SIGN, IND_SIGNRECOVER, IND_UNWRAP, ID_STORAGEKEYPROFILE, DFLT_CHAINING)
    VALUES(6405, '00D', 'MCHIP_ISS_PRIV', 'MCHIP Issuer Private Key', 6401, 1, 144, 2, 6, 4, 1, 0, 0, 1, 1, 0, 0, 1, 1, 0, 5111, 2);
INSERT INTO KMS_KEYPROFILE(ID, VARIANT, NAME, DESCRIPTION, ID_KEYSETPROFILE, IND_MULTIPLE_KEY, LENGTH, KEY_TYPE, KEY_ALGORITHM, KEY_ROLE, KEY_SOURCE,
    PUBLIC_EXPONENT, IND_DECRYPT, IND_ENCRYPT, IND_EXTRACTABLE, IND_MODIFIABLE, IND_PERMANENT, IND_PRIVATE, IND_VERIFY, IND_VERIFYRECOVER, IND_WRAP, ID_SOURCEKEYPROFILE)
    VALUES(6406, '00C', 'MCHIP_ISS_PUB', 'MCHIP Issuer Public Key', 6401, 1, 144, 3, 6, 4, 1, '3', 0, 0, 1, 1, 0, 0, 1, 1, 0, 6405);
INSERT INTO KMS_KEYPROFILE(ID, VARIANT, NAME, DESCRIPTION, ID_KEYSETPROFILE, IND_MULTIPLE_KEY, LENGTH, KEY_TYPE, KEY_ALGORITHM, KEY_ROLE, KEY_SOURCE,
    IND_DECRYPT, IND_ENCRYPT, IND_EXTRACTABLE, IND_MODIFIABLE, IND_PERMANENT, IND_PRIVATE, IND_VERIFY, IND_VERIFYRECOVER, IND_WRAP, ID_SOURCEKEYPROFILE)
    VALUES(6407, '00C', 'MCHIP_ISS_CERT', 'MCHIP Issuer Certificate', 6401, 1, 144, 4, 6, 4, 3, 0, 0, 1, 1, 0, 0, 1, 1, 0, 6405);

INSERT INTO KMS_KEYPROFILE(ID, VARIANT, NAME, DESCRIPTION, ID_KEYSETPROFILE, IND_MULTIPLE_KEY, LENGTH, KEY_TYPE, KEY_ALGORITHM, KEY_ROLE, KEY_SOURCE,
    IND_DECRYPT, IND_ENCRYPT, IND_EXTRACTABLE, IND_MODIFIABLE, IND_PERMANENT, IND_PRIVATE, IND_SIGN, IND_SIGNRECOVER, IND_UNWRAP, ID_STORAGEKEYPROFILE, DFLT_CHAINING)
    VALUES(6408, '00D', 'MCHIP_ICC_PRIV', 'MCHIP IC Card Private Key', 6402, 1, 144, 2, 6, 4, 1, 0, 0, 1, 1, 0, 0, 1, 1, 0, 5111, 2);
INSERT INTO KMS_KEYPROFILE(ID, VARIANT, NAME, DESCRIPTION, ID_KEYSETPROFILE, IND_MULTIPLE_KEY, LENGTH, KEY_TYPE, KEY_ALGORITHM, KEY_ROLE, KEY_SOURCE,
    PUBLIC_EXPONENT, IND_DECRYPT, IND_ENCRYPT, IND_EXTRACTABLE, IND_MODIFIABLE, IND_PERMANENT, IND_PRIVATE, IND_VERIFY, IND_VERIFYRECOVER, IND_WRAP, ID_SOURCEKEYPROFILE)
    VALUES(6409, '00C', 'MCHIP_ICC_PUB', 'MCHIP IC Card Public Key', 6402, 1, 144, 3, 6, 4, 1, '3', 0, 0, 1, 1, 0, 0, 1, 1, 0, 6408);
INSERT INTO KMS_KEYPROFILE(ID, KEY_TYPE, NAME, DESCRIPTION, ID_KEYSETPROFILE, VARIANT, IND_MULTIPLE_KEY, LENGTH, KEY_ALGORITHM, KEY_ROLE, KEY_SOURCE,
    PUBLIC_EXPONENT, DT_ACTIVATION, DT_PROCESS_START, DT_PROTECT_STOP, DT_DEACTIVATION, IND_DECRYPT, IND_DERIVE, IND_ENCRYPT, IND_EXTRACTABLE, IND_MODIFIABLE, IND_PERMANENT, IND_PRIVATE, IND_SENSITIVE, IND_SIGN, IND_SIGNRECOVER, IND_UNWRAP, IND_VERIFY, IND_VERIFYRECOVER, IND_WRAP, ID_STORAGEKEYPROFILE, ID_KEYTYPECODE, DFLT_CHAINING, ID_ORIGINALKEYPROFILE, ID_MASTERKEYPROFILE, ID_SOURCEKEYPROFILE, ID_ISSUERCERTPROFILE, NAME_GENERATOR, CURVE_NAME, ID_SIGNERPKPROFILE)
    VALUES(6410, 3, 'MCHIP_CA_PUB', 'MCHIP CA Public Key', NULL, '00C', 1, 144, 6, 3, 3, 3, NULL, NULL, NULL, NULL, 0, NULL, 0, 1, 1, 0, 0, NULL, NULL, NULL, NULL, 1, 1, 0, NULL, NULL, 1, NULL, NULL, NULL, NULL, NULL, NULL, NULL);

INSERT INTO KMS_KEYPROFILE (ID, VARIANT, NAME, DESCRIPTION, ID_KEYSETPROFILE, IND_MULTIPLE_KEY, LENGTH, KEY_TYPE, KEY_ALGORITHM, KEY_ROLE, KEY_SOURCE, IND_DECRYPT,
    IND_DERIVE, IND_ENCRYPT, IND_EXTRACTABLE, IND_MODIFIABLE, IND_PERMANENT, IND_PRIVATE, IND_SIGN, IND_UNWRAP, IND_VERIFY, IND_WRAP, ID_STORAGEKEYPROFILE, DFLT_CHAINING)
    VALUES(6420, '"00E', 'ISSUER_ICC_EXC', 'Issuer Key Exchange Key', NULL, 1, 16, 1, 2, 3, 3, 0, 0, 1, 1, 0, 0, 0, 0, 1, 0, 1, 1000, 2);
