/*
 * Copyright (c) 2009 Bell ID B.V.
 *
 * $URL: http://svn.bellid.com/svn/andis/modules/finance/trunk/fin-database/src/main/scripts/oracle9i/create/solution_insert.sql $
 * $Revision: 52486 $
 * $Date: 2012-06-07 08:19:53 +0200 (do, 07 jun 2012) $
 * $Author: n.mirzadeh $
*/
--===================================================================================
--
--Description     : Script to insert mobile solution specific conguration data for Release 6 database
--                  This script will overwrite the place holder held in cmn-database as part of the solution assembly.
--===================================================================================

PROMPT ======================
PROMPT LIFECYCLES CONFIGURATION
PROMPT ======================
INSERT INTO CAMS_C_LIFECYCLE(ID, ID_TYPE_LIFECYCLE, NAME) VALUES(61, 1, 'EMV Card Lifecycle');
INSERT INTO CAMS_C_LIFECYCLE(ID, NAME, ID_TYPE_LIFECYCLE) VALUES(7001, 'Card/App In The Cloud Lifecycle', 1);                
INSERT INTO CAMS_C_LIFECYCLE(ID, NAME, ID_TYPE_LIFECYCLE) VALUES(7002, 'MPA User Lifecycle', 4);                
INSERT INTO CAMS_C_LIFECYCLE(ID, NAME, ID_TYPE_LIFECYCLE) VALUES(7003, 'MPA Lifecycle', 4);                
INSERT INTO CAMS_C_EVENT(ID, NAME, DESCRIPTION, CODE_EVENT_BIT, IND_READONLY) VALUES(7000, 'REPUSH', 'Repush', 127, 1);                
INSERT INTO CAMS_C_EVENT(ID, NAME, DESCRIPTION, CODE_EVENT_BIT, IND_READONLY) VALUES(7001, 'PRV_FAIL', 'Prv_fail', 127, 1);                
INSERT INTO CAMS_C_EVENT(ID, NAME, DESCRIPTION, CODE_EVENT_BIT, IND_READONLY) VALUES(7002, 'SUSP_ACC', 'Suspen account', 127, 1);                
INSERT INTO CAMS_C_EVENT(ID, NAME, DESCRIPTION, CODE_EVENT_BIT, IND_READONLY) VALUES(7003, 'ACTIV_ACC', 'Activate account', 127, 1);                
INSERT INTO CAMS_C_EVENT(ID, NAME, DESCRIPTION, CODE_EVENT_BIT, IND_READONLY) VALUES(7004, 'TERM_ACC', 'Terminate account', 127, 1);                
INSERT INTO CAMS_C_EVENT(ID, NAME, DESCRIPTION, CODE_EVENT_BIT, IND_READONLY) VALUES(7005, 'WIPE', 'Wipe', 127, 1);                
INSERT INTO CAMS_C_EVENT(ID, NAME, DESCRIPTION, CODE_EVENT_BIT, IND_READONLY) VALUES(7006, 'CHNGNUMBER', 'Change number', 127, 1);                
INSERT INTO CAMS_C_EVENT(ID, NAME, DESCRIPTION, CODE_EVENT_BIT, IND_READONLY) VALUES(7007, 'CHNGDEVICE', 'Change device', 127, 1);                
INSERT INTO CAMS_C_EVENT(ID, NAME, DESCRIPTION, CODE_EVENT_BIT, IND_READONLY) VALUES(7008, 'REACTIVATE', 'Reactivate', 127, 1);                
INSERT INTO CAMS_C_EVENT(ID, NAME, DESCRIPTION, CODE_EVENT_BIT, IND_READONLY) VALUES(7009, 'INST_FAIL', 'Installation failed', 127, 1);                
INSERT INTO CAMS_C_EVENT(ID, NAME, DESCRIPTION, CODE_EVENT_BIT, IND_READONLY) VALUES(7010, 'REQ_UNBLOC', 'Request unblock', 127, 1);                
INSERT INTO CAMS_C_EVENT(ID, NAME, DESCRIPTION, CODE_EVENT_BIT, IND_READONLY) VALUES(7011, 'REQ_BLOCK', 'Request block', 127, 1);                
INSERT INTO CAMS_C_EVENT(ID, NAME, DESCRIPTION, CODE_EVENT_BIT, IND_READONLY) VALUES(7012, 'REQ_REM', 'Request removal', 127, 1);                
INSERT INTO CAMS_C_EVENT(ID, NAME, DESCRIPTION, CODE_EVENT_BIT, IND_READONLY) VALUES(7013, 'REMOVAL', 'Removal', 127, 1);                
INSERT INTO CAMS_C_EVENT(ID, NAME, DESCRIPTION, CODE_EVENT_BIT, IND_READONLY) VALUES(7014, 'REQ_INST', 'Request Installation', 70, 1);                
INSERT INTO CAMS_C_EVENT(ID, NAME, DESCRIPTION, CODE_EVENT_BIT, IND_READONLY) VALUES(7015, 'REQ_PERSO', 'Request Personalization', 70, 1);                
INSERT INTO CAMS_C_EVENT(ID, NAME, DESCRIPTION, CODE_EVENT_BIT, IND_READONLY) VALUES(7016, 'FAIL', 'Fail', 70, 1);                
INSERT INTO CAMS_C_EVENT(ID, NAME, DESCRIPTION, CODE_EVENT_BIT, IND_READONLY) VALUES(7017, 'DISABLE', 'Disable', 127, 1);                
INSERT INTO CAMS_C_EVENT(ID, NAME, DESCRIPTION, CODE_EVENT_BIT, IND_READONLY) VALUES(7018, 'ENABLE', 'Enable', 127, 1);                
INSERT INTO CAMS_C_EVENT(ID, NAME, DESCRIPTION, CODE_EVENT_BIT, IND_READONLY) VALUES(7019, 'RM_FAILURE', 'Remote Management Failure', 127, 1);                
INSERT INTO CAMS_C_EVENT(ID, NAME, DESCRIPTION, CODE_EVENT_BIT, IND_READONLY) VALUES(7020, 'PROV_CP_INIT', 'Provision Card Profile - Init', 127, 1);                
INSERT INTO CAMS_C_EVENT(ID, NAME, DESCRIPTION, CODE_EVENT_BIT, IND_READONLY) VALUES(7021, 'PROV_SUK_INIT', 'Provision Keys - Init', 127, 1);                
INSERT INTO CAMS_C_EVENT(ID, NAME, DESCRIPTION, CODE_EVENT_BIT, IND_READONLY) VALUES(7022, 'PROV_PARAMS_INIT', 'Provision Params - Init', 127, 1);                
INSERT INTO CAMS_C_EVENT(ID, NAME, DESCRIPTION, CODE_EVENT_BIT, IND_READONLY) VALUES(7023, 'MOBILE_CHECK_INIT', 'Get Device Information - Init', 127, 1);                
INSERT INTO CAMS_C_EVENT(ID, NAME, DESCRIPTION, CODE_EVENT_BIT, IND_READONLY) VALUES(7024, 'WIPE_SUK_INIT', 'Wipe Keys - Init', 127, 1);                
INSERT INTO CAMS_C_EVENT(ID, NAME, DESCRIPTION, CODE_EVENT_BIT, IND_READONLY) VALUES(7025, 'WIPE_CP_INIT', 'Wipe Card Profile - Init', 127, 1);                
INSERT INTO CAMS_C_EVENT(ID, NAME, DESCRIPTION, CODE_EVENT_BIT, IND_READONLY) VALUES(7026, 'RESET_MPA_INIT', 'Reset MPA - Init', 127, 1);                
INSERT INTO CAMS_C_EVENT(ID, NAME, DESCRIPTION, CODE_EVENT_BIT, IND_READONLY) VALUES(7027, 'MPA_INFO_CHANGED', 'MPA Info Changed', 127, 1);                
INSERT INTO CAMS_C_EVENT(ID, NAME, DESCRIPTION, CODE_EVENT_BIT, IND_READONLY) VALUES(7028, 'DEVICE_INFO_CHANGED', 'MPA Device Info Changed', 127, 1);                
INSERT INTO CAMS_C_EVENT(ID, NAME, DESCRIPTION, CODE_EVENT_BIT, IND_READONLY) VALUES(7029, 'INFO_DELIVERY_INIT', 'Deliver Info to MPA - Init', 127, 1);                
INSERT INTO CAMS_C_EVENT(ID, NAME, DESCRIPTION, CODE_EVENT_BIT, IND_READONLY) VALUES(7030, 'PROV_CP_FIN', 'Provision Card Profile - Done', 127, 1);                
INSERT INTO CAMS_C_EVENT(ID, NAME, DESCRIPTION, CODE_EVENT_BIT, IND_READONLY) VALUES(7031, 'PROV_SUK_FIN', 'Provision Keys - Done', 127, 1);                
INSERT INTO CAMS_C_EVENT(ID, NAME, DESCRIPTION, CODE_EVENT_BIT, IND_READONLY) VALUES(7032, 'PROV_PARAMS_FIN', 'Provision Params - Done', 127, 1);                
INSERT INTO CAMS_C_EVENT(ID, NAME, DESCRIPTION, CODE_EVENT_BIT, IND_READONLY) VALUES(7033, 'MOBILE_CHECK_FIN', 'Get Device Information - Done', 127, 1);                
INSERT INTO CAMS_C_EVENT(ID, NAME, DESCRIPTION, CODE_EVENT_BIT, IND_READONLY) VALUES(7034, 'WIPE_SUK_FIN', 'Wipe Keys - Done', 127, 1);                
INSERT INTO CAMS_C_EVENT(ID, NAME, DESCRIPTION, CODE_EVENT_BIT, IND_READONLY) VALUES(7035, 'WIPE_CP_FIN', 'Wipe Card Profile - Done', 127, 1);                
INSERT INTO CAMS_C_EVENT(ID, NAME, DESCRIPTION, CODE_EVENT_BIT, IND_READONLY) VALUES(7036, 'RESET_MPA_FIN', 'Reset MPA - Done', 127, 1);                
INSERT INTO CAMS_C_EVENT(ID, NAME, DESCRIPTION, CODE_EVENT_BIT, IND_READONLY) VALUES(7037, 'INFO_DELIVERY_FIN', 'Deliver Info to MPA - Done', 127, 1);                
INSERT INTO CAMS_C_EVENT(ID, NAME, DESCRIPTION, CODE_EVENT_BIT, IND_READONLY) VALUES(7038, 'ACTIV_MPA', 'Activate MPA', 127, 1);                
INSERT INTO CAMS_C_EVENT(ID, NAME, DESCRIPTION, CODE_EVENT_BIT, IND_READONLY) VALUES(7040, 'PROV_CP_FAILURE', 'Provision Card Profile - Failure', 127, 1);                
INSERT INTO CAMS_C_EVENT(ID, NAME, DESCRIPTION, CODE_EVENT_BIT, IND_READONLY) VALUES(7041, 'PROV_SUK_FAILURE', 'Provision Keys - Failure', 127, 1);                
INSERT INTO CAMS_C_EVENT(ID, NAME, DESCRIPTION, CODE_EVENT_BIT, IND_READONLY) VALUES(7042, 'PROV_PARAMS_FAILURE', 'Provision Params - Failure', 127, 1);                
INSERT INTO CAMS_C_EVENT(ID, NAME, DESCRIPTION, CODE_EVENT_BIT, IND_READONLY) VALUES(7043, 'MOBILE_CHECK_FAILURE', 'Get Device Information - Failure', 127, 1);                
INSERT INTO CAMS_C_EVENT(ID, NAME, DESCRIPTION, CODE_EVENT_BIT, IND_READONLY) VALUES(7044, 'WIPE_SUK_FAILURE', 'Wipe Keys - Failure', 127, 1);                
INSERT INTO CAMS_C_EVENT(ID, NAME, DESCRIPTION, CODE_EVENT_BIT, IND_READONLY) VALUES(7045, 'WIPE_CP_FAILURE', 'Wipe Card Profile - Failure', 127, 1);                
INSERT INTO CAMS_C_EVENT(ID, NAME, DESCRIPTION, CODE_EVENT_BIT, IND_READONLY) VALUES(7046, 'RESET_MPA_FAILURE', 'Reset MPA - Failure', 127, 1);                
INSERT INTO CAMS_C_EVENT(ID, NAME, DESCRIPTION, CODE_EVENT_BIT, IND_READONLY) VALUES(7047, 'INFO_DELIVERY_FAILURE', 'Deliver Info to MPA - Failure', 127, 1);                
INSERT INTO CAMS_C_EVENT(ID, NAME, DESCRIPTION, CODE_EVENT_BIT, IND_READONLY) VALUES(7050, 'RM_SUCCESS', 'Remote Management Success', 127, 1);                
INSERT INTO CAMS_C_EVENT(ID, NAME, DESCRIPTION, CODE_EVENT_BIT, IND_READONLY) VALUES(7051, 'PROVISION', 'Provision card', 127, 1);                
INSERT INTO CAMS_C_EVENT(ID, NAME, DESCRIPTION, CODE_EVENT_BIT, IND_READONLY) VALUES(7052, 'RESET_MPA', 'Reset MPA to installed state', 127, 1);                
INSERT INTO CAMS_C_EVENT(ID, NAME, DESCRIPTION, CODE_EVENT_BIT, IND_READONLY) VALUES(7100, 'INV_RNS_MPA_ID', 'Invalid RNS_MPA_ID', 127, 1);                
INSERT INTO CAMS_C_EVENT(ID, NAME, DESCRIPTION, CODE_EVENT_BIT, IND_READONLY) VALUES(7101, 'DEV_INFO_CHANGED', 'Device Information changed', 127, 1);                
INSERT INTO CAMS_C_EVENT(ID, NAME, DESCRIPTION, CODE_EVENT_BIT, IND_READONLY) VALUES(7102, 'CREATED', 'Created', 127, 1);                
INSERT INTO CAMS_C_EVENT(ID, NAME, DESCRIPTION, CODE_EVENT_BIT, IND_READONLY) VALUES(7103, 'PIN_TRY_LIMIT_EXCEEDED', 'PIN try limit exceeded', 127, 1);                
INSERT INTO CAMS_C_EVENT(ID, NAME, DESCRIPTION, CODE_EVENT_BIT, IND_READONLY) VALUES(7104, 'CHANGE_PIN_INIT', 'Deliver Info to MPA - Init', 127, 1);                
INSERT INTO CAMS_C_EVENT(ID, NAME, DESCRIPTION, CODE_EVENT_BIT, IND_READONLY) VALUES(7105, 'RESET_PIN_INIT', 'Deliver Info to MPA - Init', 127, 1);                
INSERT INTO CAMS_C_EVENT(ID, NAME, DESCRIPTION, CODE_EVENT_BIT, IND_READONLY) VALUES(7106, 'CHANGE_PIN_FIN', 'Deliver Info to MPA - Done', 127, 1);                
INSERT INTO CAMS_C_EVENT(ID, NAME, DESCRIPTION, CODE_EVENT_BIT, IND_READONLY) VALUES(7107, 'RESET_PIN_FIN', 'Deliver Info to MPA - Done', 127, 1);                
INSERT INTO CAMS_C_EVENT(ID, NAME, DESCRIPTION, CODE_EVENT_BIT, IND_READONLY) VALUES(7108, 'CHANGE_PIN_FAILURE', 'Deliver Info to MPA - Failure', 127, 1);                
INSERT INTO CAMS_C_EVENT(ID, NAME, DESCRIPTION, CODE_EVENT_BIT, IND_READONLY) VALUES(7109, 'RESET_PIN_FAILURE', 'Deliver Info to MPA - Failure', 127, 1);                
INSERT INTO CAMS_C_EVENT(ID, NAME, DESCRIPTION, CODE_EVENT_BIT, IND_READONLY) VALUES(7110, 'SDK_VERSION_EXP', 'SDK Version Expired', 127, 1);                
INSERT INTO CAMS_C_EVENT(ID, NAME, DESCRIPTION, CODE_EVENT_BIT, IND_READONLY) VALUES(7111, 'MPA_VERSION_EXP', 'MPA Version Expired', 127, 1);                
INSERT INTO CAMS_C_EVENT(ID, NAME, DESCRIPTION, CODE_EVENT_BIT, IND_READONLY) VALUES(7112, 'ENABLE_CARD_INIT', 'Enable Card - Init', 127, 1);                
INSERT INTO CAMS_C_EVENT(ID, NAME, DESCRIPTION, CODE_EVENT_BIT, IND_READONLY) VALUES(7113, 'ENABLE_CARD_FIN', 'Enable Card - Done', 127, 1);                
INSERT INTO CAMS_C_EVENT(ID, NAME, DESCRIPTION, CODE_EVENT_BIT, IND_READONLY) VALUES(7114, 'ENABLE_CARD_FAILURE', 'Enable Card - Failure', 127, 1);                
INSERT INTO CAMS_C_EVENT(ID, NAME, DESCRIPTION, CODE_EVENT_BIT, IND_READONLY) VALUES(7115, 'DISABLE_CARD_INIT', 'Disable Card - Init', 127, 1);                
INSERT INTO CAMS_C_EVENT(ID, NAME, DESCRIPTION, CODE_EVENT_BIT, IND_READONLY) VALUES(7116, 'DISABLE_CARD_FIN', 'Disable Card - Done', 127, 1);                
INSERT INTO CAMS_C_EVENT(ID, NAME, DESCRIPTION, CODE_EVENT_BIT, IND_READONLY) VALUES(7117, 'DISABLE_CARD_FAILURE', 'DisableCard - Failure', 127, 1);                
INSERT INTO CAMS_C_EVENT(ID, NAME, DESCRIPTION, CODE_EVENT_BIT, IND_READONLY) VALUES(7118, 'CHANGE_RESET_PIN', 'Change/Reset Mobile PIN', 127, 1);                
INSERT INTO CAMS_C_EVENT(ID, NAME, DESCRIPTION, CODE_EVENT_BIT, IND_READONLY) VALUES(7119, 'REPLENISH', 'Replenish', 127, 1);                
INSERT INTO CAMS_C_EVENT(ID, NAME, DESCRIPTION, CODE_EVENT_BIT, IND_READONLY) VALUES(7120, 'MPA_NOT_ELIGIBLE', 'MPA Eligibility Check Failed', 127, 1);
INSERT INTO CAMS_C_STATE(ID, NAME, CODE_STATE_BIT, IND_ACTIVE) VALUES(7000, 'PRV Check Failed', 35, 0);
INSERT INTO CAMS_C_STATE(ID, NAME, CODE_STATE_BIT, IND_ACTIVE) VALUES(7002, 'Account Terminated', 35, 0);                
INSERT INTO CAMS_C_STATE(ID, NAME, CODE_STATE_BIT, IND_ACTIVE) VALUES(7003, 'Wiped', 35, 0);                
INSERT INTO CAMS_C_STATE(ID, NAME, CODE_STATE_BIT, IND_ACTIVE) VALUES(7004, 'Number Changed', 35, 0);                
INSERT INTO CAMS_C_STATE(ID, NAME, CODE_STATE_BIT, IND_ACTIVE) VALUES(7005, 'Device Changed', 35, 0);                
INSERT INTO CAMS_C_STATE(ID, NAME, CODE_STATE_BIT, IND_ACTIVE) VALUES(7006, 'Ready For Confirmation', 3, 0);                
INSERT INTO CAMS_C_STATE(ID, NAME, CODE_STATE_BIT, IND_ACTIVE) VALUES(7007, 'Ready For Unblock', 3, 0);                
INSERT INTO CAMS_C_STATE(ID, NAME, CODE_STATE_BIT, IND_ACTIVE) VALUES(7008, 'Ready For Block', 3, 0);                
INSERT INTO CAMS_C_STATE(ID, NAME, CODE_STATE_BIT, IND_ACTIVE) VALUES(7009, 'Ready For Removal', 3, 0);                
INSERT INTO CAMS_C_STATE(ID, NAME, CODE_STATE_BIT, IND_ACTIVE) VALUES(7010, 'Disabled', 3, 1);                
INSERT INTO CAMS_C_STATE(ID, NAME, CODE_STATE_BIT, IND_ACTIVE) VALUES(7101, 'ReadyForInstallation', 71, 1);                
INSERT INTO CAMS_C_STATE(ID, NAME, CODE_STATE_BIT, IND_ACTIVE) VALUES(7102, 'ReadyForPersonalization', 71, 1);                
INSERT INTO CAMS_C_STATE(ID, NAME, CODE_STATE_BIT, IND_ACTIVE) VALUES(7103, 'Deactivated', 71, 1);                
INSERT INTO CAMS_C_STATE(ID, NAME, CODE_STATE_BIT, IND_ACTIVE) VALUES(7104, 'InstallationFailed', 71, 1);                
INSERT INTO CAMS_C_STATE(ID, NAME, CODE_STATE_BIT, IND_ACTIVE) VALUES(7105, 'PersonalizedFailed', 71, 1);                
INSERT INTO CAMS_C_STATE(ID, NAME, CODE_STATE_BIT, IND_ACTIVE) VALUES(7201, 'Void', 35, 1);                
INSERT INTO CAMS_STATE_TRANSITION(ID, ID_LIFECYCLE, ID_EVENT, ID_STATE_CURRENT, ID_STATE_NEW, IND_MAN_PERMIT) VALUES(7012, 7001, 57, 0, 7201, 0);                
INSERT INTO CAMS_STATE_TRANSITION(ID, ID_LIFECYCLE, ID_EVENT, ID_STATE_CURRENT, ID_STATE_NEW, IND_MAN_PERMIT) VALUES(7014, 7001, 7003, 7201, 29, 0);                
INSERT INTO CAMS_STATE_TRANSITION(ID, ID_LIFECYCLE, ID_EVENT, ID_STATE_CURRENT, ID_STATE_NEW, IND_MAN_PERMIT) VALUES(7015, 7001, 7051, 7201, 7010, 0);                
INSERT INTO CAMS_STATE_TRANSITION(ID, ID_LIFECYCLE, ID_EVENT, ID_STATE_CURRENT, ID_STATE_NEW, IND_MAN_PERMIT) VALUES(7021, 7001, 7013, 29, 7201, 0);                
INSERT INTO CAMS_STATE_TRANSITION(ID, ID_LIFECYCLE, ID_EVENT, ID_STATE_CURRENT, ID_STATE_NEW, IND_MAN_PERMIT) VALUES(7023, 7001, 7013, 7010, 7201, 0);                
INSERT INTO CAMS_STATE_TRANSITION(ID, ID_LIFECYCLE, ID_EVENT, ID_STATE_CURRENT, ID_STATE_NEW, IND_MAN_PERMIT) VALUES(7026, 7001, 7017, 29, 7010, 0);                
INSERT INTO CAMS_STATE_TRANSITION(ID, ID_LIFECYCLE, ID_EVENT, ID_STATE_CURRENT, ID_STATE_NEW, IND_MAN_PERMIT) VALUES(7029, 7001, 7018, 7010, 29, 0);                
INSERT INTO CAMS_STATE_TRANSITION(ID, ID_LIFECYCLE, ID_EVENT, ID_STATE_CURRENT, ID_STATE_NEW, IND_MAN_PERMIT) VALUES(7030, 7001, 7003, 7010, 29, 0);                
INSERT INTO CAMS_STATE_TRANSITION(ID, ID_LIFECYCLE, ID_EVENT, ID_STATE_CURRENT, ID_STATE_NEW, IND_MAN_PERMIT) VALUES(7031, 7001, 7017, 7010, 7010, 0);                
INSERT INTO CAMS_STATE_TRANSITION(ID, ID_LIFECYCLE, ID_EVENT, ID_STATE_CURRENT, ID_STATE_NEW, IND_MAN_PERMIT) VALUES(7032, 7001, 7018, 29, 29, 0);                
INSERT INTO CAMS_STATE_TRANSITION(ID, ID_LIFECYCLE, ID_EVENT, ID_STATE_CURRENT, ID_STATE_NEW, IND_MAN_PERMIT) VALUES(7033, 7001, 7103, 29, 7010, 0);                
INSERT INTO CAMS_STATE_TRANSITION(ID, ID_LIFECYCLE, ID_EVENT, ID_STATE_CURRENT, ID_STATE_NEW, IND_MAN_PERMIT) VALUES(7034, 7001, 7103, 7010, 7010, 0);                
INSERT INTO CAMS_STATE_TRANSITION(ID, ID_LIFECYCLE, ID_EVENT, ID_STATE_CURRENT, ID_STATE_NEW, IND_MAN_PERMIT) VALUES(7035, 7001, 7119, 29, 29, 0);                
INSERT INTO CAMS_STATE_TRANSITION(ID, ID_LIFECYCLE, ID_EVENT, ID_STATE_CURRENT, ID_STATE_NEW, IND_MAN_PERMIT) VALUES(7036, 7001, 7118, 29, 29, 0);                
INSERT INTO CAMS_STATE_TRANSITION(ID, ID_LIFECYCLE, ID_EVENT, ID_STATE_CURRENT, ID_STATE_NEW, IND_MAN_PERMIT) VALUES(7037, 7001, 7118, 7010, 7010, 0);                
INSERT INTO CAMS_STATE_TRANSITION(ID, ID_LIFECYCLE, ID_EVENT, ID_STATE_CURRENT, ID_STATE_NEW, IND_MAN_PERMIT) VALUES(7003, 7002, 7003, 0, 29, 0);                
INSERT INTO CAMS_STATE_TRANSITION(ID, ID_LIFECYCLE, ID_EVENT, ID_STATE_CURRENT, ID_STATE_NEW, IND_MAN_PERMIT) VALUES(7004, 7002, 7013, 29, 65, 0);                
INSERT INTO CAMS_STATE_TRANSITION(ID, ID_LIFECYCLE, ID_EVENT, ID_STATE_CURRENT, ID_STATE_NEW, IND_MAN_PERMIT) VALUES(7153, 7001, 7020, 29, 29, 1);                
INSERT INTO CAMS_STATE_TRANSITION(ID, ID_LIFECYCLE, ID_EVENT, ID_STATE_CURRENT, ID_STATE_NEW, IND_MAN_PERMIT) VALUES(7154, 7001, 7020, 7201, 7201, 1);                
INSERT INTO CAMS_STATE_TRANSITION(ID, ID_LIFECYCLE, ID_EVENT, ID_STATE_CURRENT, ID_STATE_NEW, IND_MAN_PERMIT) VALUES(7155, 7001, 7020, 7010, 7010, 1);                
INSERT INTO CAMS_STATE_TRANSITION(ID, ID_LIFECYCLE, ID_EVENT, ID_STATE_CURRENT, ID_STATE_NEW, IND_MAN_PERMIT) VALUES(7156, 7001, 7021, 29, 29, 1);                
INSERT INTO CAMS_STATE_TRANSITION(ID, ID_LIFECYCLE, ID_EVENT, ID_STATE_CURRENT, ID_STATE_NEW, IND_MAN_PERMIT) VALUES(7157, 7001, 7024, 29, 29, 1);                
INSERT INTO CAMS_STATE_TRANSITION(ID, ID_LIFECYCLE, ID_EVENT, ID_STATE_CURRENT, ID_STATE_NEW, IND_MAN_PERMIT) VALUES(7158, 7001, 7024, 7010, 7010, 1);                
INSERT INTO CAMS_STATE_TRANSITION(ID, ID_LIFECYCLE, ID_EVENT, ID_STATE_CURRENT, ID_STATE_NEW, IND_MAN_PERMIT) VALUES(7159, 7001, 7025, 29, 29, 1);                
INSERT INTO CAMS_STATE_TRANSITION(ID, ID_LIFECYCLE, ID_EVENT, ID_STATE_CURRENT, ID_STATE_NEW, IND_MAN_PERMIT) VALUES(7161, 7001, 7025, 7010, 7010, 1);                
INSERT INTO CAMS_STATE_TRANSITION(ID, ID_LIFECYCLE, ID_EVENT, ID_STATE_CURRENT, ID_STATE_NEW, IND_MAN_PERMIT) VALUES(7162, 7001, 7025, 7201, 7201, 1);                
INSERT INTO CAMS_STATE_TRANSITION(ID, ID_LIFECYCLE, ID_EVENT, ID_STATE_CURRENT, ID_STATE_NEW, IND_MAN_PERMIT) VALUES(7371, 7001, 7030, 7201, 7201, 1);                
INSERT INTO CAMS_STATE_TRANSITION(ID, ID_LIFECYCLE, ID_EVENT, ID_STATE_CURRENT, ID_STATE_NEW, IND_MAN_PERMIT) VALUES(7372, 7001, 7030, 7010, 7010, 1);                
INSERT INTO CAMS_STATE_TRANSITION(ID, ID_LIFECYCLE, ID_EVENT, ID_STATE_CURRENT, ID_STATE_NEW, IND_MAN_PERMIT) VALUES(7373, 7001, 7031, 29, 29, 1);                
INSERT INTO CAMS_STATE_TRANSITION(ID, ID_LIFECYCLE, ID_EVENT, ID_STATE_CURRENT, ID_STATE_NEW, IND_MAN_PERMIT) VALUES(7374, 7001, 7034, 29, 29, 1);                
INSERT INTO CAMS_STATE_TRANSITION(ID, ID_LIFECYCLE, ID_EVENT, ID_STATE_CURRENT, ID_STATE_NEW, IND_MAN_PERMIT) VALUES(7375, 7001, 7034, 7010, 7010, 1);                
INSERT INTO CAMS_STATE_TRANSITION(ID, ID_LIFECYCLE, ID_EVENT, ID_STATE_CURRENT, ID_STATE_NEW, IND_MAN_PERMIT) VALUES(7376, 7001, 7035, 29, 29, 1);                
INSERT INTO CAMS_STATE_TRANSITION(ID, ID_LIFECYCLE, ID_EVENT, ID_STATE_CURRENT, ID_STATE_NEW, IND_MAN_PERMIT) VALUES(7377, 7001, 7035, 7010, 7010, 1);                
INSERT INTO CAMS_STATE_TRANSITION(ID, ID_LIFECYCLE, ID_EVENT, ID_STATE_CURRENT, ID_STATE_NEW, IND_MAN_PERMIT) VALUES(7378, 7001, 7035, 7201, 7201, 1);                
INSERT INTO CAMS_STATE_TRANSITION(ID, ID_LIFECYCLE, ID_EVENT, ID_STATE_CURRENT, ID_STATE_NEW, IND_MAN_PERMIT) VALUES(7379, 7001, 7030, 29, 29, 1);                
INSERT INTO CAMS_STATE_TRANSITION(ID, ID_LIFECYCLE, ID_EVENT, ID_STATE_CURRENT, ID_STATE_NEW, IND_MAN_PERMIT) VALUES(7171, 7001, 7040, 7201, 7201, 1);                
INSERT INTO CAMS_STATE_TRANSITION(ID, ID_LIFECYCLE, ID_EVENT, ID_STATE_CURRENT, ID_STATE_NEW, IND_MAN_PERMIT) VALUES(7172, 7001, 7040, 7010, 7010, 1);                
INSERT INTO CAMS_STATE_TRANSITION(ID, ID_LIFECYCLE, ID_EVENT, ID_STATE_CURRENT, ID_STATE_NEW, IND_MAN_PERMIT) VALUES(7173, 7001, 7040, 29, 29, 1);                
INSERT INTO CAMS_STATE_TRANSITION(ID, ID_LIFECYCLE, ID_EVENT, ID_STATE_CURRENT, ID_STATE_NEW, IND_MAN_PERMIT) VALUES(7175, 7001, 7041, 29, 29, 1);                
INSERT INTO CAMS_STATE_TRANSITION(ID, ID_LIFECYCLE, ID_EVENT, ID_STATE_CURRENT, ID_STATE_NEW, IND_MAN_PERMIT) VALUES(7176, 7001, 7044, 29, 29, 1);                
INSERT INTO CAMS_STATE_TRANSITION(ID, ID_LIFECYCLE, ID_EVENT, ID_STATE_CURRENT, ID_STATE_NEW, IND_MAN_PERMIT) VALUES(7177, 7001, 7044, 7010, 7010, 1);                
INSERT INTO CAMS_STATE_TRANSITION(ID, ID_LIFECYCLE, ID_EVENT, ID_STATE_CURRENT, ID_STATE_NEW, IND_MAN_PERMIT) VALUES(7178, 7001, 7045, 29, 29, 1);                
INSERT INTO CAMS_STATE_TRANSITION(ID, ID_LIFECYCLE, ID_EVENT, ID_STATE_CURRENT, ID_STATE_NEW, IND_MAN_PERMIT) VALUES(7179, 7001, 7045, 7010, 7010, 1);                
INSERT INTO CAMS_STATE_TRANSITION(ID, ID_LIFECYCLE, ID_EVENT, ID_STATE_CURRENT, ID_STATE_NEW, IND_MAN_PERMIT) VALUES(7180, 7001, 7045, 7201, 7201, 1);                
INSERT INTO CAMS_STATE_TRANSITION(ID, ID_LIFECYCLE, ID_EVENT, ID_STATE_CURRENT, ID_STATE_NEW, IND_MAN_PERMIT) VALUES(7181, 7001, 7104, 7201, 7201, 1);                
INSERT INTO CAMS_STATE_TRANSITION(ID, ID_LIFECYCLE, ID_EVENT, ID_STATE_CURRENT, ID_STATE_NEW, IND_MAN_PERMIT) VALUES(7182, 7001, 7104, 7010, 7010, 1);                
INSERT INTO CAMS_STATE_TRANSITION(ID, ID_LIFECYCLE, ID_EVENT, ID_STATE_CURRENT, ID_STATE_NEW, IND_MAN_PERMIT) VALUES(7183, 7001, 7104, 29, 29, 1);                
INSERT INTO CAMS_STATE_TRANSITION(ID, ID_LIFECYCLE, ID_EVENT, ID_STATE_CURRENT, ID_STATE_NEW, IND_MAN_PERMIT) VALUES(7184, 7001, 7105, 7201, 7201, 1);                
INSERT INTO CAMS_STATE_TRANSITION(ID, ID_LIFECYCLE, ID_EVENT, ID_STATE_CURRENT, ID_STATE_NEW, IND_MAN_PERMIT) VALUES(7185, 7001, 7105, 7010, 7010, 1);                
INSERT INTO CAMS_STATE_TRANSITION(ID, ID_LIFECYCLE, ID_EVENT, ID_STATE_CURRENT, ID_STATE_NEW, IND_MAN_PERMIT) VALUES(7186, 7001, 7105, 29, 29, 1);                
INSERT INTO CAMS_STATE_TRANSITION(ID, ID_LIFECYCLE, ID_EVENT, ID_STATE_CURRENT, ID_STATE_NEW, IND_MAN_PERMIT) VALUES(7187, 7001, 7106, 7201, 7201, 1);                
INSERT INTO CAMS_STATE_TRANSITION(ID, ID_LIFECYCLE, ID_EVENT, ID_STATE_CURRENT, ID_STATE_NEW, IND_MAN_PERMIT) VALUES(7188, 7001, 7106, 7010, 7010, 1);                
INSERT INTO CAMS_STATE_TRANSITION(ID, ID_LIFECYCLE, ID_EVENT, ID_STATE_CURRENT, ID_STATE_NEW, IND_MAN_PERMIT) VALUES(7189, 7001, 7106, 29, 29, 1);                
INSERT INTO CAMS_STATE_TRANSITION(ID, ID_LIFECYCLE, ID_EVENT, ID_STATE_CURRENT, ID_STATE_NEW, IND_MAN_PERMIT) VALUES(7190, 7001, 7107, 7201, 7201, 1);                
INSERT INTO CAMS_STATE_TRANSITION(ID, ID_LIFECYCLE, ID_EVENT, ID_STATE_CURRENT, ID_STATE_NEW, IND_MAN_PERMIT) VALUES(7191, 7001, 7107, 7010, 7010, 1);                
INSERT INTO CAMS_STATE_TRANSITION(ID, ID_LIFECYCLE, ID_EVENT, ID_STATE_CURRENT, ID_STATE_NEW, IND_MAN_PERMIT) VALUES(7192, 7001, 7107, 29, 29, 1);                
INSERT INTO CAMS_STATE_TRANSITION(ID, ID_LIFECYCLE, ID_EVENT, ID_STATE_CURRENT, ID_STATE_NEW, IND_MAN_PERMIT) VALUES(7193, 7001, 7108, 7201, 7201, 1);                
INSERT INTO CAMS_STATE_TRANSITION(ID, ID_LIFECYCLE, ID_EVENT, ID_STATE_CURRENT, ID_STATE_NEW, IND_MAN_PERMIT) VALUES(7194, 7001, 7108, 7010, 7010, 1);                
INSERT INTO CAMS_STATE_TRANSITION(ID, ID_LIFECYCLE, ID_EVENT, ID_STATE_CURRENT, ID_STATE_NEW, IND_MAN_PERMIT) VALUES(7195, 7001, 7108, 29, 29, 1);                
INSERT INTO CAMS_STATE_TRANSITION(ID, ID_LIFECYCLE, ID_EVENT, ID_STATE_CURRENT, ID_STATE_NEW, IND_MAN_PERMIT) VALUES(7196, 7001, 7109, 7201, 7201, 1);                
INSERT INTO CAMS_STATE_TRANSITION(ID, ID_LIFECYCLE, ID_EVENT, ID_STATE_CURRENT, ID_STATE_NEW, IND_MAN_PERMIT) VALUES(7197, 7001, 7109, 7010, 7010, 1);                
INSERT INTO CAMS_STATE_TRANSITION(ID, ID_LIFECYCLE, ID_EVENT, ID_STATE_CURRENT, ID_STATE_NEW, IND_MAN_PERMIT) VALUES(7198, 7001, 7109, 29, 29, 1);                
INSERT INTO CAMS_STATE_TRANSITION(ID, ID_LIFECYCLE, ID_EVENT, ID_STATE_CURRENT, ID_STATE_NEW, IND_MAN_PERMIT) VALUES(7350, 7001, 7112, 7201, 7201, 1);                
INSERT INTO CAMS_STATE_TRANSITION(ID, ID_LIFECYCLE, ID_EVENT, ID_STATE_CURRENT, ID_STATE_NEW, IND_MAN_PERMIT) VALUES(7351, 7001, 7112, 7010, 7010, 1);                
INSERT INTO CAMS_STATE_TRANSITION(ID, ID_LIFECYCLE, ID_EVENT, ID_STATE_CURRENT, ID_STATE_NEW, IND_MAN_PERMIT) VALUES(7352, 7001, 7112, 29, 29, 1);                
INSERT INTO CAMS_STATE_TRANSITION(ID, ID_LIFECYCLE, ID_EVENT, ID_STATE_CURRENT, ID_STATE_NEW, IND_MAN_PERMIT) VALUES(7353, 7001, 7113, 7201, 7201, 1);                
INSERT INTO CAMS_STATE_TRANSITION(ID, ID_LIFECYCLE, ID_EVENT, ID_STATE_CURRENT, ID_STATE_NEW, IND_MAN_PERMIT) VALUES(7354, 7001, 7113, 7010, 7010, 1);                
INSERT INTO CAMS_STATE_TRANSITION(ID, ID_LIFECYCLE, ID_EVENT, ID_STATE_CURRENT, ID_STATE_NEW, IND_MAN_PERMIT) VALUES(7355, 7001, 7113, 29, 29, 1);                
INSERT INTO CAMS_STATE_TRANSITION(ID, ID_LIFECYCLE, ID_EVENT, ID_STATE_CURRENT, ID_STATE_NEW, IND_MAN_PERMIT) VALUES(7356, 7001, 7114, 7201, 7201, 1);                
INSERT INTO CAMS_STATE_TRANSITION(ID, ID_LIFECYCLE, ID_EVENT, ID_STATE_CURRENT, ID_STATE_NEW, IND_MAN_PERMIT) VALUES(7357, 7001, 7114, 7010, 7010, 1);                
INSERT INTO CAMS_STATE_TRANSITION(ID, ID_LIFECYCLE, ID_EVENT, ID_STATE_CURRENT, ID_STATE_NEW, IND_MAN_PERMIT) VALUES(7358, 7001, 7114, 29, 29, 1);                
INSERT INTO CAMS_STATE_TRANSITION(ID, ID_LIFECYCLE, ID_EVENT, ID_STATE_CURRENT, ID_STATE_NEW, IND_MAN_PERMIT) VALUES(7359, 7001, 7115, 7201, 7201, 1);                
INSERT INTO CAMS_STATE_TRANSITION(ID, ID_LIFECYCLE, ID_EVENT, ID_STATE_CURRENT, ID_STATE_NEW, IND_MAN_PERMIT) VALUES(7360, 7001, 7115, 7010, 7010, 1);                
INSERT INTO CAMS_STATE_TRANSITION(ID, ID_LIFECYCLE, ID_EVENT, ID_STATE_CURRENT, ID_STATE_NEW, IND_MAN_PERMIT) VALUES(7361, 7001, 7115, 29, 29, 1);                
INSERT INTO CAMS_STATE_TRANSITION(ID, ID_LIFECYCLE, ID_EVENT, ID_STATE_CURRENT, ID_STATE_NEW, IND_MAN_PERMIT) VALUES(7362, 7001, 7116, 7201, 7201, 1);                
INSERT INTO CAMS_STATE_TRANSITION(ID, ID_LIFECYCLE, ID_EVENT, ID_STATE_CURRENT, ID_STATE_NEW, IND_MAN_PERMIT) VALUES(7363, 7001, 7116, 7010, 7010, 1);                
INSERT INTO CAMS_STATE_TRANSITION(ID, ID_LIFECYCLE, ID_EVENT, ID_STATE_CURRENT, ID_STATE_NEW, IND_MAN_PERMIT) VALUES(7364, 7001, 7116, 29, 29, 1);                
INSERT INTO CAMS_STATE_TRANSITION(ID, ID_LIFECYCLE, ID_EVENT, ID_STATE_CURRENT, ID_STATE_NEW, IND_MAN_PERMIT) VALUES(7365, 7001, 7117, 7201, 7201, 1);                
INSERT INTO CAMS_STATE_TRANSITION(ID, ID_LIFECYCLE, ID_EVENT, ID_STATE_CURRENT, ID_STATE_NEW, IND_MAN_PERMIT) VALUES(7366, 7001, 7117, 7010, 7010, 1);                
INSERT INTO CAMS_STATE_TRANSITION(ID, ID_LIFECYCLE, ID_EVENT, ID_STATE_CURRENT, ID_STATE_NEW, IND_MAN_PERMIT) VALUES(7367, 7001, 7117, 29, 29, 1);                
INSERT INTO CAMS_STATE_TRANSITION(ID, ID_LIFECYCLE, ID_EVENT, ID_STATE_CURRENT, ID_STATE_NEW, IND_MAN_PERMIT) VALUES(7200, 7003, 7038, 0, 29, 0);                
INSERT INTO CAMS_STATE_TRANSITION(ID, ID_LIFECYCLE, ID_EVENT, ID_STATE_CURRENT, ID_STATE_NEW, IND_MAN_PERMIT) VALUES(7201, 7003, 7019, 29, 29, 1);                
INSERT INTO CAMS_STATE_TRANSITION(ID, ID_LIFECYCLE, ID_EVENT, ID_STATE_CURRENT, ID_STATE_NEW, IND_MAN_PERMIT) VALUES(7202, 7003, 7027, 29, 29, 1);                
INSERT INTO CAMS_STATE_TRANSITION(ID, ID_LIFECYCLE, ID_EVENT, ID_STATE_CURRENT, ID_STATE_NEW, IND_MAN_PERMIT) VALUES(7203, 7003, 7028, 29, 29, 1);                
INSERT INTO CAMS_STATE_TRANSITION(ID, ID_LIFECYCLE, ID_EVENT, ID_STATE_CURRENT, ID_STATE_NEW, IND_MAN_PERMIT) VALUES(7204, 7003, 7050, 29, 29, 1);                
INSERT INTO CAMS_STATE_TRANSITION(ID, ID_LIFECYCLE, ID_EVENT, ID_STATE_CURRENT, ID_STATE_NEW, IND_MAN_PERMIT) VALUES(7205, 7003, 7008, 29, 0, 1);                
INSERT INTO CAMS_STATE_TRANSITION(ID, ID_LIFECYCLE, ID_EVENT, ID_STATE_CURRENT, ID_STATE_NEW, IND_MAN_PERMIT) VALUES(7206, 7003, 7052, 29, 0, 1);                
INSERT INTO CAMS_STATE_TRANSITION(ID, ID_LIFECYCLE, ID_EVENT, ID_STATE_CURRENT, ID_STATE_NEW, IND_MAN_PERMIT) VALUES(7207, 7003, 7103, 29, 29, 1);                
INSERT INTO CAMS_STATE_TRANSITION(ID, ID_LIFECYCLE, ID_EVENT, ID_STATE_CURRENT, ID_STATE_NEW, IND_MAN_PERMIT) VALUES(7208, 7003, 7008, 0, 0, 1);                
INSERT INTO CAMS_STATE_TRANSITION(ID, ID_LIFECYCLE, ID_EVENT, ID_STATE_CURRENT, ID_STATE_NEW, IND_MAN_PERMIT) VALUES(7211, 7003, 7020, 29, 29, 1);                
INSERT INTO CAMS_STATE_TRANSITION(ID, ID_LIFECYCLE, ID_EVENT, ID_STATE_CURRENT, ID_STATE_NEW, IND_MAN_PERMIT) VALUES(7212, 7003, 7021, 29, 29, 1);                
INSERT INTO CAMS_STATE_TRANSITION(ID, ID_LIFECYCLE, ID_EVENT, ID_STATE_CURRENT, ID_STATE_NEW, IND_MAN_PERMIT) VALUES(7213, 7003, 7022, 29, 29, 1);                
INSERT INTO CAMS_STATE_TRANSITION(ID, ID_LIFECYCLE, ID_EVENT, ID_STATE_CURRENT, ID_STATE_NEW, IND_MAN_PERMIT) VALUES(7214, 7003, 7023, 29, 29, 1);                
INSERT INTO CAMS_STATE_TRANSITION(ID, ID_LIFECYCLE, ID_EVENT, ID_STATE_CURRENT, ID_STATE_NEW, IND_MAN_PERMIT) VALUES(7215, 7003, 7024, 29, 29, 1);                
INSERT INTO CAMS_STATE_TRANSITION(ID, ID_LIFECYCLE, ID_EVENT, ID_STATE_CURRENT, ID_STATE_NEW, IND_MAN_PERMIT) VALUES(7216, 7003, 7025, 29, 29, 1);                
INSERT INTO CAMS_STATE_TRANSITION(ID, ID_LIFECYCLE, ID_EVENT, ID_STATE_CURRENT, ID_STATE_NEW, IND_MAN_PERMIT) VALUES(7217, 7003, 7026, 0, 0, 1);                
INSERT INTO CAMS_STATE_TRANSITION(ID, ID_LIFECYCLE, ID_EVENT, ID_STATE_CURRENT, ID_STATE_NEW, IND_MAN_PERMIT) VALUES(7218, 7003, 7029, 29, 29, 1);                
INSERT INTO CAMS_STATE_TRANSITION(ID, ID_LIFECYCLE, ID_EVENT, ID_STATE_CURRENT, ID_STATE_NEW, IND_MAN_PERMIT) VALUES(7221, 7003, 7030, 29, 29, 1);                
INSERT INTO CAMS_STATE_TRANSITION(ID, ID_LIFECYCLE, ID_EVENT, ID_STATE_CURRENT, ID_STATE_NEW, IND_MAN_PERMIT) VALUES(7222, 7003, 7031, 29, 29, 1);                
INSERT INTO CAMS_STATE_TRANSITION(ID, ID_LIFECYCLE, ID_EVENT, ID_STATE_CURRENT, ID_STATE_NEW, IND_MAN_PERMIT) VALUES(7223, 7003, 7032, 29, 29, 1);                
INSERT INTO CAMS_STATE_TRANSITION(ID, ID_LIFECYCLE, ID_EVENT, ID_STATE_CURRENT, ID_STATE_NEW, IND_MAN_PERMIT) VALUES(7224, 7003, 7033, 29, 29, 1);                
INSERT INTO CAMS_STATE_TRANSITION(ID, ID_LIFECYCLE, ID_EVENT, ID_STATE_CURRENT, ID_STATE_NEW, IND_MAN_PERMIT) VALUES(7225, 7003, 7034, 29, 29, 1);                
INSERT INTO CAMS_STATE_TRANSITION(ID, ID_LIFECYCLE, ID_EVENT, ID_STATE_CURRENT, ID_STATE_NEW, IND_MAN_PERMIT) VALUES(7226, 7003, 7035, 29, 29, 1);                
INSERT INTO CAMS_STATE_TRANSITION(ID, ID_LIFECYCLE, ID_EVENT, ID_STATE_CURRENT, ID_STATE_NEW, IND_MAN_PERMIT) VALUES(7227, 7003, 7036, 0, 0, 1);                
INSERT INTO CAMS_STATE_TRANSITION(ID, ID_LIFECYCLE, ID_EVENT, ID_STATE_CURRENT, ID_STATE_NEW, IND_MAN_PERMIT) VALUES(7228, 7003, 7037, 29, 29, 1);                
INSERT INTO CAMS_STATE_TRANSITION(ID, ID_LIFECYCLE, ID_EVENT, ID_STATE_CURRENT, ID_STATE_NEW, IND_MAN_PERMIT) VALUES(7231, 7003, 7040, 29, 29, 1);                
INSERT INTO CAMS_STATE_TRANSITION(ID, ID_LIFECYCLE, ID_EVENT, ID_STATE_CURRENT, ID_STATE_NEW, IND_MAN_PERMIT) VALUES(7232, 7003, 7041, 29, 29, 1);                
INSERT INTO CAMS_STATE_TRANSITION(ID, ID_LIFECYCLE, ID_EVENT, ID_STATE_CURRENT, ID_STATE_NEW, IND_MAN_PERMIT) VALUES(7233, 7003, 7042, 29, 29, 1);                
INSERT INTO CAMS_STATE_TRANSITION(ID, ID_LIFECYCLE, ID_EVENT, ID_STATE_CURRENT, ID_STATE_NEW, IND_MAN_PERMIT) VALUES(7234, 7003, 7043, 29, 29, 1);                
INSERT INTO CAMS_STATE_TRANSITION(ID, ID_LIFECYCLE, ID_EVENT, ID_STATE_CURRENT, ID_STATE_NEW, IND_MAN_PERMIT) VALUES(7235, 7003, 7044, 29, 29, 1);                
INSERT INTO CAMS_STATE_TRANSITION(ID, ID_LIFECYCLE, ID_EVENT, ID_STATE_CURRENT, ID_STATE_NEW, IND_MAN_PERMIT) VALUES(7236, 7003, 7045, 29, 29, 1);                
INSERT INTO CAMS_STATE_TRANSITION(ID, ID_LIFECYCLE, ID_EVENT, ID_STATE_CURRENT, ID_STATE_NEW, IND_MAN_PERMIT) VALUES(7237, 7003, 7046, 0, 0, 1);                
INSERT INTO CAMS_STATE_TRANSITION(ID, ID_LIFECYCLE, ID_EVENT, ID_STATE_CURRENT, ID_STATE_NEW, IND_MAN_PERMIT) VALUES(7238, 7003, 7047, 29, 29, 1);                
INSERT INTO CAMS_STATE_TRANSITION(ID, ID_LIFECYCLE, ID_EVENT, ID_STATE_CURRENT, ID_STATE_NEW, IND_MAN_PERMIT) VALUES(7300, 7003, 7100, 29, 0, 1);                
INSERT INTO CAMS_STATE_TRANSITION(ID, ID_LIFECYCLE, ID_EVENT, ID_STATE_CURRENT, ID_STATE_NEW, IND_MAN_PERMIT) VALUES(7301, 7003, 7100, 0, 0, 1);                
INSERT INTO CAMS_STATE_TRANSITION(ID, ID_LIFECYCLE, ID_EVENT, ID_STATE_CURRENT, ID_STATE_NEW, IND_MAN_PERMIT) VALUES(7302, 7003, 7101, 29, 29, 1);                
INSERT INTO CAMS_STATE_TRANSITION(ID, ID_LIFECYCLE, ID_EVENT, ID_STATE_CURRENT, ID_STATE_NEW, IND_MAN_PERMIT) VALUES(7303, 7003, 7101, 0, 0, 1);                
INSERT INTO CAMS_STATE_TRANSITION(ID, ID_LIFECYCLE, ID_EVENT, ID_STATE_CURRENT, ID_STATE_NEW, IND_MAN_PERMIT) VALUES(7304, 7003, 7102, 0, 0, 1);                
INSERT INTO CAMS_STATE_TRANSITION(ID, ID_LIFECYCLE, ID_EVENT, ID_STATE_CURRENT, ID_STATE_NEW, IND_MAN_PERMIT) VALUES(7305, 7003, 7104, 29, 29, 1);                
INSERT INTO CAMS_STATE_TRANSITION(ID, ID_LIFECYCLE, ID_EVENT, ID_STATE_CURRENT, ID_STATE_NEW, IND_MAN_PERMIT) VALUES(7306, 7003, 7105, 29, 29, 1);                
INSERT INTO CAMS_STATE_TRANSITION(ID, ID_LIFECYCLE, ID_EVENT, ID_STATE_CURRENT, ID_STATE_NEW, IND_MAN_PERMIT) VALUES(7307, 7003, 7106, 29, 29, 1);                
INSERT INTO CAMS_STATE_TRANSITION(ID, ID_LIFECYCLE, ID_EVENT, ID_STATE_CURRENT, ID_STATE_NEW, IND_MAN_PERMIT) VALUES(7308, 7003, 7107, 29, 29, 1);                
INSERT INTO CAMS_STATE_TRANSITION(ID, ID_LIFECYCLE, ID_EVENT, ID_STATE_CURRENT, ID_STATE_NEW, IND_MAN_PERMIT) VALUES(7309, 7003, 7108, 29, 29, 1);                
INSERT INTO CAMS_STATE_TRANSITION(ID, ID_LIFECYCLE, ID_EVENT, ID_STATE_CURRENT, ID_STATE_NEW, IND_MAN_PERMIT) VALUES(7310, 7003, 7109, 29, 29, 1);                
INSERT INTO CAMS_STATE_TRANSITION(ID, ID_LIFECYCLE, ID_EVENT, ID_STATE_CURRENT, ID_STATE_NEW, IND_MAN_PERMIT) VALUES(7311, 7003, 7110, 29, 29, 1);                
INSERT INTO CAMS_STATE_TRANSITION(ID, ID_LIFECYCLE, ID_EVENT, ID_STATE_CURRENT, ID_STATE_NEW, IND_MAN_PERMIT) VALUES(7312, 7003, 7111, 29, 29, 1);                
INSERT INTO CAMS_STATE_TRANSITION(ID, ID_LIFECYCLE, ID_EVENT, ID_STATE_CURRENT, ID_STATE_NEW, IND_MAN_PERMIT) VALUES(7313, 7003, 7112, 0, 0, 1);                
INSERT INTO CAMS_STATE_TRANSITION(ID, ID_LIFECYCLE, ID_EVENT, ID_STATE_CURRENT, ID_STATE_NEW, IND_MAN_PERMIT) VALUES(7314, 7003, 7112, 29, 29, 1);                
INSERT INTO CAMS_STATE_TRANSITION(ID, ID_LIFECYCLE, ID_EVENT, ID_STATE_CURRENT, ID_STATE_NEW, IND_MAN_PERMIT) VALUES(7315, 7003, 7113, 0, 0, 1);                
INSERT INTO CAMS_STATE_TRANSITION(ID, ID_LIFECYCLE, ID_EVENT, ID_STATE_CURRENT, ID_STATE_NEW, IND_MAN_PERMIT) VALUES(7316, 7003, 7113, 29, 29, 1);                
INSERT INTO CAMS_STATE_TRANSITION(ID, ID_LIFECYCLE, ID_EVENT, ID_STATE_CURRENT, ID_STATE_NEW, IND_MAN_PERMIT) VALUES(7317, 7003, 7114, 0, 0, 1);                
INSERT INTO CAMS_STATE_TRANSITION(ID, ID_LIFECYCLE, ID_EVENT, ID_STATE_CURRENT, ID_STATE_NEW, IND_MAN_PERMIT) VALUES(7318, 7003, 7114, 29, 29, 1);                
INSERT INTO CAMS_STATE_TRANSITION(ID, ID_LIFECYCLE, ID_EVENT, ID_STATE_CURRENT, ID_STATE_NEW, IND_MAN_PERMIT) VALUES(7319, 7003, 7115, 0, 0, 1);                
INSERT INTO CAMS_STATE_TRANSITION(ID, ID_LIFECYCLE, ID_EVENT, ID_STATE_CURRENT, ID_STATE_NEW, IND_MAN_PERMIT) VALUES(7320, 7003, 7115, 29, 29, 1);                
INSERT INTO CAMS_STATE_TRANSITION(ID, ID_LIFECYCLE, ID_EVENT, ID_STATE_CURRENT, ID_STATE_NEW, IND_MAN_PERMIT) VALUES(7321, 7003, 7116, 0, 0, 1);                
INSERT INTO CAMS_STATE_TRANSITION(ID, ID_LIFECYCLE, ID_EVENT, ID_STATE_CURRENT, ID_STATE_NEW, IND_MAN_PERMIT) VALUES(7322, 7003, 7116, 29, 29, 1);                
INSERT INTO CAMS_STATE_TRANSITION(ID, ID_LIFECYCLE, ID_EVENT, ID_STATE_CURRENT, ID_STATE_NEW, IND_MAN_PERMIT) VALUES(7323, 7003, 7117, 0, 0, 1);                
INSERT INTO CAMS_STATE_TRANSITION(ID, ID_LIFECYCLE, ID_EVENT, ID_STATE_CURRENT, ID_STATE_NEW, IND_MAN_PERMIT) VALUES(7324, 7003, 7117, 29, 29, 1);                
INSERT INTO CAMS_STATE_TRANSITION(ID, ID_LIFECYCLE, ID_EVENT, ID_STATE_CURRENT, ID_STATE_NEW, IND_MAN_PERMIT) VALUES(7325, 7003, 7118, 29, 29, 1);                
INSERT INTO CAMS_STATE_TRANSITION(ID, ID_LIFECYCLE, ID_EVENT, ID_STATE_CURRENT, ID_STATE_NEW, IND_MAN_PERMIT) VALUES(7326, 7003, 7118, 0, 0, 1);
 INSERT INTO CAMS_STATE_TRANSITION(ID, ID_EVENT, ID_LIFECYCLE, ID_STATE_CURRENT, ID_STATE_NEW, IND_MAN_PERMIT) VALUES(2053, 15, 61, 3, 18, 0);
 INSERT INTO CAMS_STATE_TRANSITION(ID, ID_EVENT, ID_LIFECYCLE, ID_STATE_CURRENT, ID_STATE_NEW, IND_MAN_PERMIT) VALUES(2054, 15, 61, 4, 18, 0); 
 INSERT INTO CAMS_STATE_TRANSITION(ID, ID_EVENT, ID_LIFECYCLE, ID_STATE_CURRENT, ID_STATE_NEW, IND_MAN_PERMIT) VALUES(2055, 38, 61, 3, 19, 0); 
 INSERT INTO CAMS_STATE_TRANSITION(ID, ID_EVENT, ID_LIFECYCLE, ID_STATE_CURRENT, ID_STATE_NEW, IND_MAN_PERMIT) VALUES(2056, 40, 61, 19, 9, 0); 
 INSERT INTO CAMS_STATE_TRANSITION(ID, ID_EVENT, ID_LIFECYCLE, ID_STATE_CURRENT, ID_STATE_NEW, IND_MAN_PERMIT) VALUES(2057, 41, 61, 19, 4, 0); 
 INSERT INTO CAMS_STATE_TRANSITION(ID, ID_EVENT, ID_LIFECYCLE, ID_STATE_CURRENT, ID_STATE_NEW, IND_MAN_PERMIT) VALUES(2058, 57, 61, 0, 3, 0); 
 INSERT INTO CAMS_STATE_TRANSITION(ID, ID_EVENT, ID_LIFECYCLE, ID_STATE_CURRENT, ID_STATE_NEW, IND_MAN_PERMIT) VALUES(2059, 12, 61, 9, 25, 0); 
 INSERT INTO CAMS_STATE_TRANSITION(ID, ID_EVENT, ID_LIFECYCLE, ID_STATE_CURRENT, ID_STATE_NEW, IND_MAN_PERMIT) VALUES(2060, 116, 61, 0, 4, 0);

PROMPT ======================
PROMPT ACS CONFIGURATION
PROMPT ======================
 INSERT INTO CMN_ACTION(ID, NAME, DESCRIPTION) VALUES(3100, 'process.RemoteManagementConfigPage', 'Allows configuration of Remote Management');
 INSERT INTO CMN_ACTION(ID, NAME, DESCRIPTION) VALUES(3101, 'process.GcmConfigPage', 'Allows configuration of Google Cloud Messaging');
 INSERT INTO CMN_ACTION(ID, NAME, DESCRIPTION) VALUES(3102, 'process.AddonFileEditPage', 'Allows configuration of Addon File Edit Page');
 --INSERT INTO CMN_ACTION(ID, NAME, DESCRIPTION) VALUES(183, 'process.ScheduledJobEditPage', 'Allows configuration of Job Schedular Page');
 INSERT INTO CMN_ACTION(ID, NAME, DESCRIPTION) VALUES(3104, 'process.UserInterfaceConfigurationPage', 'Allows configuration of User Interface Configuration Page');
 INSERT INTO CMN_ACTION(ID, NAME, DESCRIPTION) VALUES(3105, 'process.EmvTemplatesOverviewPage', 'Allows configuration of Emv Templates Page');
 INSERT INTO CMN_ACTION(ID, NAME, DESCRIPTION) VALUES(3106, 'process.NotificationConfigurationPage', 'Allows configuration of Notification Configuration Page');
 INSERT INTO CMN_ACTION(ID, NAME, DESCRIPTION) VALUES(3107, 'process.AddonFileOverviewPage', 'Allows configuration of AddonFile Page');
 --INSERT INTO CMN_ACTION(ID, NAME, DESCRIPTION) VALUES(182, 'process.ScheduledJobsOverviewPage', 'Allows configuration of Jobs Page');
 INSERT INTO CMN_ACTION(ID, NAME, DESCRIPTION) VALUES(3109, 'process.DataportListenersPage', 'Allows configuration of Dataport Listeners Page');
 INSERT INTO CMN_ACTION(ID, NAME, DESCRIPTION) VALUES(3110, 'process.LifecyclePage', 'Allows configuration of Lifecycle Page');
 INSERT INTO CMN_ACTION(ID, NAME, DESCRIPTION) VALUES(3111, 'process.LifecycleEditPage', 'Allows configuration of Lifecycle Page');
 INSERT INTO CMN_ACTION(ID, NAME, DESCRIPTION) VALUES(3112, 'process.ManageLanguages', 'Allows configuration of ManageLanguages Page');
 INSERT INTO CMN_ACTION(ID, NAME, DESCRIPTION) VALUES(3113, 'process.ManageTranslations', 'Allows configuration of ManageTranslations Page');
 INSERT INTO CMN_ACTION(ID, NAME, DESCRIPTION) VALUES(3114, 'process.DataportDocumentsOverviewPage', 'Allows configuration of DataportDocumentsOverviewPage');
 INSERT INTO CMN_ACTION(ID, NAME, DESCRIPTION) VALUES(3120, 'entity.SeitcCard.C', 'Allows SeitcCard Creation');
 INSERT INTO CMN_ACTION(ID, NAME, DESCRIPTION) VALUES(3121, 'entity.SeitcCard.U', 'Allows SeitcCard Update');
 INSERT INTO CMN_ACTION(ID, NAME, DESCRIPTION) VALUES(3122, 'entity.SeitcCard.D', 'Allows SeitcCard Deleting');
 INSERT INTO CMN_ACTION(ID, NAME, DESCRIPTION) VALUES(3123, 'entity.WalletOwner.C', 'Allows WalletOwner Creation');
 INSERT INTO CMN_ACTION(ID, NAME, DESCRIPTION) VALUES(3124, 'entity.WalletOwner.U', 'Allows WalletOwner Update');
 INSERT INTO CMN_ACTION(ID, NAME, DESCRIPTION) VALUES(3125, 'entity.WalletOwner.D', 'Allows WalletOwner Deleting');
 INSERT INTO CMN_ACTION(ID, NAME, DESCRIPTION) VALUES(3126, 'entity.SeitcCardType.C', 'Allows SeitcCardType Creation');
 INSERT INTO CMN_ACTION(ID, NAME, DESCRIPTION) VALUES(3127, 'entity.SeitcCardType.U', 'Allows SeitcCardType Update');
 INSERT INTO CMN_ACTION(ID, NAME, DESCRIPTION) VALUES(3128, 'entity.SeitcCardType.D', 'Allows SeitcCardType Deleting');
 INSERT INTO CMN_ACTION(ID, NAME, DESCRIPTION) VALUES(3129, 'entity.CardholderType.C', 'Allows CardholderType Creation');
 INSERT INTO CMN_ACTION(ID, NAME, DESCRIPTION) VALUES(3131, 'entity.CardholderType.U', 'Allows CardholderType Update');
 INSERT INTO CMN_ACTION(ID, NAME, DESCRIPTION) VALUES(3132, 'entity.CardholderType.D', 'Allows CardholderType Deleting');
 INSERT INTO CMN_ROLE(ID, NAME, DESCRIPTION, SECURITY_RANK) VALUES(3101, 'SeitcAdmin', 'Seitc Administrator', '5');
 INSERT INTO CMN_GROUP(ID, NAME, DESCRIPTION, DT_CREATED) VALUES(3102, 'SeitcAdmin', 'Seitc Administrator', SYSDATE);
 INSERT INTO CMN_USER(ID, USERNAME, ID_SOURCE, ID_LANGUAGE, DT_CREATED, FIRST_NAMES, LAST_NAME, DESCRIPTION, PASSWORD, IND_PWD_NEVER_EXPIRES, IND_CHANGE_PWD_ONLOGIN, NBR_FAILED_ATTEMPTS) VALUES(3101, 'SeitcAdmin', 0, 1, SYSDATE, 'Seitc', 'Admin', 'Seitc Administrator', 'seitc', 1, 0, '0');
 INSERT INTO CMN_USER(ID, USERNAME, ID_SOURCE, ID_LANGUAGE, DT_CREATED, FIRST_NAMES, LAST_NAME, DESCRIPTION, PASSWORD, IND_PWD_NEVER_EXPIRES, IND_CHANGE_PWD_ONLOGIN, NBR_FAILED_ATTEMPTS) VALUES(3102, 'SeitcOperator', 0, 1, SYSDATE, 'Seitc', 'Operator', 'Seitc Operator', 'seitc', 1, 0, '0');
 INSERT INTO CMN_X_ACTION_IN_ROLE(ID_ACTION, ID_ROLE) VALUES(3100, 3101);
 INSERT INTO CMN_X_ACTION_IN_ROLE(ID_ACTION, ID_ROLE) VALUES(3101, 3101);
 INSERT INTO CMN_X_ACTION_IN_ROLE(ID_ACTION, ID_ROLE) VALUES(3102, 3101);
 INSERT INTO CMN_X_ACTION_IN_ROLE(ID_ACTION, ID_ROLE) VALUES(183, 3101);
 INSERT INTO CMN_X_ACTION_IN_ROLE(ID_ACTION, ID_ROLE) VALUES(3104, 3101);
 INSERT INTO CMN_X_ACTION_IN_ROLE(ID_ACTION, ID_ROLE) VALUES(3105, 3101);
 INSERT INTO CMN_X_ACTION_IN_ROLE(ID_ACTION, ID_ROLE) VALUES(3106, 3101);
 INSERT INTO CMN_X_ACTION_IN_ROLE(ID_ACTION, ID_ROLE) VALUES(3107, 3101);
 INSERT INTO CMN_X_ACTION_IN_ROLE(ID_ACTION, ID_ROLE) VALUES(182, 3101);
 INSERT INTO CMN_X_ACTION_IN_ROLE(ID_ACTION, ID_ROLE) VALUES(3109, 3101);
 INSERT INTO CMN_X_ACTION_IN_ROLE(ID_ACTION, ID_ROLE) VALUES(3110, 3101);
 INSERT INTO CMN_X_ACTION_IN_ROLE(ID_ACTION, ID_ROLE) VALUES(3111, 3101);
 INSERT INTO CMN_X_ACTION_IN_ROLE(ID_ACTION, ID_ROLE) VALUES(3112, 3101);
 INSERT INTO CMN_X_ACTION_IN_ROLE(ID_ACTION, ID_ROLE) VALUES(3113, 3101);
 INSERT INTO CMN_X_ACTION_IN_ROLE(ID_ACTION, ID_ROLE) VALUES(3114, 3101);
 INSERT INTO CMN_X_ACTION_IN_ROLE(ID_ACTION, ID_ROLE) VALUES(3120, 3101);
 INSERT INTO CMN_X_ACTION_IN_ROLE(ID_ACTION, ID_ROLE) VALUES(3121, 3101);
 INSERT INTO CMN_X_ACTION_IN_ROLE(ID_ACTION, ID_ROLE) VALUES(3122, 3101);
 INSERT INTO CMN_X_ACTION_IN_ROLE(ID_ACTION, ID_ROLE) VALUES(3123, 3101);
 INSERT INTO CMN_X_ACTION_IN_ROLE(ID_ACTION, ID_ROLE) VALUES(3124, 3101);
 INSERT INTO CMN_X_ACTION_IN_ROLE(ID_ACTION, ID_ROLE) VALUES(3125, 3101);
 INSERT INTO CMN_X_ACTION_IN_ROLE(ID_ACTION, ID_ROLE) VALUES(3126, 3101);
 INSERT INTO CMN_X_ACTION_IN_ROLE(ID_ACTION, ID_ROLE) VALUES(3127, 3101);
 INSERT INTO CMN_X_ACTION_IN_ROLE(ID_ACTION, ID_ROLE) VALUES(3128, 3101);
 INSERT INTO CMN_X_ACTION_IN_ROLE(ID_ACTION, ID_ROLE) VALUES(3129, 3101);
 INSERT INTO CMN_X_ACTION_IN_ROLE(ID_ACTION, ID_ROLE) VALUES(3131, 3101);
 INSERT INTO CMN_X_ACTION_IN_ROLE(ID_ACTION, ID_ROLE) VALUES(3132, 3101);
 INSERT INTO CMN_X_GROUP_IN_ROLE(ID_GROUP, ID_ROLE) VALUES(3102, 3101);
 INSERT INTO CMN_X_USER_IN_GROUP(ID_USER, ID_GROUP) VALUES(3101, 3102);
 INSERT INTO CMN_X_USER_IN_METHOD(ID_USER, ID_METHOD) VALUES(3101, 0);
 INSERT INTO CMN_X_USER_IN_METHOD(ID_USER, ID_METHOD) VALUES(3102, 0);                
PROMPT ======================
PROMPT SEITC CONFIGURATION
PROMPT ======================
 INSERT INTO CMN_CONFIG (ID, NAME, BINARY_DATA) VALUES (202, 'CNS:ISSUER:WS_CLIENT', UTL_ENCODE.BASE64_DECODE(UTL_RAW.CAST_TO_RAW('PD94bWwgdmVyc2lvbj0iMS4wIiBlbmNvZGluZz0iVVRGLTgiIHN0YW5kYWxvbmU9Im5vIj8+DQo8IURPQ1RZUEUgcHJvcGVydGllcyBTWVNURU0gImh0dHA6Ly9qYXZhLnN1bi5jb20vZHRkL3Byb3BlcnRpZXMuZHRkIj4NCjxwcm9wZXJ0aWVzPg0KPGVudHJ5IGtleT0iTm90aWZpY2F0aW9uQ2FsbGJhY2tVcmwiPmh0dHA6Ly9sb2NhbGhvc3Q6MTIzNC9pbjwvZW50cnk+DQo8L3Byb3BlcnRpZXM+DQo=')));
 INSERT INTO CMN_CONFIG (ID, NAME, BINARY_DATA) VALUES (203, 'CNS:ISSUER MPA NOTIFICATIONS:WS_CLIENT', UTL_ENCODE.BASE64_DECODE(UTL_RAW.CAST_TO_RAW('PD94bWwgdmVyc2lvbj0iMS4wIiBlbmNvZGluZz0iVVRGLTgiIHN0YW5kYWxvbmU9Im5vIj8+DQo8IURPQ1RZUEUgcHJvcGVydGllcyBTWVNURU0gImh0dHA6Ly9qYXZhLnN1bi5jb20vZHRkL3Byb3BlcnRpZXMuZHRkIj4NCjxwcm9wZXJ0aWVzPg0KPGVudHJ5IGtleT0iTm90aWZpY2F0aW9uQ2FsbGJhY2tVcmwiPmh0dHA6Ly9sb2NhbGhvc3Q6MTIzNC9pbjwvZW50cnk+DQo8L3Byb3BlcnRpZXM+DQo=')));                

 INSERT INTO CAMS_C_TYPE_REASON(ID, NAME, DESCRIPTION) VALUES(600, 'SEITC_REQUEST_TYPE', 'SEITC_REQUEST_TYPE');
 INSERT INTO CAMS_C_TYPE_REASON(ID, NAME, DESCRIPTION) VALUES(601, 'SEITC_REMOVE_TYPE', 'SEITC_REMOVE_TYPE');
 INSERT INTO CAMS_C_REASON(ID, NAME, ID_TYPE_REASON, DESCRIPTION) VALUES(600, 'SEITC_REQUEST', 600, 'SEITC_REQUEST');
 INSERT INTO CAMS_C_REASON(ID, NAME, ID_TYPE_REASON, DESCRIPTION) VALUES(601, 'SEITC_REMOVE', 601, 'SEITC_REMOVE');
 INSERT INTO CAMS_C_CHIP_OS(ID, NAME) VALUES(600, 'SEITC_CLOUD_PLATFORM');
 INSERT INTO CAMS_C_TYPE_APPLICATION(ID, NAME, DESCRIPTION) VALUES(600, 'SEITC', 'Secure Element In The Cloud');
 INSERT INTO CAMS_C_LIFECYCLE(ID, ID_TYPE_LIFECYCLE, NAME) VALUES(602, 1, 'Membership In The Cloud Lifecycle');


 INSERT INTO CAMS_C_TYPE_NUMBER(ID, NAME) VALUES(600, 'SEITC numbering');
 INSERT INTO CAMS_APPLICATION_PROVIDER(ID, NAME) VALUES(600, 'VISA');
 INSERT INTO CAMS_APPLICATION_PROVIDER(ID, NAME) VALUES(700, 'MASTERCARD');
 INSERT INTO CAMS_CHIP_DEFINITION(ID, ID_OPERATING_SYSTEM, NAME, SIZE_CHIP, NBR_OP_VERSION) VALUES(600, 600, 'Secure element', 32000, '1.0');
 INSERT INTO CAMS_NUMBERING(ID, NAME, ID_TYPE_NBR, NBR_FIRST, NBR_LAST, NBR_CURRENT, INCREMENT_SIZE, MINIMUM_LENGTH) VALUES(600, 'Generic Numbering', 600, 1, 9999999999, 1, 1, 0);
 INSERT INTO CAMS_NUMBERING(ID, NAME, ID_TYPE_NBR, NBR_FIRST, NBR_LAST, NBR_CURRENT, INCREMENT_SIZE, MINIMUM_LENGTH) VALUES(601, 'Generic Card Numbering', 600, 1000000001, 9999999999, 1000000001, 1, 0);
 INSERT INTO CAMS_REQUEST_SETTINGS(ID, PREFERRED_DISTRIBUTION_PERIOD, ID_DEFAULT_QUOTA_ADMINISTRATOR, ID_DEFAULT_CARD_ADMINISTRATOR, ID_DEFAULT_CARD_DISTRIBUTOR, ID_DEFAULT_AUTHORIZER) VALUES(2, '0', 2, 2, 2, 2);

 INSERT INTO CAMS_CARD_FAMILY(ID, NAME, IND_PRODUCE, ID_PERSONALIZER, DAYS_IN_PRODUCTION, CARD_MAX_IN_BATCH) VALUES(600, 'CARD_FAMILY', 0, 0, 0, 10000);

 INSERT INTO SEITC_MOB_PMT_APP_TYPE(ID, NAME, MAX_MOB_PIN_RETRIES, ACT_CODE_TIME_SPAN, RNS_TYPE, ID_LIFECYCLE) VALUES(700, 'default', '3', '345600', 'GCM', 7003);
 INSERT INTO CAMS_TYPE_CARDHOLDER(ID, NAME, DESCRIPTION, ID_LIFECYCLE, IND_EXTERNAL_NUMBERING, ID_NUMBERING, ID_METATYPE) VALUES(600, 'SEITC_WALLET_OWNER', 'SEITC Wallet owner', 7002, 0, 600, 0);
 INSERT INTO CAMS_TYPE_CARDHOLDER(ID, NAME, DESCRIPTION, ID_LIFECYCLE, IND_EXTERNAL_NUMBERING, ID_NUMBERING, ID_METATYPE) VALUES(601, 'Anonymous Cardholder', 'Anonymous Cardholder description', 7002, 0, 600, 0);

 INSERT INTO CMN_APPLICATION_RESOURCE(ID, LANGUAGE_ID, MSGKEY, VAL, LAST_UPDATE) VALUES(6000, '10', 'cardholder.prefixLastNamePartner.label', 'MNO', TO_DATE('2013-02-11 13:15:17','yyyy-mm-dd hh24:mi:ss'));
 INSERT INTO CMN_APPLICATION_RESOURCE(ID, LANGUAGE_ID, MSGKEY, VAL, LAST_UPDATE) VALUES(6001, '1', 'cardholder.prefixLastNamePartner.label', 'MNO', TO_DATE('2013-02-11 13:15:17','yyyy-mm-dd hh24:mi:ss'));
 INSERT INTO CMN_APPLICATION_RESOURCE(ID, LANGUAGE_ID, MSGKEY, VAL, LAST_UPDATE) VALUES(6003, '10', 'cardholder.msisdn.label', 'MSISDN', TO_DATE('2013-02-11 13:15:17','yyyy-mm-dd hh24:mi:ss'));
 INSERT INTO CMN_APPLICATION_RESOURCE(ID, LANGUAGE_ID, MSGKEY, VAL, LAST_UPDATE) VALUES(6004, '1', 'cardholder.msisdn.label', 'MSISDN', TO_DATE('2013-02-11 13:15:17','yyyy-mm-dd hh24:mi:ss'));
 INSERT INTO CMN_APPLICATION_RESOURCE(ID, LANGUAGE_ID, MSGKEY, VAL, LAST_UPDATE) VALUES(6005, '10', 'cardholder.secureElement.label', 'SEID', TO_DATE('2013-02-11 13:15:17','yyyy-mm-dd hh24:mi:ss'));
 INSERT INTO CMN_APPLICATION_RESOURCE(ID, LANGUAGE_ID, MSGKEY, VAL, LAST_UPDATE) VALUES(6006, '1', 'cardholder.secureElement.label', 'SEID', TO_DATE('2013-02-11 13:15:17','yyyy-mm-dd hh24:mi:ss'));
 INSERT INTO CMN_APPLICATION_RESOURCE(ID, LANGUAGE_ID, MSGKEY, VAL, LAST_UPDATE) VALUES(6007, '10', 'cardholder.titlesPrefix.label', 'Carrier', TO_DATE('2013-02-11 13:15:17','yyyy-mm-dd hh24:mi:ss'));
 INSERT INTO CMN_APPLICATION_RESOURCE(ID, LANGUAGE_ID, MSGKEY, VAL, LAST_UPDATE) VALUES(6008, '1', 'cardholder.carrier.label', 'Carrier', TO_DATE('2013-02-11 13:15:17','yyyy-mm-dd hh24:mi:ss'));
 INSERT INTO CMN_APPLICATION_RESOURCE(ID, LANGUAGE_ID, MSGKEY, VAL, LAST_UPDATE) VALUES(6009, '10', 'cardholder.walletId.label', 'Wallet Id', TO_DATE('2013-02-11 13:15:17','yyyy-mm-dd hh24:mi:ss'));
 INSERT INTO CMN_APPLICATION_RESOURCE(ID, LANGUAGE_ID, MSGKEY, VAL, LAST_UPDATE) VALUES(6010, '1', 'cardholder.walletId.label', 'Wallet Id', TO_DATE('2013-02-11 13:15:17','yyyy-mm-dd hh24:mi:ss'));
 INSERT INTO CMN_APPLICATION_RESOURCE(ID, LANGUAGE_ID, MSGKEY, VAL, LAST_UPDATE) VALUES(6011, '10', 'card.contactlessChipNumber.label', 'MNO', TO_DATE('2013-02-11 13:15:17','yyyy-mm-dd hh24:mi:ss'));
 INSERT INTO CMN_APPLICATION_RESOURCE(ID, LANGUAGE_ID, MSGKEY, VAL, LAST_UPDATE) VALUES(6012, '1', 'card.contactlessChipNumber.label', 'MNO', TO_DATE('2013-02-11 13:15:17','yyyy-mm-dd hh24:mi:ss'));
 INSERT INTO CMN_APPLICATION_RESOURCE(ID, LANGUAGE_ID, MSGKEY, VAL, LAST_UPDATE) VALUES(6013, '10', 'card.contactChipNumber.label', 'SEID', TO_DATE('2013-02-11 13:15:17','yyyy-mm-dd hh24:mi:ss'));
 INSERT INTO CMN_APPLICATION_RESOURCE(ID, LANGUAGE_ID, MSGKEY, VAL, LAST_UPDATE) VALUES(6014, '1', 'card.contactChipNumber.label', 'SEID', TO_DATE('2013-02-11 13:15:17','yyyy-mm-dd hh24:mi:ss'));
 INSERT INTO CMN_APPLICATION_RESOURCE(ID, LANGUAGE_ID, MSGKEY, VAL, LAST_UPDATE) VALUES(6015, '10', 'card.nameOnCard.label', 'MSISDN', TO_DATE('2013-02-11 13:15:17','yyyy-mm-dd hh24:mi:ss'));
 INSERT INTO CMN_APPLICATION_RESOURCE(ID, LANGUAGE_ID, MSGKEY, VAL, LAST_UPDATE) VALUES(6016, '1', 'card.nameOnCard.label', 'MSISDN', TO_DATE('2013-02-11 13:15:17','yyyy-mm-dd hh24:mi:ss'));
 INSERT INTO CMN_APPLICATION_RESOURCE(ID, LANGUAGE_ID, MSGKEY, VAL, LAST_UPDATE) VALUES(6017, '10', 'cardholder.imei.label', 'IMEI', TO_DATE('2013-02-11 13:15:17','yyyy-mm-dd hh24:mi:ss'));
 INSERT INTO CMN_APPLICATION_RESOURCE(ID, LANGUAGE_ID, MSGKEY, VAL, LAST_UPDATE) VALUES(6018, '1', 'cardholder.imei.label', 'IMEI', TO_DATE('2013-02-11 13:15:17','yyyy-mm-dd hh24:mi:ss'));
 INSERT INTO CMN_APPLICATION_RESOURCE(ID, LANGUAGE_ID, MSGKEY, VAL, LAST_UPDATE) VALUES(6023, '10', 'cardType.photoSignatureValidity.label', 'Token validity period (in days)', TO_DATE('2013-02-11 13:15:17','yyyy-mm-dd hh24:mi:ss'));
 INSERT INTO CMN_APPLICATION_RESOURCE(ID, LANGUAGE_ID, MSGKEY, VAL, LAST_UPDATE) VALUES(6024, '1', 'cardType.photoSignatureValidity.label', 'Token validity period (in days)', TO_DATE('2013-02-11 13:15:17','yyyy-mm-dd hh24:mi:ss'));
 INSERT INTO CMN_APPLICATION_RESOURCE(ID, LANGUAGE_ID, MSGKEY, VAL, LAST_UPDATE) VALUES(6025, '10', 'card.distinguishedName', 'Hashed PAN', TO_DATE('2013-02-11 13:15:17','yyyy-mm-dd hh24:mi:ss'));
 INSERT INTO CMN_APPLICATION_RESOURCE(ID, LANGUAGE_ID, MSGKEY, VAL, LAST_UPDATE) VALUES(6026, '1', 'card.distinguishedName', 'Hashed PAN', TO_DATE('2013-02-11 13:15:17','yyyy-mm-dd hh24:mi:ss'));
 INSERT INTO CMN_APPLICATION_RESOURCE(ID, LANGUAGE_ID, MSGKEY, VAL, LAST_UPDATE) VALUES(6027, '10', 'card.fascNumber', 'IMEI', TO_DATE('2013-02-11 13:15:17','yyyy-mm-dd hh24:mi:ss'));
 INSERT INTO CMN_APPLICATION_RESOURCE(ID, LANGUAGE_ID, MSGKEY, VAL, LAST_UPDATE) VALUES(6028, '1', 'card.fascNumber', 'IMEI', TO_DATE('2013-02-11 13:15:17','yyyy-mm-dd hh24:mi:ss'));
 INSERT INTO CMN_APPLICATION_RESOURCE(ID, LANGUAGE_ID, MSGKEY, VAL, LAST_UPDATE) VALUES(6029, '1', 'card.identificationNumber', 'Client ID', TO_DATE('2013-02-11 13:15:17','yyyy-mm-dd hh24:mi:ss'));
 INSERT INTO CMN_APPLICATION_RESOURCE(ID, LANGUAGE_ID, MSGKEY, VAL, LAST_UPDATE) VALUES(6030, '10', 'card.identificationNumber', 'Client ID', TO_DATE('2013-02-11 13:15:17','yyyy-mm-dd hh24:mi:ss'));

 INSERT INTO CAMS_C_TYPE_CPO(ID, NAME, ID_LIFECYCLE) VALUES(21, 'Default Type Production Order', 21);
 INSERT INTO CAMS_ISSUER(ID, NAME) VALUES(61, 'Unknown');
 INSERT INTO CAMS_TARGET_GROUP(ID, NAME, ID_LIFECYCLE, ID_ISSUER) VALUES(61, 'Unknown', 1, 61);
 INSERT INTO CAMS_CARD_FAMILY(ID, NAME, IND_PRODUCE, ID_PERSONALIZER, DAYS_IN_PRODUCTION, CARD_MAX_IN_BATCH) VALUES(61, 'Unknown', 0, 0, 0, 10000);
 
 INSERT INTO CAMS_TYPE_CARD(ID, NAME, DESCRIPTION, ID_CARD_FAMILY, ID_EVENT_CODE_GENERATION, ID_LIFECYCLE, IND_CONTACT_CHIP, IND_CONTACTLESS_CHIP, IND_PINCODE, IND_ANONYMOUS, CARD_MAXIMUM) 
 VALUES(61, 'Unknown', 'Unknown', 61, 57, 61, 0, 0, 0, 0, '9999');
 INSERT INTO CAMS_C_CARDPROGRAM(ID, NAME, DESCRIPTION, NBR_TOKENS_TO_REPL, AID, MOBILE_PIN_ENABLED, MSD_SUPPORTED,REM_PAY_SUPPORTED, CONTACTLESS_PAY_SUPPORTED, CHIP_SUPPORTED, ODA_TIME2LIVE_THRESHOLD)  
 VALUES(0, 'NO-APP', 'No Applications',5, UTL_ENCODE.BASE64_DECODE(UTL_RAW.CAST_TO_RAW('oAAAAAMQEA==')),'0','0','0','1','1','1'); 
 INSERT INTO CAMS_X_TYPE_CARD_TARGET_GROUP(ID_TYPE_CARD, ID_TARGET_GROUP) VALUES(61, 61);
 INSERT INTO CAMS_X_CARDPROGRAM_TYPE_CARD(ID_CARDPROGRAM, ID_TYPE_CARD) VALUES(0, 61);                
 INSERT INTO CAMS_C_TYPE_ADDON_FILE(ID, NAME, DESCRIPTION, ID_TABLE_NAME) VALUES(71, 'Dictionary', 'Dictionary/Tag list', 6);
 
PROMPT ======================
PROMPT KMS CONFIGURATION
PROMPT ======================
 INSERT INTO KMS_IOPROCEDURE(ID, NAME, DESCRIPTION, IND_PINREQURED, IMPLEMENTATION, DIRECTION, IMPLEMENTATION_AVAILABLE) VALUES(1002, 'IMPORT_KEY_FROM_HSM', 'Import Key From HSM', 0, 'Import_Key_From_HSM', 1, 1);
 INSERT INTO KMS_IOPROCEDURE(ID, NAME, DESCRIPTION, IND_PINREQURED, IMPLEMENTATION, DIRECTION, IMPLEMENTATION_AVAILABLE) VALUES(1003, 'IMPORT_SECRET_KEY_USING_3_CLEARTEXT_COMPONENTS', 'Import Secret Key Using 3 Cleartext Components', 0, 'Import_Secret_Key_Using_3_Cleartext_Components', 1, 1);
 INSERT INTO KMS_IOPROCEDURE(ID, NAME, DESCRIPTION, IND_PINREQURED, IMPLEMENTATION, DIRECTION, IMPLEMENTATION_AVAILABLE) VALUES(1004, 'IMPORT_SECRET_KEY_USING_2_CLEARTEXT_COMPONENTS', 'Import Secret Key Using 2 Cleartext Components', 0, 'Import_Secret_Key_Using_2_Cleartext_Components', 1, 1);
 INSERT INTO KMS_IOPROCEDURE(ID, NAME, DESCRIPTION, IND_PINREQURED, IMPLEMENTATION, DIRECTION, IMPLEMENTATION_AVAILABLE) VALUES(1005, 'IMPORT_X509_CERTIFICATE', 'Import X509 Certificate', 0, 'Import_X509_Certificate', 1, 1);
 INSERT INTO KMS_IOPROCEDURE(ID, NAME, DESCRIPTION, IND_PINREQURED, IMPLEMENTATION, DIRECTION, IMPLEMENTATION_AVAILABLE) VALUES(1006, 'IMPORT_RSA_PRIVATE_KEY_ENCRYPTED', 'Import RSA Private Key Encrypted', 0, 'Import_RSA_Private_Key_Encrypted', 1, 1);
 INSERT INTO KMS_IOPROCEDURE(ID, NAME, DESCRIPTION, IND_PINREQURED, IMPLEMENTATION, DIRECTION, IMPLEMENTATION_AVAILABLE) VALUES(1009, 'IMPORT_RSA_PUBLIC_KEY', 'Import RSA Public Key', 0, 'Import_RSA_Public_Key', 1, 1);
 INSERT INTO KMS_IOPROCEDURE(ID, NAME, DESCRIPTION, IND_PINREQURED, IMPLEMENTATION, DIRECTION, IMPLEMENTATION_AVAILABLE) VALUES(1013, 'IMPORT_WORKING_KEY_ENCRYPTED', 'Import Working Key Encrypted', 0, 'Import_Working_Key_Encrypted', 1, 1);
 INSERT INTO KMS_IOPROCEDURE(ID, NAME, DESCRIPTION, IND_PINREQURED, IMPLEMENTATION, DIRECTION, IMPLEMENTATION_AVAILABLE) VALUES(1015, 'EXPORT_X509_CERTIFICATE', 'Export X509 Certificate', 0, 'Export_X509_Certificate', 2, 1);
 INSERT INTO KMS_IOPROCEDURE(ID, NAME, DESCRIPTION, IND_PINREQURED, IMPLEMENTATION, DIRECTION, IMPLEMENTATION_AVAILABLE) VALUES(1016, 'EXPORT_SECRET_KEY_USING_2_CLEARTEXT_COMPONENTS', 'Export Secret Key Using 2 Cleartext Components', 0, 'Export_Secret_Key_Using_2_Cleartext_Components', 2, 1);
 INSERT INTO KMS_IOPROCEDURE(ID, NAME, DESCRIPTION, IND_PINREQURED, IMPLEMENTATION, DIRECTION, IMPLEMENTATION_AVAILABLE) VALUES(1017, 'EXPORT_KEY_TO_HSM', 'Export Key To HSM', 0, 'Export_Key_To_HSM', 2, 1);
 INSERT INTO KMS_IOPROCEDURE(ID, NAME, DESCRIPTION, IND_PINREQURED, IMPLEMENTATION, DIRECTION, IMPLEMENTATION_AVAILABLE) VALUES(1018, 'EXPORT_SECRET_KEY_USING_3_CLEARTEXT_COMPONENTS', 'Export Secret Key Using 3 Cleartext Components', 0, 'Export_Secret_Key_Using_3_Cleartext_Components', 2, 1);
 INSERT INTO KMS_IOPROCEDURE(ID, NAME, DESCRIPTION, IND_PINREQURED, IMPLEMENTATION, DIRECTION, IMPLEMENTATION_AVAILABLE) VALUES(1019, 'EXPORT_PKCS10_CERTIFICATE_REQUEST', 'Export PKCS10 Certificate Request', 0, 'Export_PKCS10_Certificate_Request', 2, 1);
 INSERT INTO KMS_IOPROCEDURE(ID, NAME, DESCRIPTION, IND_PINREQURED, IMPLEMENTATION, DIRECTION, IMPLEMENTATION_AVAILABLE) VALUES(1020, 'EXPORT_RSA_PUBLIC_KEY', 'Export RSA Public Key', 0, 'Export_RSA_Public_Key', 2, 1);
 INSERT INTO KMS_IOPROCEDURE(ID, NAME, DESCRIPTION, IND_PINREQURED, IMPLEMENTATION, DIRECTION, IMPLEMENTATION_AVAILABLE) VALUES(1021, 'EXPORT_KEYS_AND_PINS_ENCRYPTED_WITH_SESSION_KEY', 'Export KEYs and PINs Encrypted With Session Key', 0, 'Export_KEYs_and_PINs_Encrypted_With_Session_Key', 2, 1);
 INSERT INTO KMS_IOPROCEDURE(ID, NAME, DESCRIPTION, IND_PINREQURED, IMPLEMENTATION, DIRECTION, IMPLEMENTATION_AVAILABLE) VALUES(1024, 'EXPORT_WORKING_KEY_ENCRYPTED', 'Export Working Key Encrypted', 0, 'Export_Working_Key_Encrypted', 2, 1);
 INSERT INTO KMS_IOPROCEDURE(ID, NAME, DESCRIPTION, IND_PINREQURED, IMPLEMENTATION, DIRECTION, IMPLEMENTATION_AVAILABLE) VALUES(1025, 'EXPORT_RSA_PRIVATE_KEY_ENCRYPTED', 'Export RSA Private Key Encrypted', 0, 'Export_RSA_Private_Key_Encrypted', 2, 1);
 INSERT INTO KMS_IOPROCEDURE(ID, NAME, DESCRIPTION, IND_PINREQURED, IMPLEMENTATION, DIRECTION, IMPLEMENTATION_AVAILABLE) VALUES(1028, 'EXPORT_MSK', 'Export MSK', 0, 'Export_MSK', 2, 1);
 INSERT INTO KMS_IOPROCEDURE(ID, NAME, DESCRIPTION, IND_PINREQURED, IMPLEMENTATION, DIRECTION, IMPLEMENTATION_AVAILABLE) VALUES(1100, 'IMPORT_PKCS12', 'Import PKCS12', 0, 'Import_PKCS12', 1, 1);
 INSERT INTO KMS_IOPROCEDURE(ID, NAME, DESCRIPTION, IND_PINREQURED, IMPLEMENTATION, DIRECTION, IMPLEMENTATION_AVAILABLE) VALUES(1101, 'MCHIP_IMPORT_ISSUER_CERTIFICATE', 'MCHIP Import Issuer Certificate', 0, 'MCHIP_Import_Issuer_Certificate', 1, 1);
 INSERT INTO KMS_IOPROCEDURE_APPLICABILITY(ID, ID_IOPROCEDURE, KEY_TYPE, KEY_ALGORITHM, KEY_ROLE) VALUES(1002, 1002, 1, 4, 4);
 INSERT INTO KMS_IOPROCEDURE(ID, NAME, DESCRIPTION, IND_PINREQURED, IMPLEMENTATION, DIRECTION, IMPLEMENTATION_AVAILABLE) VALUES(1102, 'AEIPS_IMPORT_ISSUER_CERTIFICATE', 'AEIPS Import Issuer Certificate', 0, 'AEIPS_Import_Issuer_Certificate', 1, 1);
 INSERT INTO KMS_IOPROCEDURE_APPLICABILITY(ID, ID_IOPROCEDURE, KEY_TYPE, KEY_ALGORITHM, KEY_ROLE) VALUES(1003, 1002, 1, 2, 4);
 INSERT INTO KMS_IOPROCEDURE(ID, NAME, DESCRIPTION, IND_PINREQURED, IMPLEMENTATION, DIRECTION, IMPLEMENTATION_AVAILABLE) VALUES(1103, 'IMPORT_EC_PUBLIC_KEY', 'Import EC Public Key', 0, 'Import_EC_Public_Key', 1, 1);
 INSERT INTO KMS_IOPROCEDURE_APPLICABILITY(ID, ID_IOPROCEDURE, KEY_TYPE, KEY_ALGORITHM, KEY_ROLE) VALUES(1004, 1002, 1, 3, 4);
 INSERT INTO KMS_IOPROCEDURE(ID, NAME, DESCRIPTION, IND_PINREQURED, IMPLEMENTATION, DIRECTION, IMPLEMENTATION_AVAILABLE) VALUES(1104, 'IMPORT_EC_PRIVATE_KEY_ENCRYPTED', 'Import EC Private Key Encrypted', 0, 'Import_EC_Private_Key_Encrypted', 1, 1);
 INSERT INTO KMS_IOPROCEDURE_APPLICABILITY(ID, ID_IOPROCEDURE, KEY_TYPE, KEY_ALGORITHM, KEY_ROLE) VALUES(1005, 1002, 3, 6, 4);
 INSERT INTO KMS_IOPROCEDURE(ID, NAME, DESCRIPTION, IND_PINREQURED, IMPLEMENTATION, DIRECTION, IMPLEMENTATION_AVAILABLE) VALUES(1105, 'VSDC_IMPORT_CA_PUBLIC_KEY', 'VSDC Import CA Public Key', 0, 'VSDC_Import_CA_Public_Key', 1, 1);
 INSERT INTO KMS_IOPROCEDURE_APPLICABILITY(ID, ID_IOPROCEDURE, KEY_TYPE, KEY_ALGORITHM, KEY_ROLE) VALUES(1006, 1002, 2, 6, 4);
 INSERT INTO KMS_IOPROCEDURE(ID, NAME, DESCRIPTION, IND_PINREQURED, IMPLEMENTATION, DIRECTION, IMPLEMENTATION_AVAILABLE) VALUES(1106, 'VSDC_IMPORT_ISSUER_CERTIFICATE', 'VSDC Import Issuer Certificate', 0, 'VSDC_Import_Issuer_Certificate', 1, 1);
 INSERT INTO KMS_IOPROCEDURE_APPLICABILITY(ID, ID_IOPROCEDURE, KEY_TYPE, KEY_ALGORITHM, KEY_ROLE) VALUES(1007, 1002, 1, 1, 4);
 INSERT INTO KMS_IOPROCEDURE(ID, NAME, DESCRIPTION, IND_PINREQURED, IMPLEMENTATION, DIRECTION, IMPLEMENTATION_AVAILABLE) VALUES(1107, 'INTERAC_IMPORT_ISSUER_CERTIFICATE', 'Interac Import Issuer Certificate', 0, 'Interac_Import_Issuer_Certificate', 1, 1);
 INSERT INTO KMS_IOPROCEDURE_APPLICABILITY(ID, ID_IOPROCEDURE, KEY_TYPE, KEY_ALGORITHM, KEY_ROLE) VALUES(1008, 1003, 1, 1, 3);
 INSERT INTO KMS_IOPROCEDURE(ID, NAME, DESCRIPTION, IND_PINREQURED, IMPLEMENTATION, DIRECTION, IMPLEMENTATION_AVAILABLE) VALUES(1108, 'IMPORT_GP_CERTIFICATE', 'Import GP Certificate', 0, 'Import_GP_Certificate', 1, 1);
 INSERT INTO KMS_IOPROCEDURE_APPLICABILITY(ID, ID_IOPROCEDURE, KEY_TYPE, KEY_ALGORITHM, KEY_ROLE) VALUES(1009, 1003, 1, 1, 4);
 INSERT INTO KMS_IOPROCEDURE(ID, NAME, DESCRIPTION, IND_PINREQURED, IMPLEMENTATION, DIRECTION, IMPLEMENTATION_AVAILABLE) VALUES(1109, 'P3_IMPORT_RSA', 'P3 Import RSA', 0, 'P3_Import_RSA', 1, 1);
 INSERT INTO KMS_IOPROCEDURE_APPLICABILITY(ID, ID_IOPROCEDURE, KEY_TYPE, KEY_ALGORITHM, KEY_ROLE) VALUES(1010, 1003, 1, 2, 3);
 INSERT INTO KMS_IOPROCEDURE(ID, NAME, DESCRIPTION, IND_PINREQURED, IMPLEMENTATION, DIRECTION, IMPLEMENTATION_AVAILABLE) VALUES(1110, 'MCHIP_IMPORT_CA_PUBLIC_KEY', 'MCHIP Import CA Public Key', 0, 'MCHIP_Import_CA_Public_Key', 1, 1);
 INSERT INTO KMS_IOPROCEDURE_APPLICABILITY(ID, ID_IOPROCEDURE, KEY_TYPE, KEY_ALGORITHM, KEY_ROLE) VALUES(1011, 1003, 1, 2, 4);
 INSERT INTO KMS_IOPROCEDURE(ID, NAME, DESCRIPTION, IND_PINREQURED, IMPLEMENTATION, DIRECTION, IMPLEMENTATION_AVAILABLE) VALUES(1111, 'P3_IMPORT_DES', 'P3 Import DES', 0, 'P3_Import_DES', 1, 1);
 INSERT INTO KMS_IOPROCEDURE_APPLICABILITY(ID, ID_IOPROCEDURE, KEY_TYPE, KEY_ALGORITHM, KEY_ROLE) VALUES(1012, 1003, 1, 3, 3);
 INSERT INTO KMS_IOPROCEDURE(ID, NAME, DESCRIPTION, IND_PINREQURED, IMPLEMENTATION, DIRECTION, IMPLEMENTATION_AVAILABLE) VALUES(1112, 'AEIPS_IMPORT_CA_PUBLIC_KEY', 'AEIPS Import CA Public Key', 0, 'AEIPS_Import_CA_Public_Key', 1, 1);
 INSERT INTO KMS_IOPROCEDURE_APPLICABILITY(ID, ID_IOPROCEDURE, KEY_TYPE, KEY_ALGORITHM, KEY_ROLE) VALUES(1013, 1003, 1, 3, 4);
 INSERT INTO KMS_IOPROCEDURE(ID, NAME, DESCRIPTION, IND_PINREQURED, IMPLEMENTATION, DIRECTION, IMPLEMENTATION_AVAILABLE) VALUES(1113, 'INTERAC_IMPORT_CA_PUBLIC_KEY', 'Interac Import CA Public Key', 0, 'Interac_Import_CA_Public_Key', 1, 1);
 INSERT INTO KMS_IOPROCEDURE_APPLICABILITY(ID, ID_IOPROCEDURE, KEY_TYPE, KEY_ALGORITHM, KEY_ROLE) VALUES(1014, 1004, 1, 3, 4);
 INSERT INTO KMS_IOPROCEDURE(ID, NAME, DESCRIPTION, IND_PINREQURED, IMPLEMENTATION, DIRECTION, IMPLEMENTATION_AVAILABLE) VALUES(1114, 'EXPORT_EC_PRIVATE_KEY_ENCRYPTED', 'Export EC Private Key Encrypted', 0, 'Export_EC_Private_Key_Encrypted', 2, 1);
 INSERT INTO KMS_IOPROCEDURE_APPLICABILITY(ID, ID_IOPROCEDURE, KEY_TYPE, KEY_ALGORITHM, KEY_ROLE) VALUES(1015, 1004, 1, 2, 3);
 INSERT INTO KMS_IOPROCEDURE(ID, NAME, DESCRIPTION, IND_PINREQURED, IMPLEMENTATION, DIRECTION, IMPLEMENTATION_AVAILABLE) VALUES(1115, 'EXPORT_EC_PUBLIC_KEY', 'Export EC Public Key', 0, 'Export_EC_Public_Key', 2, 1);
 INSERT INTO KMS_IOPROCEDURE_APPLICABILITY(ID, ID_IOPROCEDURE, KEY_TYPE, KEY_ALGORITHM, KEY_ROLE) VALUES(1016, 1004, 1, 2, 4);
 INSERT INTO KMS_IOPROCEDURE(ID, NAME, DESCRIPTION, IND_PINREQURED, IMPLEMENTATION, DIRECTION, IMPLEMENTATION_AVAILABLE) VALUES(1116, 'P3_EXPORT_DES', 'P3 Export DES', 0, 'P3_Export_DES', 2, 1);
 INSERT INTO KMS_IOPROCEDURE_APPLICABILITY(ID, ID_IOPROCEDURE, KEY_TYPE, KEY_ALGORITHM, KEY_ROLE) VALUES(1017, 1004, 1, 1, 3);
 INSERT INTO KMS_IOPROCEDURE(ID, NAME, DESCRIPTION, IND_PINREQURED, IMPLEMENTATION, DIRECTION, IMPLEMENTATION_AVAILABLE) VALUES(1117, 'MCHIP_EXPORT_ISSUER_PUBLIC_KEY', 'MCHIP Export Issuer Public Key', 0, 'MCHIP_Export_Issuer_Public_Key', 2, 1);
 INSERT INTO KMS_IOPROCEDURE_APPLICABILITY(ID, ID_IOPROCEDURE, KEY_TYPE, KEY_ALGORITHM, KEY_ROLE) VALUES(1018, 1004, 1, 1, 4);
 INSERT INTO KMS_IOPROCEDURE(ID, NAME, DESCRIPTION, IND_PINREQURED, IMPLEMENTATION, DIRECTION, IMPLEMENTATION_AVAILABLE) VALUES(1118, 'P3_EXPORT_RSA', 'P3 Export RSA', 0, 'P3_Export_RSA', 2, 1);
 INSERT INTO KMS_IOPROCEDURE_APPLICABILITY(ID, ID_IOPROCEDURE, KEY_TYPE, KEY_ALGORITHM, KEY_ROLE) VALUES(1019, 1004, 1, 3, 3);
 INSERT INTO KMS_IOPROCEDURE(ID, NAME, DESCRIPTION, IND_PINREQURED, IMPLEMENTATION, DIRECTION, IMPLEMENTATION_AVAILABLE) VALUES(1119, 'AEIPS_EXPORT_ISSUER_PUBLIC_KEY', 'AEIPS Export Issuer Public Key', 0, 'AEIPS_Export_Issuer_Public_Key', 2, 1);
 INSERT INTO KMS_IOPROCEDURE_APPLICABILITY(ID, ID_IOPROCEDURE, KEY_TYPE, KEY_ALGORITHM, KEY_ROLE) VALUES(1020, 1005, 5, 6, 4);
 INSERT INTO KMS_IOPROCEDURE(ID, NAME, DESCRIPTION, IND_PINREQURED, IMPLEMENTATION, DIRECTION, IMPLEMENTATION_AVAILABLE) VALUES(1120, 'INTERAC_EXPORT_ISSUER_PUBLIC_KEY', 'Interac Export Issuer Public Key', 0, 'Interac_Export_Issuer_Public_Key', 2, 1);
 INSERT INTO KMS_IOPROCEDURE_APPLICABILITY(ID, ID_IOPROCEDURE, KEY_TYPE, KEY_ALGORITHM, KEY_ROLE) VALUES(1021, 1005, 5, 6, 3);
 INSERT INTO KMS_IOPROCEDURE(ID, NAME, DESCRIPTION, IND_PINREQURED, IMPLEMENTATION, DIRECTION, IMPLEMENTATION_AVAILABLE) VALUES(1121, 'VSDC_EXPORT_ISSUER_PUBLIC_KEY', 'VSDC Export Issuer Public Key', 0, 'VSDC_Export_Issuer_Public_Key', 2, 1);
 INSERT INTO KMS_IOPROCEDURE_APPLICABILITY(ID, ID_IOPROCEDURE, KEY_TYPE, KEY_ALGORITHM, KEY_ROLE) VALUES(1022, 1006, 2, 6, 3);
 INSERT INTO KMS_IOPROCEDURE_APPLICABILITY(ID, ID_IOPROCEDURE, KEY_TYPE, KEY_ALGORITHM, KEY_ROLE) VALUES(1023, 1006, 2, 6, 4);
 INSERT INTO KMS_IOPROCEDURE_APPLICABILITY(ID, ID_IOPROCEDURE, KEY_TYPE, KEY_ALGORITHM, KEY_ROLE) VALUES(1026, 1009, 3, 6, 3);
 INSERT INTO KMS_IOPROCEDURE_APPLICABILITY(ID, ID_IOPROCEDURE, KEY_TYPE, KEY_ALGORITHM, KEY_ROLE) VALUES(1027, 1009, 3, 6, 4);
 INSERT INTO KMS_IOPROCEDURE_APPLICABILITY(ID, ID_IOPROCEDURE, KEY_TYPE, KEY_ALGORITHM, KEY_ROLE) VALUES(1031, 1013, 1, 1, 4);
 INSERT INTO KMS_IOPROCEDURE_APPLICABILITY(ID, ID_IOPROCEDURE, KEY_TYPE, KEY_ALGORITHM, KEY_ROLE) VALUES(1032, 1013, 2, 6, 4);
 INSERT INTO KMS_IOPROCEDURE_APPLICABILITY(ID, ID_IOPROCEDURE, KEY_TYPE, KEY_ALGORITHM, KEY_ROLE) VALUES(1033, 1013, 1, 2, 4);
 INSERT INTO KMS_IOPROCEDURE_APPLICABILITY(ID, ID_IOPROCEDURE, KEY_TYPE, KEY_ALGORITHM, KEY_ROLE) VALUES(1034, 1013, 1, 3, 4);
 INSERT INTO KMS_IOPROCEDURE_APPLICABILITY(ID, ID_IOPROCEDURE, KEY_TYPE, KEY_ALGORITHM, KEY_ROLE) VALUES(1035, 1013, 1, 4, 4);
 INSERT INTO KMS_IOPROCEDURE_APPLICABILITY(ID, ID_IOPROCEDURE, KEY_TYPE, KEY_ALGORITHM, KEY_ROLE) VALUES(1036, 1013, 1, 5, 4);
 INSERT INTO KMS_IOPROCEDURE_APPLICABILITY(ID, ID_IOPROCEDURE, KEY_TYPE, KEY_ALGORITHM, KEY_ROLE) VALUES(1038, 1015, 5, 6, 4);
 INSERT INTO KMS_IOPROCEDURE_APPLICABILITY(ID, ID_IOPROCEDURE, KEY_TYPE, KEY_ALGORITHM, KEY_ROLE) VALUES(1039, 1015, 5, 6, 3);
 INSERT INTO KMS_IOPROCEDURE_APPLICABILITY(ID, ID_IOPROCEDURE, KEY_TYPE, KEY_ALGORITHM, KEY_ROLE) VALUES(1040, 1016, 1, 3, 3);
 INSERT INTO KMS_IOPROCEDURE_APPLICABILITY(ID, ID_IOPROCEDURE, KEY_TYPE, KEY_ALGORITHM, KEY_ROLE) VALUES(1041, 1016, 1, 2, 3);
 INSERT INTO KMS_IOPROCEDURE_APPLICABILITY(ID, ID_IOPROCEDURE, KEY_TYPE, KEY_ALGORITHM, KEY_ROLE) VALUES(1042, 1016, 1, 1, 3);
 INSERT INTO KMS_IOPROCEDURE_APPLICABILITY(ID, ID_IOPROCEDURE, KEY_TYPE, KEY_ALGORITHM, KEY_ROLE) VALUES(1043, 1017, 3, 6, 4);
 INSERT INTO KMS_IOPROCEDURE_APPLICABILITY(ID, ID_IOPROCEDURE, KEY_TYPE, KEY_ALGORITHM, KEY_ROLE) VALUES(1044, 1017, 1, 3, 4);
 INSERT INTO KMS_IOPROCEDURE_APPLICABILITY(ID, ID_IOPROCEDURE, KEY_TYPE, KEY_ALGORITHM, KEY_ROLE) VALUES(1045, 1017, 1, 2, 4);
 INSERT INTO KMS_IOPROCEDURE_APPLICABILITY(ID, ID_IOPROCEDURE, KEY_TYPE, KEY_ALGORITHM, KEY_ROLE) VALUES(1046, 1017, 1, 1, 4);
 INSERT INTO KMS_IOPROCEDURE_APPLICABILITY(ID, ID_IOPROCEDURE, KEY_TYPE, KEY_ALGORITHM, KEY_ROLE) VALUES(1047, 1017, 1, 4, 4);
 INSERT INTO KMS_IOPROCEDURE_APPLICABILITY(ID, ID_IOPROCEDURE, KEY_TYPE, KEY_ALGORITHM, KEY_ROLE) VALUES(1048, 1017, 2, 6, 4);
 INSERT INTO KMS_IOPROCEDURE_APPLICABILITY(ID, ID_IOPROCEDURE, KEY_TYPE, KEY_ALGORITHM, KEY_ROLE) VALUES(1049, 1018, 1, 2, 3);
 INSERT INTO KMS_IOPROCEDURE_APPLICABILITY(ID, ID_IOPROCEDURE, KEY_TYPE, KEY_ALGORITHM, KEY_ROLE) VALUES(1050, 1018, 1, 3, 3);
 INSERT INTO KMS_IOPROCEDURE_APPLICABILITY(ID, ID_IOPROCEDURE, KEY_TYPE, KEY_ALGORITHM, KEY_ROLE) VALUES(1051, 1018, 1, 1, 3);
 INSERT INTO KMS_IOPROCEDURE_APPLICABILITY(ID, ID_IOPROCEDURE, KEY_TYPE, KEY_ALGORITHM, KEY_ROLE) VALUES(1052, 1019, 3, 6, 3);
 INSERT INTO KMS_IOPROCEDURE_APPLICABILITY(ID, ID_IOPROCEDURE, KEY_TYPE, KEY_ALGORITHM, KEY_ROLE) VALUES(1053, 1019, 3, 6, 4);
 INSERT INTO KMS_IOPROCEDURE_APPLICABILITY(ID, ID_IOPROCEDURE, KEY_TYPE, KEY_ALGORITHM, KEY_ROLE) VALUES(1054, 1020, 3, 6, 4);
 INSERT INTO KMS_IOPROCEDURE_APPLICABILITY(ID, ID_IOPROCEDURE, KEY_TYPE, KEY_ALGORITHM, KEY_ROLE) VALUES(1055, 1020, 3, 6, 3);
 INSERT INTO KMS_IOPROCEDURE_APPLICABILITY(ID, ID_IOPROCEDURE, KEY_TYPE, KEY_ALGORITHM, KEY_ROLE) VALUES(1056, 1021, 1, 5, 4);
 INSERT INTO KMS_IOPROCEDURE_APPLICABILITY(ID, ID_IOPROCEDURE, KEY_TYPE, KEY_ALGORITHM, KEY_ROLE) VALUES(1057, 1021, 1, 4, 4);
 INSERT INTO KMS_IOPROCEDURE_APPLICABILITY(ID, ID_IOPROCEDURE, KEY_TYPE, KEY_ALGORITHM, KEY_ROLE) VALUES(1058, 1021, 1, 2, 4);
 INSERT INTO KMS_IOPROCEDURE_APPLICABILITY(ID, ID_IOPROCEDURE, KEY_TYPE, KEY_ALGORITHM, KEY_ROLE) VALUES(1059, 1021, 1, 3, 2);
 INSERT INTO KMS_IOPROCEDURE_APPLICABILITY(ID, ID_IOPROCEDURE, KEY_TYPE, KEY_ALGORITHM, KEY_ROLE) VALUES(1060, 1021, 1, 2, 3);
 INSERT INTO KMS_IOPROCEDURE_APPLICABILITY(ID, ID_IOPROCEDURE, KEY_TYPE, KEY_ALGORITHM, KEY_ROLE) VALUES(1061, 1021, 1, 2, 2);
 INSERT INTO KMS_IOPROCEDURE_APPLICABILITY(ID, ID_IOPROCEDURE, KEY_TYPE, KEY_ALGORITHM, KEY_ROLE) VALUES(1062, 1021, 1, 3, 4);
 INSERT INTO KMS_IOPROCEDURE_APPLICABILITY(ID, ID_IOPROCEDURE, KEY_TYPE, KEY_ALGORITHM, KEY_ROLE) VALUES(1063, 1021, 1, 3, 3);
 INSERT INTO KMS_IOPROCEDURE_APPLICABILITY(ID, ID_IOPROCEDURE, KEY_TYPE, KEY_ALGORITHM, KEY_ROLE) VALUES(1064, 1021, 1, 1, 2);
 INSERT INTO KMS_IOPROCEDURE_APPLICABILITY(ID, ID_IOPROCEDURE, KEY_TYPE, KEY_ALGORITHM, KEY_ROLE) VALUES(1065, 1021, 2, 6, 4);
 INSERT INTO KMS_IOPROCEDURE_APPLICABILITY(ID, ID_IOPROCEDURE, KEY_TYPE, KEY_ALGORITHM, KEY_ROLE) VALUES(1066, 1021, 1, 1, 3);
 INSERT INTO KMS_IOPROCEDURE_APPLICABILITY(ID, ID_IOPROCEDURE, KEY_TYPE, KEY_ALGORITHM, KEY_ROLE) VALUES(1067, 1021, 1, 1, 4);
 INSERT INTO KMS_IOPROCEDURE_APPLICABILITY(ID, ID_IOPROCEDURE, KEY_TYPE, KEY_ALGORITHM, KEY_ROLE) VALUES(1068, 1021, 3, 6, 4);
 INSERT INTO KMS_IOPROCEDURE_APPLICABILITY(ID, ID_IOPROCEDURE, KEY_TYPE, KEY_ALGORITHM, KEY_ROLE) VALUES(1071, 1024, 1, 4, 4);
 INSERT INTO KMS_IOPROCEDURE_APPLICABILITY(ID, ID_IOPROCEDURE, KEY_TYPE, KEY_ALGORITHM, KEY_ROLE) VALUES(1072, 1024, 1, 2, 4);
 INSERT INTO KMS_IOPROCEDURE_APPLICABILITY(ID, ID_IOPROCEDURE, KEY_TYPE, KEY_ALGORITHM, KEY_ROLE) VALUES(1073, 1024, 2, 6, 4);
 INSERT INTO KMS_IOPROCEDURE_APPLICABILITY(ID, ID_IOPROCEDURE, KEY_TYPE, KEY_ALGORITHM, KEY_ROLE) VALUES(1074, 1024, 1, 3, 4);
 INSERT INTO KMS_IOPROCEDURE_APPLICABILITY(ID, ID_IOPROCEDURE, KEY_TYPE, KEY_ALGORITHM, KEY_ROLE) VALUES(1075, 1024, 1, 1, 4);
 INSERT INTO KMS_IOPROCEDURE_APPLICABILITY(ID, ID_IOPROCEDURE, KEY_TYPE, KEY_ALGORITHM, KEY_ROLE) VALUES(1076, 1024, 1, 5, 4);
 INSERT INTO KMS_IOPROCEDURE_APPLICABILITY(ID, ID_IOPROCEDURE, KEY_TYPE, KEY_ALGORITHM, KEY_ROLE) VALUES(1077, 1025, 2, 6, 4);
 INSERT INTO KMS_IOPROCEDURE_APPLICABILITY(ID, ID_IOPROCEDURE, KEY_TYPE, KEY_ALGORITHM, KEY_ROLE) VALUES(1078, 1025, 2, 6, 3);
 INSERT INTO KMS_IOPROCEDURE_APPLICABILITY(ID, ID_IOPROCEDURE, KEY_TYPE, KEY_ALGORITHM, KEY_ROLE) VALUES(1081, 1028, 1, 2, 1);
 INSERT INTO KMS_IOPROCEDURE_APPLICABILITY(ID, ID_IOPROCEDURE, KEY_TYPE, KEY_ALGORITHM, KEY_ROLE) VALUES(1082, 1028, 1, 3, 1);
 INSERT INTO KMS_IOPROCEDURE_APPLICABILITY(ID, ID_IOPROCEDURE, KEY_TYPE, KEY_ALGORITHM, KEY_ROLE) VALUES(1100, 1002, 3, 6, 3);
 INSERT INTO KMS_IOPROCEDURE_APPLICABILITY(ID, ID_IOPROCEDURE, KEY_TYPE, KEY_ALGORITHM, KEY_ROLE) VALUES(1101, 1002, 3, 7, 3);

--@run_optional_solution_flavour.sql MOB CVN50

-- GENERIC_MDA
--INSERT INTO CAMS_APPLICATION_PROVIDER(ID, NAME) VALUES(710, 'GENERIC_MDA');
--INSERT INTO CAMS_APPLICATION(ID, NAME, DESCRIPTION, ID_PROVIDER) VALUES(710, 'GENERIC_MDA', 'GENERIC_MDA', 710);
--INSERT INTO CAMS_TARGET_GROUP(ID, NAME, ID_LIFECYCLE) VALUES(710, 'GENERIC_MDA_TARGETGROUP', 602);
--INSERT INTO CAMS_TYPE_CARD(ID, NAME, DESCRIPTION, ID_CARD_FAMILY, ID_LIFECYCLE, IND_CONTACT_CHIP, IND_PINCODE, IND_ANONYMOUS, ID_NUMBERING, ID_EVENT_CODE_GENERATION, CARD_VALIDITY, IND_CONTACTLESS_CHIP, CARD_MAXIMUM, PHOTO_SIGNATURE_VALIDITY)
--VALUES(710, 'GENERIC_MDA', 'Generic MDA Dataprep Type', 600, 7001, 0, 0, 0, 601, 57, 200, 1, '1', '29');
--INSERT INTO CAMS_X_TYPE_CARD_TARGET_GROUP(ID_TARGET_GROUP, ID_TYPE_CARD) VALUES(710, 710);

-- GENERIC_VISA
INSERT INTO CAMS_APPLICATION_PROVIDER(ID, NAME) VALUES(720, 'GENERIC_VISA');
INSERT INTO CAMS_APPLICATION(ID, NAME, DESCRIPTION, ID_PROVIDER) VALUES(720, 'GENERIC_VISA', 'GENERIC_VISA', 720);
INSERT INTO CAMS_TARGET_GROUP(ID, NAME, ID_LIFECYCLE) VALUES(720, 'GENERIC_VISA_TARGETGROUP', 602);
INSERT INTO CAMS_TYPE_CARD(ID, NAME, DESCRIPTION, ID_CARD_FAMILY, ID_LIFECYCLE, IND_CONTACT_CHIP, IND_PINCODE, IND_ANONYMOUS, ID_NUMBERING, ID_EVENT_CODE_GENERATION, CARD_VALIDITY, IND_CONTACTLESS_CHIP, CARD_MAXIMUM, PHOTO_SIGNATURE_VALIDITY) 
VALUES(720, 'GENERIC_VISA', 'Generic VISA Dataprep Type', 600, 7001, 0, 0, 0, 601, 57, 200, 1, '1', '29');
INSERT INTO CAMS_X_TYPE_CARD_TARGET_GROUP(ID_TARGET_GROUP, ID_TYPE_CARD) VALUES(720, 720);

-- GENERIC_MASTERCARD
--INSERT INTO CAMS_APPLICATION_PROVIDER(ID, NAME) VALUES(730, 'GENERIC_MASTERCARD');
--INSERT INTO CAMS_APPLICATION(ID, NAME, DESCRIPTION, ID_PROVIDER) VALUES(730, 'GENERIC_MASTERCARD', 'GENERIC_MASTERCARD', 730);
--INSERT INTO CAMS_TARGET_GROUP(ID, NAME, ID_LIFECYCLE) VALUES(730, 'GENERIC_MASTERCARD_TARGETGROUP', 602);
--INSERT INTO CAMS_TYPE_CARD(ID, NAME, DESCRIPTION, ID_CARD_FAMILY, ID_LIFECYCLE, IND_CONTACT_CHIP, IND_PINCODE, IND_ANONYMOUS, ID_NUMBERING, ID_EVENT_CODE_GENERATION, CARD_VALIDITY, IND_CONTACTLESS_CHIP, CARD_MAXIMUM, PHOTO_SIGNATURE_VALIDITY) 
--VALUES(730, 'GENERIC_MASTERCARD', 'Generic MASTERCARD Dataprep Type', 600, 7001, 0, 0, 0, 601, 57, 200, 1, '1', '29');
--INSERT INTO CAMS_X_TYPE_CARD_TARGET_GROUP(ID_TARGET_GROUP, ID_TYPE_CARD) VALUES(730, 730);


INSERT INTO CAMS_ADDON_FILE(ID, NAME, ID_TYPE_ADDON_FILE, RESRC) VALUES(803, 'EMV KeyProfile names', 78, 'blob:605');

-- default key profiles
INSERT INTO KMS_KEYPROFILE(ID, KEY_TYPE, VARIANT, NAME, DESCRIPTION, IND_MULTIPLE_KEY, LENGTH, KEY_ALGORITHM, KEY_ROLE, KEY_SOURCE, IND_DECRYPT, IND_DERIVE, IND_ENCRYPT, IND_EXTRACTABLE, IND_MODIFIABLE, IND_PERMANENT, IND_PRIVATE, IND_SIGN, IND_UNWRAP, IND_VERIFY, IND_WRAP, DFLT_CHAINING, NAME_GENERATOR) 
	VALUES(1000, 1, '', 'MSK_KMS', 'MSK KMS', 0, 32, 3, 1, 1, 0, 0, 1, 1, 1, 1, 0, 0, 1, 0, 1, 2, 'defaultNameGenerator');
INSERT INTO KMS_KEYPROFILE(ID, KEY_TYPE, VARIANT, NAME, DESCRIPTION, IND_MULTIPLE_KEY, LENGTH, KEY_ALGORITHM, KEY_ROLE, KEY_SOURCE, IND_DECRYPT, IND_DERIVE, IND_ENCRYPT, IND_EXTRACTABLE, IND_MODIFIABLE, IND_PERMANENT, IND_PRIVATE, IND_SIGN, IND_UNWRAP, IND_VERIFY, IND_WRAP, ID_STORAGEKEYPROFILE, DFLT_CHAINING) 
	VALUES(5100, 1, '000', 'ISSUER_KEK', 'Issuer Key Encryption Key AES for Issuer internal keys', 1, 32, 3, 2, 1, 0, 0, 1, 1, 0, 0, 0, 0, 1, 0, 1, 1000, 2);
INSERT INTO KMS_KEYPROFILE(ID, KEY_TYPE, VARIANT, NAME, DESCRIPTION, IND_MULTIPLE_KEY, LENGTH, KEY_ALGORITHM, KEY_ROLE, KEY_SOURCE, IND_DECRYPT, IND_DERIVE, IND_ENCRYPT, IND_EXTRACTABLE, IND_MODIFIABLE, IND_PERMANENT, IND_PRIVATE, IND_SIGN, IND_UNWRAP, IND_VERIFY, IND_WRAP, ID_STORAGEKEYPROFILE, DFLT_CHAINING, NAME_GENERATOR) 
	VALUES(5111, 1, '000', 'BELLID_KEK', 'Key Encryption Key AES for Bell ID AES internal working keys', 1, 32, 3, 2, 1, 1, 0, 1, 1, 0, 0, 0, 0, 1, 0, 1, 1000, 2, 'defaultNameGenerator');
INSERT INTO KMS_KEYPROFILE(ID, KEY_TYPE, VARIANT, NAME, DESCRIPTION, IND_MULTIPLE_KEY, LENGTH, KEY_ALGORITHM, KEY_ROLE, KEY_SOURCE, IND_DECRYPT, IND_DERIVE, IND_ENCRYPT, IND_EXTRACTABLE, IND_MODIFIABLE, IND_PERMANENT, IND_PRIVATE, IND_SENSITIVE, IND_SIGN, IND_UNWRAP, IND_VERIFY, IND_WRAP, ID_STORAGEKEYPROFILE, DFLT_CHAINING, NAME_GENERATOR)
	VALUES(5602, 1, '107', 'PERSO_TK', 'Encrypts UDKs within DGIs', 1, 16, 2, 4, 3, 0, 0, 1, 1, 1, 0, 0, 1, 0, 1, 0, 1, 5100, 2, 'defaultNameGenerator');
INSERT INTO KMS_KEYPROFILE(ID, KEY_TYPE, VARIANT, NAME, DESCRIPTION, IND_MULTIPLE_KEY, LENGTH, KEY_ALGORITHM, KEY_ROLE, KEY_SOURCE, IND_DECRYPT, IND_DERIVE, IND_ENCRYPT, IND_EXTRACTABLE, IND_MODIFIABLE, IND_PERMANENT, IND_PRIVATE, IND_SENSITIVE, IND_SIGN, IND_UNWRAP, IND_VERIFY, IND_WRAP, ID_STORAGEKEYPROFILE, DFLT_CHAINING, NAME_GENERATOR)
	VALUES(5603, 1, '00A', 'PERSO_PIN', 'Encrypts PIN within DGIs', 1, 16, 2, 4, 3, 1, 0, 1, 1, 1, 0, 0, 1, 0, 1, 0, 1, 5100, 2, 'defaultNameGenerator');
INSERT INTO KMS_KEYPROFILE(ID, KEY_TYPE, VARIANT, NAME, DESCRIPTION, IND_MULTIPLE_KEY, LENGTH, KEY_ALGORITHM, KEY_ROLE, KEY_SOURCE, IND_DECRYPT, IND_DERIVE, IND_ENCRYPT, IND_EXTRACTABLE, IND_MODIFIABLE, IND_PERMANENT, IND_PRIVATE, IND_SENSITIVE, IND_SIGN, IND_UNWRAP, IND_VERIFY, IND_WRAP, ID_STORAGEKEYPROFILE, DFLT_CHAINING, NAME_GENERATOR)
	VALUES(5604, 1, '00A', 'PERSO_DATA', 'Encrypts DATA within DGIs', 1, 16, 2, 4, 3, 1, 0, 1, 1, 1, 0, 0, 1, 0, 1, 0, 1, 5100, 2, 'defaultNameGenerator');
INSERT INTO KMS_KEYPROFILE(ID, KEY_TYPE, ID_KEYTYPECODE, NAME, DESCRIPTION, IND_MULTIPLE_KEY, LENGTH, KEY_ALGORITHM, KEY_ROLE, KEY_SOURCE, IND_DECRYPT, IND_DERIVE, IND_ENCRYPT, IND_EXTRACTABLE, IND_MODIFIABLE, IND_PERMANENT, IND_PRIVATE, IND_SENSITIVE, IND_SIGN, IND_UNWRAP, IND_VERIFY, IND_WRAP, ID_STORAGEKEYPROFILE, DFLT_CHAINING, NAME_GENERATOR)
        	VALUES(5605, 1, '150', 'PERSO_DATA_AES', 'Encrypts DATA within DGIs', 1, 32, 3, 4, 3, 0, 0, 1, 1, 1, 0, 0, 1, 0, 1, 0, 1, 5100, 2, 'defaultNameGenerator');
INSERT INTO KMS_KEYPROFILE(ID, KEY_TYPE, VARIANT, NAME, DESCRIPTION, IND_MULTIPLE_KEY, LENGTH, KEY_ALGORITHM, KEY_ROLE, KEY_SOURCE, IND_DECRYPT, IND_DERIVE, IND_ENCRYPT, IND_EXTRACTABLE, IND_MODIFIABLE, IND_PERMANENT, IND_PRIVATE, IND_SENSITIVE, IND_SIGN, IND_UNWRAP, IND_VERIFY, IND_WRAP, ID_STORAGEKEYPROFILE, DFLT_CHAINING, NAME_GENERATOR)
	VALUES(5114, 1, 'D0', 'ENC_PAN_KEY', 'Encrypt PAN Parameter Key (Bell ID AES internal)', 1, 32, 3, 4, 1, 1, 0, 1, 1, 1, 0, 0, 1, 0, 0, 0, 0, 5111, 2, 'defaultNameGenerator');

-- MDA key(set) profile
--INSERT INTO KMS_KEYSETPROFILE (ID, NAME, DESCRIPTION)
	--VALUES (7010, 'GENERIC_MDA_IMK_KEYSET', 'Generic Issuer Master Keys');
--INSERT INTO KMS_KEYPROFILE (ID, VARIANT, NAME, DESCRIPTION, ID_KEYSETPROFILE, IND_MULTIPLE_KEY, LENGTH, KEY_TYPE, KEY_ALGORITHM, KEY_ROLE, KEY_SOURCE,
 	--IND_DECRYPT, IND_DERIVE, IND_ENCRYPT, IND_EXTRACTABLE, IND_MODIFIABLE, IND_PERMANENT, IND_PRIVATE, IND_SIGN, IND_UNWRAP, IND_VERIFY, IND_WRAP, ID_STORAGEKEYPROFILE, DFLT_CHAINING)
	--VALUES (7011, '109', 'GENERIC_MDA_IMK_AC_KEY', 'Generic MDA Issuer Master Key for Application Cryptogram', 7010, 1, 16, 1, 2, 4, 3, 0, 1,   1, 1, 1, 0, 0, 0, 0,   0, 0, 5100, 2);
--INSERT INTO KMS_KEYPROFILE (ID, VARIANT, NAME, DESCRIPTION, ID_KEYSETPROFILE, IND_MULTIPLE_KEY, LENGTH, KEY_TYPE, KEY_ALGORITHM, KEY_ROLE, KEY_SOURCE,
 	--IND_DECRYPT, IND_DERIVE, IND_ENCRYPT, IND_EXTRACTABLE, IND_MODIFIABLE, IND_PERMANENT, IND_PRIVATE, IND_SIGN, IND_UNWRAP, IND_VERIFY, IND_WRAP, ID_STORAGEKEYPROFILE, DFLT_CHAINING)
	--VALUES (7012, '209', 'GENERIC_MDA_IMK_MAC_KEY', 'Generic MDA Issuer Master Key for Message Integrity', 7010, 1, 16, 1, 2, 4, 3, 0, 1,   1, 1, 1, 0, 0, 0, 0,   0, 0, 5100, 2);
--INSERT INTO KMS_KEYPROFILE (ID, VARIANT, NAME, DESCRIPTION, ID_KEYSETPROFILE, IND_MULTIPLE_KEY, LENGTH, KEY_TYPE, KEY_ALGORITHM, KEY_ROLE, KEY_SOURCE,
 	--IND_DECRYPT, IND_DERIVE, IND_ENCRYPT, IND_EXTRACTABLE, IND_MODIFIABLE, IND_PERMANENT, IND_PRIVATE, IND_SIGN, IND_UNWRAP, IND_VERIFY, IND_WRAP, ID_STORAGEKEYPROFILE, DFLT_CHAINING)
	--VALUES (7013, '309', 'GENERIC_MDA_IMK_ENC_KEY', 'Generic MDA Issuer Master Key for Message Confidentiality', 7010, 1, 16, 1, 2, 4, 3, 0, 1,   1, 1, 1, 0, 0, 0, 0,   0, 0, 5100, 2);
--INSERT INTO KMS_KEYPROFILE (ID, VARIANT, NAME, DESCRIPTION, ID_KEYSETPROFILE, IND_MULTIPLE_KEY, LENGTH, KEY_TYPE, KEY_ALGORITHM, KEY_ROLE, KEY_SOURCE,
 	--IND_DECRYPT, IND_DERIVE, IND_ENCRYPT, IND_EXTRACTABLE, IND_MODIFIABLE, IND_PERMANENT, IND_PRIVATE, IND_SIGN, IND_UNWRAP, IND_VERIFY, IND_WRAP, ID_STORAGEKEYPROFILE, DFLT_CHAINING)
	--VALUES (7017, '109', 'GENERIC_MDA_IMK_CVM_KEY', 'Generic MDA Issuer Master Key for Cardholder Verification', 7010, 1, 16, 1, 2, 4, 3, 0, 1,   1, 1, 1, 0, 0, 0, 0,   0, 0, 5100, 2);

--INSERT INTO KMS_KEYPROFILE ( ID, VARIANT, NAME, DESCRIPTION, ID_KEYSETPROFILE, IND_MULTIPLE_KEY, LENGTH, KEY_TYPE, KEY_ALGORITHM, KEY_ROLE, KEY_SOURCE, IND_DECRYPT, IND_DERIVE, IND_ENCRYPT, IND_EXTRACTABLE, IND_MODIFIABLE, IND_PERMANENT, IND_PRIVATE, IND_SIGN, IND_UNWRAP, IND_VERIFY, IND_WRAP, ID_STORAGEKEYPROFILE, DFLT_CHAINING)
--VALUES(7014, '209', 'MCHIP_IMK_CL', 'PPMC4 Issuer Master Key (Contactless)', 7010, 1, 16, 1, 2, 4, 3, 0, 1, 1, 1, 1, 0, 0, 0, 0, 0, 0, 5100, 2);
--INSERT INTO KMS_KEYPROFILE ( ID, VARIANT, NAME, DESCRIPTION, ID_KEYSETPROFILE, IND_MULTIPLE_KEY, LENGTH, KEY_TYPE, KEY_ALGORITHM, KEY_ROLE, KEY_SOURCE, IND_DECRYPT, IND_DERIVE, IND_ENCRYPT, IND_EXTRACTABLE, IND_MODIFIABLE, IND_PERMANENT, IND_PRIVATE, IND_SIGN, IND_UNWRAP, IND_VERIFY, IND_WRAP, ID_STORAGEKEYPROFILE, DFLT_CHAINING)
--VALUES(7015, '309', 'MCHIP_IMK_RP', 'PPMC4 Issuer Master Key (Remote Payment)', 7010, 1, 16, 1, 2, 4, 3, 0, 1, 1, 1, 1, 0, 0, 0, 0, 0, 0, 5100, 2);
--INSERT INTO KMS_KEYPROFILE ( ID, VARIANT, NAME, DESCRIPTION, ID_KEYSETPROFILE, IND_MULTIPLE_KEY, LENGTH, KEY_TYPE, KEY_ALGORITHM, KEY_ROLE, KEY_SOURCE, IND_DECRYPT, IND_DERIVE, IND_ENCRYPT, IND_EXTRACTABLE, IND_MODIFIABLE, IND_PERMANENT, IND_PRIVATE, IND_SIGN, IND_UNWRAP, IND_VERIFY, IND_WRAP, ID_STORAGEKEYPROFILE, DFLT_CHAINING)
--VALUES(7016, '509', 'MCHIP_IMK_IDN', 'PPMC4 Issuer Master Key for Dynamic Number Generation', 7010, 1, 16, 1, 2, 4, 3, 0, 1, 1, 1, 1, 0, 0, 0, 0, 0, 0, 5100, 2);


-- VISA key(set) profiles
INSERT INTO KMS_KEYSETPROFILE (ID, NAME, DESCRIPTION) 
	VALUES (7020, 'GENERIC_VISA_IMK_KEYSET', 'Generic VISA Issuer Master Keys');
INSERT INTO KMS_KEYPROFILE (ID, VARIANT, NAME, DESCRIPTION, ID_KEYSETPROFILE, IND_MULTIPLE_KEY, LENGTH, KEY_TYPE, KEY_ALGORITHM, KEY_ROLE, KEY_SOURCE,
 	IND_DECRYPT, IND_DERIVE, IND_ENCRYPT, IND_EXTRACTABLE, IND_MODIFIABLE, IND_PERMANENT, IND_PRIVATE, IND_SIGN, IND_UNWRAP, IND_VERIFY, IND_WRAP, ID_STORAGEKEYPROFILE, DFLT_CHAINING) 
	VALUES (7021, '109', 'GENERIC_VISA_IMK_AC_KEY', 'Generic VISA Issuer Master Key for Application Cryptogram', 7020, 1, 16, 1, 2, 4, 3, 0, 1,   1, 1, 1, 0, 0, 0, 0,   0, 0, 5100, 2);
INSERT INTO KMS_KEYPROFILE (ID, VARIANT, NAME, DESCRIPTION, ID_KEYSETPROFILE, IND_MULTIPLE_KEY, LENGTH, KEY_TYPE, KEY_ALGORITHM, KEY_ROLE, KEY_SOURCE,
 	IND_DECRYPT, IND_DERIVE, IND_ENCRYPT, IND_EXTRACTABLE, IND_MODIFIABLE, IND_PERMANENT, IND_PRIVATE, IND_SIGN, IND_UNWRAP, IND_VERIFY, IND_WRAP, ID_STORAGEKEYPROFILE, DFLT_CHAINING) 
	VALUES (7022, '209', 'GENERIC_VISA_IMK_MAC_KEY', 'Generic VISA Issuer Master Key for Message Integrity', 7020, 1, 16, 1, 2, 4, 3, 0, 1,   1, 1, 1, 0, 0, 0, 0,   0, 0, 5100, 2);
INSERT INTO KMS_KEYPROFILE (ID, VARIANT, NAME, DESCRIPTION, ID_KEYSETPROFILE, IND_MULTIPLE_KEY, LENGTH, KEY_TYPE, KEY_ALGORITHM, KEY_ROLE, KEY_SOURCE,
 	IND_DECRYPT, IND_DERIVE, IND_ENCRYPT, IND_EXTRACTABLE, IND_MODIFIABLE, IND_PERMANENT, IND_PRIVATE, IND_SIGN, IND_UNWRAP, IND_VERIFY, IND_WRAP, ID_STORAGEKEYPROFILE, DFLT_CHAINING) 
	VALUES (7023, '309', 'GENERIC_VISA_IMK_ENC_KEY', 'Generic VISA Issuer Master Key for Message Confidentiality', 7020, 1, 16, 1, 2, 4, 3, 0, 1,   1, 1, 1, 0, 0, 0, 0,   0, 0, 5100, 2);
INSERT INTO KMS_KEYPROFILE (ID, VARIANT, NAME, DESCRIPTION, ID_KEYSETPROFILE, IND_MULTIPLE_KEY, LENGTH, KEY_TYPE, KEY_ALGORITHM, KEY_ROLE, KEY_SOURCE,
 	IND_DECRYPT, IND_DERIVE, IND_ENCRYPT, IND_EXTRACTABLE, IND_MODIFIABLE, IND_PERMANENT, IND_PRIVATE, IND_SIGN, IND_UNWRAP, IND_VERIFY, IND_WRAP, ID_STORAGEKEYPROFILE, DFLT_CHAINING) 
	VALUES (7024, '402', 'GENERIC_VISA_IMK_ICVC_KEY', 'Generic VISA Issuer Master key for iCVC', 7020, 1, 16, 1, 2, 4, 3, 0, 1,   1, 1, 1, 0, 0, 0, 0,   0, 0, 5100, 2);
INSERT INTO KMS_KEYPROFILE (ID, VARIANT, NAME, DESCRIPTION, ID_KEYSETPROFILE, IND_MULTIPLE_KEY, LENGTH, KEY_TYPE, KEY_ALGORITHM, KEY_ROLE, KEY_SOURCE,
 	IND_DECRYPT, IND_DERIVE, IND_ENCRYPT, IND_EXTRACTABLE, IND_MODIFIABLE, IND_PERMANENT, IND_PRIVATE, IND_SIGN, IND_UNWRAP, IND_VERIFY, IND_WRAP, ID_STORAGEKEYPROFILE, DFLT_CHAINING) 
	VALUES (7025, '402', 'GENERIC_VISA_IMK_DCVV_KEY', 'Generic VISA Issuer Master Key for DCVV', 7020, 1, 16, 1, 2, 4, 3, 0, 1,   1, 1, 1, 0, 0, 0, 0,   0, 0, 5100, 2);



-- SODIUM specific
-- iPay
--INSERT INTO CAMS_APPLICATION_VERSION(ID, AV_TYPE, ID_APPLICATION, NBR_APPLICATION_VERSION, ID_TYPE_APPLICATION, ID_LIFECYCLE, ID_CHIP_DEFINITION, DATE_START_APPLICATION, DATE_END_APPLICATION, IND_DEFAULT, SIZE_APPLICATION, INSTANCE_AID)
	--VALUES (710, 'CAV', 710, 'SODIUM', 600, 7001, 600, to_timestamp('2015-02-16 00:00:00.0', 'YYYY-MM-DD HH24:MI:SS.FF1'), to_timestamp('2020-01-02 00:00:00.0', 'YYYY-MM-DD HH24:MI:SS.FF1'), 0, 0, UTL_ENCODE.BASE64_DECODE(UTL_RAW.CAST_TO_RAW('oAAAAAMQEA==')));
--INSERT INTO CAMS_C_CARDPROGRAM(ID, NAME, DESCRIPTION, NBR_TOKENS_TO_REPL, MOBILE_PIN_ENABLED, MSD_SUPPORTED, REM_PAY_SUPPORTED, CONTACTLESS_PAY_SUPPORTED, CHIP_SUPPORTED, AID, ODA_TIME2LIVE_THRESHOLD)
	--VALUES (710, 'SODIUM', 'SODIUM', 5, 0, 0, 0, 1, 1, UTL_ENCODE.BASE64_DECODE(UTL_RAW.CAST_TO_RAW('oAAAAAMQEA==')), 1);
--INSERT INTO CAMS_X_APPV_CARDPRG(ID, ID_OPTIONALITY, ID_CARDPROGRAM, ID_APPLICATION_VERSION) VALUES(710, 0, 710, 710);
--INSERT INTO CAMS_X_CARDPROGRAM_TYPE_CARD(ID_TYPE_CARD, ID_CARDPROGRAM) values (710, 710);

--INSERT INTO CAMS_ADDON_FILE(ID, NAME, ID_TYPE_ADDON_FILE, RESRC) VALUES(701, 'SODIUM Dictionary', 71, 'blob:701');
--INSERT INTO CAMS_ADDON_FILE(ID, NAME, ID_TYPE_ADDON_FILE, RESRC) VALUES(702, 'SODIUM RULE LIST', 105, 'blob:702');
--INSERT INTO CAMS_ADDON_FILE(ID, NAME, ID_TYPE_ADDON_FILE, RESRC) VALUES(703, 'SODIUM CPS MAPPING', 106, 'blob:703');

--INSERT INTO CAMS_X_APP_VER_ADDON_FILE(ID_APPLICATION_VERSION, ID_ADDON_FILE) VALUES(710, 701);
--INSERT INTO CAMS_X_APP_VER_ADDON_FILE(ID_APPLICATION_VERSION, ID_ADDON_FILE) VALUES(710, 702);
--INSERT INTO CAMS_X_APP_VER_ADDON_FILE(ID_APPLICATION_VERSION, ID_ADDON_FILE) VALUES(710, 703);

--INSERT INTO CAMS_PERSO_BUREAU (ID, NAME, NAME_3DES_TRANSPORT_KEY, CIPHER_MODE_3DES, NAME_TRANSPORT_KEY_PIN_BLOCK, CIPHER_MODE_PIN_BLOCK)
	--VALUES (710, 'SODIUM', 'PERSO_TK', 'ECB', 'PERSO_PIN', 'ECB');
--INSERT INTO CAMS_EMV_TEMPLATE (ID, ID_APPLICATION_VERSION, NAME, DESCRIPTION, ID_PERSO_BUREAU, CHIPDATA_TEMPLATE, CONFIGURATION_DATA)
	--VALUES (710, 710, 'SODIUM EMV Template', 'SODIUM EMV Template', 710, '8409A000000151435253004F09A000000151435253009F4F149F02065F2A029A039F36029F1A0295059C018A029F360200009F6A060000000000009F520C9999999999990000000100009F540C9999999999990000000100009F550C9999999999990000000100009F560C9999999999990000000100009F570C9999999999990000000100009F6B04302004819F6D044F0DE0309F730200009F79060000000000009F77060000000075009F78069999999999999F720200039F610202009F710204009F38159F59039F5A019F02069F1A025F2A029F37049F58015F2002202F5F2D046672656EBF0C049F7001039F080200025F300202209F620200019F1F005F34005F280201245F24009F07023D009F420201249F440102870101820210008C1E9F02069F03069F1A0295055F2A029A039C019F37049F45029F4C089F34038D0C910A8A0295059F37049F4C08940C08010100100102001801010057005A008E0C000000000000000061031F009F0E0500100000009F0F05FCE8FCF8009F0D05FC48EC28009F4A0182DFFFFFFF5100DFFFFFFF520403030000DFFFFFFF7881813B7B4170706C69636174696F6E205072696D617279204163636F756E74204E756D6265722E66726F6D4243447D3D7B4170706C69636174696F6E2045787069726174696F6E20446174652E66726F6D4243442E6C6566742834297D7B5365727669636520436F64652E66726F6D4243442E72696768742833297D3030303030303FDFFFFFFF77818525427B4170706C69636174696F6E205072696D617279204163636F756E74204E756D6265722E66726F6D4243447D5E202F5E7B4170706C69636174696F6E2045787069726174696F6E20446174652E66726F6D4243442E6C6566742834297D7B5365727669636520436F64652E66726F6D4243442E72696768742833297D3030303030303FDF55005F25009F7001039F6704800000409F690480020004DFFFFFFF060100DFFFFFFF530200005007496E7465726163DF7A00DF7B009F1906027710030273', null);

-- AndroidPay
--INSERT INTO CAMS_APPLICATION_VERSION(ID, AV_TYPE, ID_APPLICATION, NBR_APPLICATION_VERSION, ID_TYPE_APPLICATION, ID_LIFECYCLE, ID_CHIP_DEFINITION, DATE_START_APPLICATION, DATE_END_APPLICATION, IND_DEFAULT, SIZE_APPLICATION, INSTANCE_AID)
	--VALUES (711, 'CAV', 710, 'SODIUM_AP', 600, 7001, 600, to_timestamp('2015-02-16 00:00:00.0', 'YYYY-MM-DD HH24:MI:SS.FF1'), to_timestamp('2020-01-02 00:00:00.0', 'YYYY-MM-DD HH24:MI:SS.FF1'), 0, 0, UTL_ENCODE.BASE64_DECODE(UTL_RAW.CAST_TO_RAW('oAAAAAMQEA==')));
--INSERT INTO CAMS_C_CARDPROGRAM(ID, NAME, DESCRIPTION, NBR_TOKENS_TO_REPL, MOBILE_PIN_ENABLED, MSD_SUPPORTED, REM_PAY_SUPPORTED, CONTACTLESS_PAY_SUPPORTED, CHIP_SUPPORTED, AID, ODA_TIME2LIVE_THRESHOLD)
	--VALUES (711, 'SODIUM_ANDROIDPAY', 'SODIUM ANDROIDPAY', 5, 0, 0, 0, 1, 1, UTL_ENCODE.BASE64_DECODE(UTL_RAW.CAST_TO_RAW('oAAAAAMQEA==')), 1);
--INSERT INTO CAMS_X_APPV_CARDPRG(ID, ID_OPTIONALITY, ID_CARDPROGRAM, ID_APPLICATION_VERSION) VALUES(711, 0, 711, 711);
--INSERT INTO CAMS_X_CARDPROGRAM_TYPE_CARD(ID_TYPE_CARD, ID_CARDPROGRAM) values (710, 711);

--INSERT INTO CAMS_ADDON_FILE(ID, NAME, ID_TYPE_ADDON_FILE, RESRC) VALUES(711, 'SODIUM AndroidPay dictionary', 71, 'blob:711');
--INSERT INTO CAMS_ADDON_FILE(ID, NAME, ID_TYPE_ADDON_FILE, RESRC) VALUES(712, 'SODIUM AndroidPay rule list', 105, 'blob:712');
--INSERT INTO CAMS_ADDON_FILE(ID, NAME, ID_TYPE_ADDON_FILE, RESRC) VALUES(713, 'SODIUM AndroidPay CPS mapping', 106, 'blob:713');
--INSERT INTO CAMS_X_APP_VER_ADDON_FILE(ID_APPLICATION_VERSION, ID_ADDON_FILE) VALUES(711, 711);
--INSERT INTO CAMS_X_APP_VER_ADDON_FILE(ID_APPLICATION_VERSION, ID_ADDON_FILE) VALUES(711, 712);
--INSERT INTO CAMS_X_APP_VER_ADDON_FILE(ID_APPLICATION_VERSION, ID_ADDON_FILE) VALUES(711, 713);

--INSERT INTO CAMS_PERSO_BUREAU (ID, NAME, NAME_3DES_TRANSPORT_KEY, CIPHER_MODE_3DES, NAME_TRANSPORT_KEY_PIN_BLOCK, CIPHER_MODE_PIN_BLOCK)
	--VALUES (711, 'SODIUM_ANDROIDPAY', 'PERSO_TK', 'ECB', 'PERSO_PIN', 'ECB');
--INSERT INTO CAMS_EMV_TEMPLATE (ID, ID_APPLICATION_VERSION, NAME, DESCRIPTION, ID_PERSO_BUREAU, CHIPDATA_TEMPLATE, CONFIGURATION_DATA)
	--VALUES (711, 711, 'SODIUM ANDROIDPAY EMV Template', 'SODIUM ANDROIDPAY EMV Template', 711, '8409A000000151435253004F09A000000151435253009F4F149F02065F2A029A039F36029F1A0295059C018A029F360200009F6A060000000000009F520C9999999999990000000100009F540C9999999999990000000100009F550C9999999999990000000100009F560C9999999999990000000100009F570C9999999999990000000100009F6B04302004819F6D044F0DE0309F730200009F79060000000000009F77060000000075009F78069999999999999F720200039F610202009F710204009F38159F59039F5A019F02069F1A025F2A029F37049F58015F2002202F5F2D046672656EBF0C049F7001039F080200025F300202209F620200019F1F005F34005F280201245F24009F07023D009F420201249F440102870101820210008C1E9F02069F03069F1A0295055F2A029A039C019F37049F45029F4C089F34038D0C910A8A0295059F37049F4C08940C08010100100102001801010057005A008E0C000000000000000061031F009F0E0500100000009F0F05FCE8FCF8009F0D05FC48EC28009F4A0182DFFFFFFF5100DFFFFFFF520403030000DFFFFFFF7881813B7B4170706C69636174696F6E205072696D617279204163636F756E74204E756D6265722E66726F6D4243447D3D7B4170706C69636174696F6E2045787069726174696F6E20446174652E66726F6D4243442E6C6566742834297D7B5365727669636520436F64652E66726F6D4243442E72696768742833297D3030303030303FDFFFFFFF77818525427B4170706C69636174696F6E205072696D617279204163636F756E74204E756D6265722E66726F6D4243447D5E202F5E7B4170706C69636174696F6E2045787069726174696F6E20446174652E66726F6D4243442E6C6566742834297D7B5365727669636520436F64652E66726F6D4243442E72696768742833297D3030303030303FDF55005F25009F7001039F6704800000409F690480020004DFFFFFFF060100DFFFFFFF530200005007496E7465726163DF7A00DF7B009F1906027710030273', null);

--INSERT INTO KMS_IOSITE(ID, NAME, DESCRIPTION, ID_DFLT_EXCH_KEYPROFILE) VALUES (710, 'GENERIC_MDA', NULL, NULL);
--INSERT INTO KMS_IOKEYSETPROFILE (ID, ID_EXCH_KEYPROFILE, ID_IOPROCEDURE, ID_IOSITE) VALUES (710, null, 1003, 710);
--INSERT INTO KMS_IOKEYPROFILE (ID, ID_IOKEYSETPROFILE, ID_KEYPROFILE) VALUES (711, 710, 7011);
--INSERT INTO KMS_IOKEYPROFILE (ID, ID_IOKEYSETPROFILE, ID_KEYPROFILE) VALUES (712, 710, 7012);
--INSERT INTO KMS_IOKEYPROFILE (ID, ID_IOKEYSETPROFILE, ID_KEYPROFILE) VALUES (713, 710, 7013);

-- Samsungpay
--INSERT INTO CAMS_APPLICATION_VERSION(ID, AV_TYPE, ID_APPLICATION, NBR_APPLICATION_VERSION, ID_TYPE_APPLICATION, ID_LIFECYCLE, ID_CHIP_DEFINITION, DATE_START_APPLICATION, DATE_END_APPLICATION, IND_DEFAULT, SIZE_APPLICATION, INSTANCE_AID)
	--VALUES (811, 'CAV', 710, 'SODIUM_SP', 600, 7001, 600, to_timestamp('2015-02-16 00:00:00.0', 'YYYY-MM-DD HH24:MI:SS.FF1'), to_timestamp('2020-01-02 00:00:00.0', 'YYYY-MM-DD HH24:MI:SS.FF1'), 0, 0, UTL_ENCODE.BASE64_DECODE(UTL_RAW.CAST_TO_RAW('oAAAAAMQEA==')));
--INSERT INTO CAMS_C_CARDPROGRAM(ID, NAME, DESCRIPTION, NBR_TOKENS_TO_REPL, MOBILE_PIN_ENABLED, MSD_SUPPORTED, REM_PAY_SUPPORTED, CONTACTLESS_PAY_SUPPORTED, CHIP_SUPPORTED, AID, ODA_TIME2LIVE_THRESHOLD)
	--VALUES (811, 'SODIUM_SAMSUNGPAY', 'SODIUM SAMSUNGPAY', 5, 0, 0, 0, 1, 1, UTL_ENCODE.BASE64_DECODE(UTL_RAW.CAST_TO_RAW('oAAAAAMQEA==')), 1);
--INSERT INTO CAMS_X_APPV_CARDPRG(ID, ID_OPTIONALITY, ID_CARDPROGRAM, ID_APPLICATION_VERSION) VALUES(811, 0, 811, 811);
--INSERT INTO CAMS_X_CARDPROGRAM_TYPE_CARD(ID_TYPE_CARD, ID_CARDPROGRAM) values (710, 811);

--INSERT INTO CAMS_ADDON_FILE(ID, NAME, ID_TYPE_ADDON_FILE, RESRC) VALUES(911, 'SODIUM SamsungPay dictionary', 71, 'blob:911');
--INSERT INTO CAMS_ADDON_FILE(ID, NAME, ID_TYPE_ADDON_FILE, RESRC) VALUES(912, 'SODIUM SamsungPay rule list', 105, 'blob:912');
--INSERT INTO CAMS_ADDON_FILE(ID, NAME, ID_TYPE_ADDON_FILE, RESRC) VALUES(913, 'SODIUM SamsungPay CPS mapping', 106, 'blob:913');

--INSERT INTO CAMS_X_APP_VER_ADDON_FILE(ID_APPLICATION_VERSION, ID_ADDON_FILE) VALUES(811, 911);
--INSERT INTO CAMS_X_APP_VER_ADDON_FILE(ID_APPLICATION_VERSION, ID_ADDON_FILE) VALUES(811, 912);
--INSERT INTO CAMS_X_APP_VER_ADDON_FILE(ID_APPLICATION_VERSION, ID_ADDON_FILE) VALUES(811, 913);

---INSERT INTO CAMS_PERSO_BUREAU (ID, NAME, NAME_3DES_TRANSPORT_KEY, CIPHER_MODE_3DES, NAME_TRANSPORT_KEY_PIN_BLOCK, CIPHER_MODE_PIN_BLOCK)
	--VALUES (811, 'SODIUM_SAMSUNGPAY', 'PERSO_TK', 'ECB', 'PERSO_PIN', 'ECB');
--INSERT INTO CAMS_EMV_TEMPLATE (ID, ID_APPLICATION_VERSION, NAME, DESCRIPTION, ID_PERSO_BUREAU, CHIPDATA_TEMPLATE, CONFIGURATION_DATA)
	--VALUES (911, 811, 'SODIUM SAMSUNGPAY EMV Template', 'SODIUM SAMSUNGPAY EMV Template', 811, '8407A00000027710104F07A00000027710109F4F149F02065F2A029A039F36029F1A0295059C018A029F360200009F6A060000000000009F520C9999999999990000000100009F540C9999999999990000000100009F550C9999999999990000000100009F560C9999999999990000000100009F570C9999999999990000000100009F6B04302004819F6D044F0DE0309F730200009F79060000000000009F77060000000075009F78069999999999999F720200039F610202009F710204009F38159F59039F5A019F02069F1A025F2A029F37049F58015F2002202F5F2D046672656EBF0C049F7001039F080200025F300202209F620200019F1F005F34005F280201245F24009F07023D009F420201249F440102870101820210008C1E9F02069F03069F1A0295055F2A029A039C019F37049F45029F4C089F34038D0C910A8A0295059F37049F4C08940C08010100100102001801010057005A008E0C000000000000000061031F009F0E0500100000009F0F05FCE8FCF8009F0D05FC48EC28009F4A0182DFFFFFFF5100DFFFFFFF520403030000DFFFFFFF7881813B7B4170706C69636174696F6E205072696D617279204163636F756E74204E756D6265722E66726F6D4243447D3D7B4170706C69636174696F6E2045787069726174696F6E20446174652E66726F6D4243442E6C6566742834297D7B5365727669636520436F64652E66726F6D4243442E72696768742833297D3030303030303FDFFFFFFF77818525427B4170706C69636174696F6E205072696D617279204163636F756E74204E756D6265722E66726F6D4243447D5E202F5E7B4170706C69636174696F6E2045787069726174696F6E20446174652E66726F6D4243442E6C6566742834297D7B5365727669636520436F64652E66726F6D4243442E72696768742833297D3030303030303FDF55005F25009F7001039F6704800000409F690480020004DFFFFFFF060100DFFFFFFF530200005007496E7465726163DF7A00DF7B009F1906027710030273DF610C494E54455241435F434D4441', null);

--EcomToken
--INSERT INTO CAMS_APPLICATION_VERSION(ID, AV_TYPE, ID_APPLICATION, NBR_APPLICATION_VERSION, ID_TYPE_APPLICATION, ID_LIFECYCLE, ID_CHIP_DEFINITION, DATE_START_APPLICATION, DATE_END_APPLICATION, IND_DEFAULT, SIZE_APPLICATION, INSTANCE_AID)
	--VALUES (712, 'CAV', 710, 'SODIUM_ECOM', 600, 7001, 600, to_timestamp('2018-06-16 00:00:00.0', 'YYYY-MM-DD HH24:MI:SS.FF1'), to_timestamp('2020-01-02 00:00:00.0', 'YYYY-MM-DD HH24:MI:SS.FF1'), 0, 0, UTL_ENCODE.BASE64_DECODE(UTL_RAW.CAST_TO_RAW('oAAAAAMQEA==')));
--INSERT INTO CAMS_C_CARDPROGRAM(ID, NAME, DESCRIPTION, NBR_TOKENS_TO_REPL, MOBILE_PIN_ENABLED, MSD_SUPPORTED, REM_PAY_SUPPORTED, CONTACTLESS_PAY_SUPPORTED, CHIP_SUPPORTED, AID, ODA_TIME2LIVE_THRESHOLD)
	--VALUES (712, 'SODIUM_ECOM', 'SODIUM ECOM', 1, 0, 0, 0, 1, 1, UTL_ENCODE.BASE64_DECODE(UTL_RAW.CAST_TO_RAW('oAAAAAMQEA==')), 1);
--INSERT INTO CAMS_X_APPV_CARDPRG(ID, ID_OPTIONALITY, ID_CARDPROGRAM, ID_APPLICATION_VERSION) VALUES(712, 0, 712, 712);
--INSERT INTO CAMS_X_CARDPROGRAM_TYPE_CARD(ID_TYPE_CARD, ID_CARDPROGRAM) values (710, 712);

--INSERT INTO CAMS_ADDON_FILE(ID, NAME, ID_TYPE_ADDON_FILE, RESRC) VALUES(714, 'SODIUM Ecom dictionary', 71, 'blob:714');
--INSERT INTO CAMS_ADDON_FILE(ID, NAME, ID_TYPE_ADDON_FILE, RESRC) VALUES(715, 'SODIUM Ecom rule list', 105, 'blob:715');
--INSERT INTO CAMS_ADDON_FILE(ID, NAME, ID_TYPE_ADDON_FILE, RESRC) VALUES(716, 'SODIUM Ecom CPS mapping', 106, 'blob:716');

--INSERT INTO CAMS_X_APP_VER_ADDON_FILE(ID_APPLICATION_VERSION, ID_ADDON_FILE) VALUES(712, 714);
--INSERT INTO CAMS_X_APP_VER_ADDON_FILE(ID_APPLICATION_VERSION, ID_ADDON_FILE) VALUES(712, 715);
--INSERT INTO CAMS_X_APP_VER_ADDON_FILE(ID_APPLICATION_VERSION, ID_ADDON_FILE) VALUES(712, 716);

--INSERT INTO CAMS_PERSO_BUREAU (ID, NAME, NAME_3DES_TRANSPORT_KEY, CIPHER_MODE_3DES, NAME_TRANSPORT_KEY_PIN_BLOCK, CIPHER_MODE_PIN_BLOCK, NAME_TRANSPORT_KEY, CIPHER_MODE_ENTIRE_BLOCK)
	--VALUES (712, 'SODIUM_ECOM', 'PERSO_TK', 'ECB', 'PERSO_PIN', 'ECB', 'PERSO_DATA_AES', 'ECB');
--INSERT INTO CAMS_EMV_TEMPLATE (ID, ID_APPLICATION_VERSION, NAME, DESCRIPTION, ID_PERSO_BUREAU, CHIPDATA_TEMPLATE, CONFIGURATION_DATA)
	--VALUES (712, 712, 'SODIUM ECOM EMV Template', 'SODIUM ECOM EMV Template', 712, '8409A000000151435253004F09A000000151435253009F4F149F02065F2A029A039F36029F1A0295059C018A029F360200009F6A060000000000009F520C9999999999990000000100009F540C9999999999990000000100009F550C9999999999990000000100009F560C9999999999990000000100009F570C9999999999990000000100009F6B04302004819F6D044F0DE0309F730200009F79060000000000009F77060000000075009F78069999999999999F720200039F610202009F710204009F38159F59039F5A019F02069F1A025F2A029F37049F58015F2002202F5F2D046672656EBF0C049F7001039F080200025F300202209F620200019F1F005F34005F280201245F24009F07023D009F420201249F440102870101820210008C1E9F02069F03069F1A0295055F2A029A039C019F37049F45029F4C089F34038D0C910A8A0295059F37049F4C08940C08010100100102001801010057005A008E0C000000000000000061031F009F0E0500100000009F0F05FCE8FCF8009F0D05FC48EC28009F4A0182DFFFFFFF5100DFFFFFFF520403030000DFFFFFFF7881813B7B4170706C69636174696F6E205072696D617279204163636F756E74204E756D6265722E66726F6D4243447D3D7B4170706C69636174696F6E2045787069726174696F6E20446174652E66726F6D4243442E6C6566742834297D7B5365727669636520436F64652E66726F6D4243442E72696768742833297D3030303031303FDFFFFFFF77818525427B4170706C69636174696F6E205072696D617279204163636F756E74204E756D6265722E66726F6D4243447D5E202F5E7B4170706C69636174696F6E2045787069726174696F6E20446174652E66726F6D4243442E6C6566742834297D7B5365727669636520436F64652E66726F6D4243442E72696768742833297D3030303030303FDF55005F25009F7001039F6704800000409F690480020004DFFFFFFF060100DFFFFFFF530200005007496E7465726163DF7A00DF7B009F1906027710030273', null);


-- CLORIDE specific
--INSERT INTO CAMS_APPLICATION_VERSION(ID, AV_TYPE, ID_APPLICATION, NBR_APPLICATION_VERSION, ID_TYPE_APPLICATION, ID_LIFECYCLE, ID_CHIP_DEFINITION, DATE_START_APPLICATION, DATE_END_APPLICATION, IND_DEFAULT, SIZE_APPLICATION, INSTANCE_AID)
	--VALUES (720, 'CAV', 720, 'CLORIDE', 600, 7001, 600, to_timestamp('2015-02-16 00:00:00.0', 'YYYY-MM-DD HH24:MI:SS.FF1'), to_timestamp('2020-01-02 00:00:00.0', 'YYYY-MM-DD HH24:MI:SS.FF1'), 0, 0, UTL_ENCODE.BASE64_DECODE(UTL_RAW.CAST_TO_RAW('oAAAAAMQEA==')));
--INSERT INTO CAMS_C_CARDPROGRAM(ID, NAME, DESCRIPTION, NBR_TOKENS_TO_REPL, MOBILE_PIN_ENABLED, MSD_SUPPORTED, REM_PAY_SUPPORTED, CONTACTLESS_PAY_SUPPORTED, CHIP_SUPPORTED, AID, ODA_TIME2LIVE_THRESHOLD)
	--VALUES (720, 'CHLORIDE', 'CHLORIDE', 5, 0, 0, 0, 1, 1, UTL_ENCODE.BASE64_DECODE(UTL_RAW.CAST_TO_RAW('oAAAAAMQEA==')), 1);
--INSERT INTO CAMS_X_APPV_CARDPRG(ID, ID_OPTIONALITY, ID_CARDPROGRAM, ID_APPLICATION_VERSION) VALUES(720, 0, 720, 720);
--INSERT INTO CAMS_X_CARDPROGRAM_TYPE_CARD(ID_TYPE_CARD, ID_CARDPROGRAM) values (720, 720);

--INSERT INTO CAMS_ADDON_FILE(ID, NAME, ID_TYPE_ADDON_FILE, RESRC) VALUES(721, 'CHLORIDE Dictionary', 71, 'blob:721');
--INSERT INTO CAMS_ADDON_FILE(ID, NAME, ID_TYPE_ADDON_FILE, RESRC) VALUES(722, 'CHLORIDE RULE LIST', 105, 'blob:722');
--INSERT INTO CAMS_ADDON_FILE(ID, NAME, ID_TYPE_ADDON_FILE, RESRC) VALUES(723, 'CHLORIDE CPS MAPPING', 106, 'blob:723');

--INSERT INTO CAMS_X_APP_VER_ADDON_FILE(ID_APPLICATION_VERSION, ID_ADDON_FILE) VALUES(720, 721);
--INSERT INTO CAMS_X_APP_VER_ADDON_FILE(ID_APPLICATION_VERSION, ID_ADDON_FILE) VALUES(720, 722);
--INSERT INTO CAMS_X_APP_VER_ADDON_FILE(ID_APPLICATION_VERSION, ID_ADDON_FILE) VALUES(720, 723);

--INSERT INTO CAMS_PERSO_BUREAU (ID, NAME, NAME_3DES_TRANSPORT_KEY, CIPHER_MODE_3DES, NAME_TRANSPORT_KEY_PIN_BLOCK, CIPHER_MODE_PIN_BLOCK)
	--VALUES (720, 'CHLORIDE', 'PERSO_TK', 'ECB', 'PERSO_PIN', 'ECB');
--INSERT INTO CAMS_EMV_TEMPLATE (ID, ID_APPLICATION_VERSION, NAME, DESCRIPTION, ID_PERSO_BUREAU, CHIPDATA_TEMPLATE, CONFIGURATION_DATA)
	--VALUES (720, 720, 'CHLORIDE EMV Template', 'CHLORIDE EMV Template', 720, 'E40694008202000082020000DFFFFFFF77818725427B4170706C69636174696F6E205072696D617279204163636F756E74204E756D6265722E66726F6D4243447D5E202F5E7B4170706C69636174696F6E2045787069726174696F6E20446174652E66726F6D4243442E6C6566742834297D7B5365727669636520436F64652E66726F6D4243442E72696768742833297D31303030303030303FDFFFFFFF7F01005F2002202F9F100706010A03000000500A564953412044454249548407A00000000310109F6E04238000009F6D0AFFFFFFFFFFFFFFFFFFFF9F6C0200009F6B060000000100009F68040008C0009F5004000000009F510200369F5204000001009F5301009F54060000000000009F570200369F5C060000000000009F5E01009F381B9F66049F02069F03069F1A0295055F2A029A039C019F37049F4E145F2D02656EBF0C059F4D0214145F34005F24005A005F300202019F360200009F120A564953412044454249549F1101018E12000000000000000002010205020402031F029F67011EDF2900DFFFFFFF7981883B7B4170706C69636174696F6E205072696D617279204163636F756E74204E756D6265722E66726F6D4243447D3D7B4170706C69636174696F6E2045787069726174696F6E20446174652E66726F6D4243442E6C6566742834297D7B5365727669636520436F64652E66726F6D4243442E72696768742833297D313030303030303030303030303FDFFFFFFF7881883B7B4170706C69636174696F6E205072696D617279204163636F756E74204E756D6265722E66726F6D4243447D3D7B4170706C69636174696F6E2045787069726174696F6E20446174652E66726F6D4243442E6C6566742834297D7B5365727669636520436F64652E66726F6D4243442E72696768742833297D313030303030303030303030303FDFFF570057009F20070000000550000FE50A94040801010082020080', null);

INSERT INTO KMS_IOSITE(ID, NAME, DESCRIPTION, ID_DFLT_EXCH_KEYPROFILE) VALUES (720, 'GENERIC_VISA', NULL, NULL);
INSERT INTO KMS_IOKEYSETPROFILE (ID, ID_EXCH_KEYPROFILE, ID_IOPROCEDURE, ID_IOSITE) VALUES (720, null, 1003, 720);
INSERT INTO KMS_IOKEYPROFILE (ID, ID_IOKEYSETPROFILE, ID_KEYPROFILE) VALUES (721, 720, 7021);
INSERT INTO KMS_IOKEYPROFILE (ID, ID_IOKEYSETPROFILE, ID_KEYPROFILE) VALUES (722, 720, 7022);
INSERT INTO KMS_IOKEYPROFILE (ID, ID_IOKEYSETPROFILE, ID_KEYPROFILE) VALUES (723, 720, 7023);
INSERT INTO KMS_IOKEYPROFILE (ID, ID_IOKEYSETPROFILE, ID_KEYPROFILE) VALUES (724, 720, 7024);
INSERT INTO KMS_IOKEYPROFILE (ID, ID_IOKEYSETPROFILE, ID_KEYPROFILE) VALUES (725, 720, 7025);

--@run_optional_solution_flavour.sql MOB EFTPOS
@run_optional_solution_flavour.sql MOB MCBP
@run_optional_solution_flavour.sql MOB MADA_HCE
