prompt inserting blob data;

host sqlldr &&BELLID_R6_APP_USER/&&BELLID_R6_APP_USER_PASSWORD@&&connectstring insert_blobdata.ctl data=mada_hce_blobdata.txt bad=&&logdrive/mada_hce_blobdata.bad log=&&logdrive/mada_hce_blobdata.log errors=0

--EMCREY
INSERT INTO CAMS_APPLICATION_PROVIDER(ID, NAME) VALUES(6900, 'MADA');

INSERT INTO CAMS_APPLICATION(ID, NAME, DESCRIPTION, ID_PROVIDER) VALUES(6900, 'MADA', 'MADA HCE', 6900);

INSERT INTO CAMS_TYPE_CARD(ID, ID_NUMBERING, ID_EVENT_CODE_GENERATION, ID_LIFECYCLE, ID_STOCK_ITEM, ID_CARD_FAMILY, DESCRIPTION, NAME, IND_CONTACT_CHIP, IND_CONTACTLESS_CHIP, IND_PINCODE, IND_ANONYMOUS, PHOTO_SIGNATURE_VALIDITY, CARD_VALIDITY, CARD_LAYOUT, MIDDLEWARE, CARD_MAXIMUM, ID_CARD_LAYOUT_IMAGE)
VALUES(6900, 601, 57, 7001, NULL, 600, 'MADA - MasterCard Cloud Based Payments', 'MADA', 0, 1, 0, 0, 29, 200, NULL, NULL, 1, NULL);

INSERT INTO CAMS_C_CARDPROGRAM(ID, DESCRIPTION, NAME, NBR_TOKENS_TO_REPL, MSD_SUPPORTED, CHIP_SUPPORTED, TIME2LIVE_THRESHOLD, NR_TRANS_THRESHOLD, CVM_LIST, MOBILE_PIN_ENABLED, AID, REM_PAY_SUPPORTED, CONTACTLESS_PAY_SUPPORTED, ODA_TIME2LIVE_THRESHOLD, NBR_ALLOWED_REPLENISH, NBR_PERFORMED_REPLENISH, REPLENISH_RESTRICT_PERIOD, REPLENISH_RESTRICT_START)
VALUES(6900, 'MADA HCE', 'MADA', 5, 0, 1, NULL, NULL, NULL, 1, HEXTORAW('A0000000041010'), 0, 1, 1, NULL, NULL, NULL, NULL);

INSERT INTO CAMS_APPLICATION_VERSION(ID, AV_TYPE, ID_LIFECYCLE, ID_TYPE_APPLICATION, ID_CHIP_DEFINITION, ID_APPLICATION, ID_APPLICATION_VERSION, NBR_APPLICATION_VERSION, DATE_START_APPLICATION, DATE_END_APPLICATION, IND_DEFAULT, SIZE_APPLICATION, GP_PRIVILEGES, PACKAGE_AID, INSTANCE_AID, MODULE_AID, TAR, INSTALL_PARAMETER, LOAD_PARAMETER, APP_PRIVILEGES, PKI_PARAMETERS, MULTOS_INSTALL_PARAM)
VALUES(6900, 'CAV', 7001, 600, 600, 6900, NULL, 'MADA', TO_DATE('2015-02-26 00:00:00','YYYY-MM-DD HH24:MI:SS'), TO_DATE('2020-01-02 00:00:00','YYYY-MM-DD HH24:MI:SS'), 0, 0, NULL, NULL, HEXTORAW('A0000000041010'), NULL, NULL, NULL, NULL, NULL, NULL, NULL);

INSERT INTO CAMS_TARGET_GROUP(ID, NAME, ID_LIFECYCLE, DIST_NAME) VALUES(6900, 'MADA_HCE_TARGETGROUP', 602, 'MADA');

INSERT INTO CAMS_X_TYPE_CARD_TARGET_GROUP(ID_TARGET_GROUP, ID_TYPE_CARD) VALUES(6900, 6900);

INSERT INTO CAMS_ADDON_FILE(ID, NAME, ID_TYPE_ADDON_FILE, RESRC) VALUES(6900, 'MADA HCE Dictionary', 71, 'blob:6900');
INSERT INTO CAMS_ADDON_FILE(ID, NAME, ID_TYPE_ADDON_FILE, RESRC) VALUES(6901, 'MADA HCE Rule List', 105, 'blob:6901');
INSERT INTO CAMS_ADDON_FILE(ID, NAME, ID_TYPE_ADDON_FILE, RESRC) VALUES(6902, 'MADA HCE Cps Mapping', 106, 'blob:6902');

INSERT INTO CAMS_X_APP_VER_ADDON_FILE(ID_APPLICATION_VERSION, ID_ADDON_FILE) VALUES(6900, 6900);
INSERT INTO CAMS_X_APP_VER_ADDON_FILE(ID_APPLICATION_VERSION, ID_ADDON_FILE) VALUES(6900, 6901);
INSERT INTO CAMS_X_APP_VER_ADDON_FILE(ID_APPLICATION_VERSION, ID_ADDON_FILE) VALUES(6900, 6902);

INSERT INTO CAMS_X_APPV_CARDPRG(ID, ID_OPTIONALITY, ID_CARDPROGRAM, ID_APPLICATION_VERSION) VALUES(6900, 0, 6900, 6900);

INSERT INTO CAMS_X_CARDPROGRAM_TYPE_CARD(ID_TYPE_CARD, ID_CARDPROGRAM) VALUES(6900, 6900);

INSERT INTO CAMS_PERSO_BUREAU (ID, NAME, ID_ADDRESS, DESCRIPTION, CHIP_DATA_FORMAT, IND_ALLOW_EMPTY_DATA, IND_ENCRYPT_DATA, IIC_VERSION, IIC_WS_URL, NAME_TRANSPORT_KEY, NAME_3DES_TRANSPORT_KEY, NAME_RSA_TRANSPORT_KEY, NAME_TRANSPORT_KEY_PIN_BLOCK, CIPHER_MODE_ENTIRE_BLOCK, PADDING_METHOD_ENTIRE_BLOCK, CIPHER_MODE_3DES, PADDING_METHOD_3DES, CIPHER_MODE_RSA, PADDING_METHOD_RSA, CIPHER_MODE_PIN_BLOCK, PADDING_METHOD_PIN_BLOCK)
VALUES(6900, 'MADA_HCE_PERSO_BUREAU', NULL, 'MADA Personalization Bureau', 'CPS', NULL, NULL, NULL, NULL, NULL, 'MADA_PERSO_TK', 'MADA_PERSO_TK', 'MADA_PERSO_PIN', 'ECB', 'PKCS5Padding', 'ECB', 'PKCS5Padding', 'ECB', 'ISO7816-4Padding', 'ECB', 'PKCS5Padding');

INSERT INTO CAMS_EMV_TEMPLATE(ID, ID_APPLICATION_VERSION, NAME, DESCRIPTION, ID_PERSO_BUREAU, CHIPDATA_TEMPLATE, CONFIGURATION_DATA)
VALUES(6900, 6900, 'MADA HCE EMV Template', 'MADA HCE (MasterCard Cloud Based Payments) EMV Template', 6900, '8407A00000022810104F07A00000022810109F4F149F02065F2A029A039F36029F1A0295059C018A029F360200009F38039F35015F2D046172656EBF0C139F6E07030000003134009F5D01005F550253419F080200025F300202215F3401015F280206825F24009F0702FF809F42020682870101820219808C249F02069F030695055F2A029A039C019F37049F35019F34039F15029F7E019F33039F4E1494041001030157005A009F0E0500000000009F0F05B4F08480009F0D05B4F08480009F4A0182DFFFFFFF5100DFFFFFFF520403030000DFFFFFFF7881883B7B4170706C69636174696F6E205072696D617279204163636F756E74204E756D6265722E66726F6D4243447D3D7B4170706C69636174696F6E2045787069726174696F6E20446174652E66726F6D4243442E6C6566742834297D7B5365727669636520436F64652E66726F6D4243442E72696768742833297D303030303030303030303030303FDFFFFFFF77818525427B4170706C69636174696F6E205072696D617279204163636F756E74204E756D6265722E66726F6D4243447D5E202F5E7B4170706C69636174696F6E2045787069726174696F6E20446174652E66726F6D4243442E6C6566742834297D7B5365727669636520436F64652E66726F6D4243442E72696768742833297D3030303030303F5F25034912319F700103DFFFFFFF5302000050046D6164619F1906037800010202900092009F3200DF1700DF1600DF1500DF1400DF0F0500000000008F01F19F6E009F46009F47009F48009F120A6D616461206465626974DF2907A0000000041010DF3800DF3906FFFFFFFFFFFFDF25009F170103C601035F500141E355DF2F025700DF2F025A00DF2F035F2400DF2F035F2500DF2F035F2800DF2F035F3400DF2F028C00DF2F028D00DF2F028E00DF2F039F0700DF2F039F0800DF2F039F0D00DF2F039F0E00DF2F039F0F00DF2F039F42008E0E0000000000000000020102031F03A62DBF0C2A61134F07A000000228101050046D6164619F2A012D61134F07A000000228101050046D6164619F2A0102DF4D02001EDF4A02001EDF56011CDF690139DF3D0101D7050000000000DF5D030000009F110101DF1800D8021980D904100103019F7E140000000000000000000000000000000000000000DF2406FFFFFFFFFFFFDF2A06FFFFFFFFFFFF6F009F5D01005F550253418D0295059F6C0200019F62060000000001C09F630600000000063E9F64010556009F650200E09F6602071E9F6701059F6B009F690F9F6A049F7E019F02065F2A029F1A029F2A012DDF31021980DF230410010301DF3F0101DF66030000009F240100', '<?xml version="1.0" encoding="UTF-8" standalone="yes"?><configuration xmlns="http://www.bellid.com/schema/dataprep/perso-configuration-1.0"><DateFormatCVC>yyMM</DateFormatCVC><DateFormatICVC>yyMM</DateFormatICVC><DateFormatCVC2>MMyy</DateFormatCVC2></configuration>');

INSERT INTO CAMS_X_TG_EMV_TEMPLATE(ID_EMV_TEMPLATE, ID_TARGET_GROUP) VALUES(6900, 6900);

-- IMK KEYPROFILE
INSERT INTO KMS_KEYSETPROFILE (ID, NAME, DESCRIPTION, DT_ACTIVATION, DT_PROCESS_START, DT_PROTECT_STOP, DT_DEACTIVATION, NAME_GENERATOR)
VALUES(6900, 'MADA_IMK_KEYSET', 'MADA Issuer Master Keys', NULL, NULL, NULL, NULL, NULL);
INSERT INTO KMS_KEYPROFILE (ID, "KEY_TYPE", NAME, DESCRIPTION, ID_KEYSETPROFILE, VARIANT, IND_MULTIPLE_KEY, "LENGTH", KEY_ALGORITHM, KEY_ROLE, KEY_SOURCE, PUBLIC_EXPONENT, DT_ACTIVATION, DT_PROCESS_START, DT_PROTECT_STOP, DT_DEACTIVATION, IND_DECRYPT, IND_DERIVE, IND_ENCRYPT, IND_EXTRACTABLE, IND_MODIFIABLE, IND_PERMANENT, IND_PRIVATE, IND_SENSITIVE, IND_SIGN, IND_SIGNRECOVER, IND_UNWRAP, IND_VERIFY, IND_VERIFYRECOVER, IND_WRAP, ID_STORAGEKEYPROFILE, ID_KEYTYPECODE, DFLT_CHAINING, ID_ORIGINALKEYPROFILE, ID_MASTERKEYPROFILE, ID_SOURCEKEYPROFILE, ID_ISSUERCERTPROFILE, NAME_GENERATOR, CURVE_NAME, ID_SIGNERPKPROFILE)
VALUES(6900, 1, 'MADA_IMK_AC_KEY', 'MADA Issuer Master Key for Application Cryptogram', 6900, '109', 1, 16, 2, 4, 1, NULL, NULL, NULL, NULL, NULL, 0, 1, 1, 1, 1, 0, 0, NULL, 0, NULL, 0, 0, NULL, 0, 5100, NULL, 2, NULL, NULL, NULL, NULL, 'defaultNameGenerator', NULL, NULL);
INSERT INTO KMS_KEYPROFILE (ID, "KEY_TYPE", NAME, DESCRIPTION, ID_KEYSETPROFILE, VARIANT, IND_MULTIPLE_KEY, "LENGTH", KEY_ALGORITHM, KEY_ROLE, KEY_SOURCE, PUBLIC_EXPONENT, DT_ACTIVATION, DT_PROCESS_START, DT_PROTECT_STOP, DT_DEACTIVATION, IND_DECRYPT, IND_DERIVE, IND_ENCRYPT, IND_EXTRACTABLE, IND_MODIFIABLE, IND_PERMANENT, IND_PRIVATE, IND_SENSITIVE, IND_SIGN, IND_SIGNRECOVER, IND_UNWRAP, IND_VERIFY, IND_VERIFYRECOVER, IND_WRAP, ID_STORAGEKEYPROFILE, ID_KEYTYPECODE, DFLT_CHAINING, ID_ORIGINALKEYPROFILE, ID_MASTERKEYPROFILE, ID_SOURCEKEYPROFILE, ID_ISSUERCERTPROFILE, NAME_GENERATOR, CURVE_NAME, ID_SIGNERPKPROFILE)
VALUES(6901, 1, 'MADA_IMK_MAC_KEY', 'MADA Issuer Master Key for Message Integrity', 6900, '109', 1, 16, 2, 4, 1, NULL, NULL, NULL, NULL, NULL, 0, 1, 1, 1, 1, 0, 0, NULL, 0, NULL, 0, 0, NULL, 0, 5111, NULL, 2, NULL, NULL, NULL, NULL, 'defaultNameGenerator', NULL, NULL);
INSERT INTO KMS_KEYPROFILE (ID, "KEY_TYPE", NAME, DESCRIPTION, ID_KEYSETPROFILE, VARIANT, IND_MULTIPLE_KEY, "LENGTH", KEY_ALGORITHM, KEY_ROLE, KEY_SOURCE, PUBLIC_EXPONENT, DT_ACTIVATION, DT_PROCESS_START, DT_PROTECT_STOP, DT_DEACTIVATION, IND_DECRYPT, IND_DERIVE, IND_ENCRYPT, IND_EXTRACTABLE, IND_MODIFIABLE, IND_PERMANENT, IND_PRIVATE, IND_SENSITIVE, IND_SIGN, IND_SIGNRECOVER, IND_UNWRAP, IND_VERIFY, IND_VERIFYRECOVER, IND_WRAP, ID_STORAGEKEYPROFILE, ID_KEYTYPECODE, DFLT_CHAINING, ID_ORIGINALKEYPROFILE, ID_MASTERKEYPROFILE, ID_SOURCEKEYPROFILE, ID_ISSUERCERTPROFILE, NAME_GENERATOR, CURVE_NAME, ID_SIGNERPKPROFILE)
VALUES(6902, 1, 'MADA_IMK_ENC_KEY', 'MADA Issuer Master Key for Message Confidentiality', 6900, '109', 1, 16, 2, 4, 1, NULL, NULL, NULL, NULL, NULL, 0, 1, 1, 1, 1, 0, 0, NULL, 0, NULL, 0, 0, NULL, 0, 5111, NULL, 2, NULL, NULL, NULL, NULL, 'defaultNameGenerator', NULL, NULL);

-- CL, RP & IDN KEYPROFILE
INSERT INTO KMS_KEYPROFILE (ID, "KEY_TYPE", NAME, DESCRIPTION, ID_KEYSETPROFILE, VARIANT, IND_MULTIPLE_KEY, "LENGTH", KEY_ALGORITHM, KEY_ROLE, KEY_SOURCE, PUBLIC_EXPONENT, DT_ACTIVATION, DT_PROCESS_START, DT_PROTECT_STOP, DT_DEACTIVATION, IND_DECRYPT, IND_DERIVE, IND_ENCRYPT, IND_EXTRACTABLE, IND_MODIFIABLE, IND_PERMANENT, IND_PRIVATE, IND_SENSITIVE, IND_SIGN, IND_SIGNRECOVER, IND_UNWRAP, IND_VERIFY, IND_VERIFYRECOVER, IND_WRAP, ID_STORAGEKEYPROFILE, ID_KEYTYPECODE, DFLT_CHAINING, ID_ORIGINALKEYPROFILE, ID_MASTERKEYPROFILE, ID_SOURCEKEYPROFILE, ID_ISSUERCERTPROFILE, NAME_GENERATOR, CURVE_NAME, ID_SIGNERPKPROFILE)
VALUES(6903, 1, 'MADA_IMK_CL', 'MADA Issuer Master Key (Contactless)', 6900, '209', 1, 16, 2, 4, 1, NULL, NULL, NULL, NULL, NULL, 0, 1, 1, 1, 1, 0, 0, NULL, 0, NULL, 0, 0, NULL, 0, 5100, NULL, 2, NULL, NULL, NULL, NULL, 'defaultNameGenerator', NULL, NULL);
INSERT INTO KMS_KEYPROFILE (ID, "KEY_TYPE", NAME, DESCRIPTION, ID_KEYSETPROFILE, VARIANT, IND_MULTIPLE_KEY, "LENGTH", KEY_ALGORITHM, KEY_ROLE, KEY_SOURCE, PUBLIC_EXPONENT, DT_ACTIVATION, DT_PROCESS_START, DT_PROTECT_STOP, DT_DEACTIVATION, IND_DECRYPT, IND_DERIVE, IND_ENCRYPT, IND_EXTRACTABLE, IND_MODIFIABLE, IND_PERMANENT, IND_PRIVATE, IND_SENSITIVE, IND_SIGN, IND_SIGNRECOVER, IND_UNWRAP, IND_VERIFY, IND_VERIFYRECOVER, IND_WRAP, ID_STORAGEKEYPROFILE, ID_KEYTYPECODE, DFLT_CHAINING, ID_ORIGINALKEYPROFILE, ID_MASTERKEYPROFILE, ID_SOURCEKEYPROFILE, ID_ISSUERCERTPROFILE, NAME_GENERATOR, CURVE_NAME, ID_SIGNERPKPROFILE)
VALUES(6904, 1, 'MADA_IMK_RP', 'MADA Issuer Master Key (Remote Payment)', 6900, '309', 1, 16, 2, 4, 1, NULL, NULL, NULL, NULL, NULL, 0, 1, 1, 1, 1, 0, 0, NULL, 0, NULL, 0, 0, NULL, 0, 5100, NULL, 2, NULL, NULL, NULL, NULL, 'defaultNameGenerator', NULL, NULL);
INSERT INTO KMS_KEYPROFILE (ID, "KEY_TYPE", NAME, DESCRIPTION, ID_KEYSETPROFILE, VARIANT, IND_MULTIPLE_KEY, "LENGTH", KEY_ALGORITHM, KEY_ROLE, KEY_SOURCE, PUBLIC_EXPONENT, DT_ACTIVATION, DT_PROCESS_START, DT_PROTECT_STOP, DT_DEACTIVATION, IND_DECRYPT, IND_DERIVE, IND_ENCRYPT, IND_EXTRACTABLE, IND_MODIFIABLE, IND_PERMANENT, IND_PRIVATE, IND_SENSITIVE, IND_SIGN, IND_SIGNRECOVER, IND_UNWRAP, IND_VERIFY, IND_VERIFYRECOVER, IND_WRAP, ID_STORAGEKEYPROFILE, ID_KEYTYPECODE, DFLT_CHAINING, ID_ORIGINALKEYPROFILE, ID_MASTERKEYPROFILE, ID_SOURCEKEYPROFILE, ID_ISSUERCERTPROFILE, NAME_GENERATOR, CURVE_NAME, ID_SIGNERPKPROFILE)
VALUES(6905, 1, 'MADA_IMK_IDN', 'MADA Issuer Master Key for Dynamic Number Generation', 6900, '509', 1, 16, 2, 4, 1, NULL, NULL, NULL, NULL, NULL, 0, 1, 1, 1, 1, 0, 0, NULL, 0, NULL, 0, 0, NULL, 0, 5100, NULL, 2, NULL, NULL, NULL, NULL, 'defaultNameGenerator', NULL, NULL);

-- ISS KEYSET & KEY PROFILES
INSERT INTO KMS_KEYSETPROFILE (ID, NAME, DESCRIPTION, DT_ACTIVATION, DT_PROCESS_START, DT_PROTECT_STOP, DT_DEACTIVATION, NAME_GENERATOR)
VALUES(6901, 'MADA_ISS_KEYSET', 'MADA Issuer Keyset', NULL, NULL, NULL, NULL, NULL);
INSERT INTO KMS_KEYPROFILE (ID, "KEY_TYPE", NAME, DESCRIPTION, ID_KEYSETPROFILE, VARIANT, IND_MULTIPLE_KEY, "LENGTH", KEY_ALGORITHM, KEY_ROLE, KEY_SOURCE, PUBLIC_EXPONENT, DT_ACTIVATION, DT_PROCESS_START, DT_PROTECT_STOP, DT_DEACTIVATION, IND_DECRYPT, IND_DERIVE, IND_ENCRYPT, IND_EXTRACTABLE, IND_MODIFIABLE, IND_PERMANENT, IND_PRIVATE, IND_SENSITIVE, IND_SIGN, IND_SIGNRECOVER, IND_UNWRAP, IND_VERIFY, IND_VERIFYRECOVER, IND_WRAP, ID_STORAGEKEYPROFILE, ID_KEYTYPECODE, DFLT_CHAINING, ID_ORIGINALKEYPROFILE, ID_MASTERKEYPROFILE, ID_SOURCEKEYPROFILE, ID_ISSUERCERTPROFILE, NAME_GENERATOR, CURVE_NAME, ID_SIGNERPKPROFILE)
VALUES(6906, 2, 'MADA_ISS_PRIV', 'MADA Issuer Private Key', 6901, '00D', 1, 144, 6, 4, 1, NULL, NULL, NULL, NULL, NULL, 0, NULL, 0, 1, 1, 0, 0, NULL, 1, 1, 0, NULL, NULL, NULL, 5111, NULL, 2, NULL, NULL, NULL, NULL, 'defaultNameGenerator', NULL, NULL);
INSERT INTO KMS_KEYPROFILE (ID, "KEY_TYPE", NAME, DESCRIPTION, ID_KEYSETPROFILE, VARIANT, IND_MULTIPLE_KEY, "LENGTH", KEY_ALGORITHM, KEY_ROLE, KEY_SOURCE, PUBLIC_EXPONENT, DT_ACTIVATION, DT_PROCESS_START, DT_PROTECT_STOP, DT_DEACTIVATION, IND_DECRYPT, IND_DERIVE, IND_ENCRYPT, IND_EXTRACTABLE, IND_MODIFIABLE, IND_PERMANENT, IND_PRIVATE, IND_SENSITIVE, IND_SIGN, IND_SIGNRECOVER, IND_UNWRAP, IND_VERIFY, IND_VERIFYRECOVER, IND_WRAP, ID_STORAGEKEYPROFILE, ID_KEYTYPECODE, DFLT_CHAINING, ID_ORIGINALKEYPROFILE, ID_MASTERKEYPROFILE, ID_SOURCEKEYPROFILE, ID_ISSUERCERTPROFILE, NAME_GENERATOR, CURVE_NAME, ID_SIGNERPKPROFILE)
VALUES(6907, 3, 'MADA_ISS_PUB', 'MADA Issuer Public Key', 6901, '00C', 1, 144, 6, 4, 1, 3, NULL, NULL, NULL, NULL, 0, NULL, 0, 1, 1, 0, 0, NULL, NULL, NULL, NULL, 1, 1, 0, NULL, NULL, 1, NULL, NULL, 6906, NULL, NULL, NULL, NULL);
INSERT INTO KMS_KEYPROFILE (ID, "KEY_TYPE", NAME, DESCRIPTION, ID_KEYSETPROFILE, VARIANT, IND_MULTIPLE_KEY, "LENGTH", KEY_ALGORITHM, KEY_ROLE, KEY_SOURCE, PUBLIC_EXPONENT, DT_ACTIVATION, DT_PROCESS_START, DT_PROTECT_STOP, DT_DEACTIVATION, IND_DECRYPT, IND_DERIVE, IND_ENCRYPT, IND_EXTRACTABLE, IND_MODIFIABLE, IND_PERMANENT, IND_PRIVATE, IND_SENSITIVE, IND_SIGN, IND_SIGNRECOVER, IND_UNWRAP, IND_VERIFY, IND_VERIFYRECOVER, IND_WRAP, ID_STORAGEKEYPROFILE, ID_KEYTYPECODE, DFLT_CHAINING, ID_ORIGINALKEYPROFILE, ID_MASTERKEYPROFILE, ID_SOURCEKEYPROFILE, ID_ISSUERCERTPROFILE, NAME_GENERATOR, CURVE_NAME, ID_SIGNERPKPROFILE)
VALUES(6908, 4, 'MADA_ISS_CERT', 'MADA Issuer Certificate', 6901, '00C', 1, 144, 6, 4, 3, NULL, NULL, NULL, NULL, NULL, 0, NULL, 0, 1, 1, 0, 0, NULL, NULL, NULL, NULL, 1, 1, 0, NULL, NULL, 1, NULL, NULL, 6906, NULL, NULL, NULL, NULL);

-- ICC KEYSET & KEY PROFILES
INSERT INTO KMS_KEYSETPROFILE (ID, NAME, DESCRIPTION, DT_ACTIVATION, DT_PROCESS_START, DT_PROTECT_STOP, DT_DEACTIVATION, NAME_GENERATOR)
VALUES(6902, 'MADA_ICC_KEYSET', 'MADA ICC Card Keyset', NULL, NULL, NULL, NULL, NULL);
INSERT INTO KMS_KEYPROFILE (ID, "KEY_TYPE", NAME, DESCRIPTION, ID_KEYSETPROFILE, VARIANT, IND_MULTIPLE_KEY, "LENGTH", KEY_ALGORITHM, KEY_ROLE, KEY_SOURCE, PUBLIC_EXPONENT, DT_ACTIVATION, DT_PROCESS_START, DT_PROTECT_STOP, DT_DEACTIVATION, IND_DECRYPT, IND_DERIVE, IND_ENCRYPT, IND_EXTRACTABLE, IND_MODIFIABLE, IND_PERMANENT, IND_PRIVATE, IND_SENSITIVE, IND_SIGN, IND_SIGNRECOVER, IND_UNWRAP, IND_VERIFY, IND_VERIFYRECOVER, IND_WRAP, ID_STORAGEKEYPROFILE, ID_KEYTYPECODE, DFLT_CHAINING, ID_ORIGINALKEYPROFILE, ID_MASTERKEYPROFILE, ID_SOURCEKEYPROFILE, ID_ISSUERCERTPROFILE, NAME_GENERATOR, CURVE_NAME, ID_SIGNERPKPROFILE)
VALUES(6909, 2, 'MADA_ICC_PRIV', 'MADA ICC Card Private Key', 6902, '00D', 1, 144, 6, 4, 1, NULL, NULL, NULL, NULL, NULL, 0, NULL, 0, 1, 1, 0, 0, NULL, 1, 1, 0, NULL, NULL, NULL, 5111, NULL, 2, NULL, NULL, NULL, NULL, NULL, NULL, NULL);
INSERT INTO KMS_KEYPROFILE (ID, "KEY_TYPE", NAME, DESCRIPTION, ID_KEYSETPROFILE, VARIANT, IND_MULTIPLE_KEY, "LENGTH", KEY_ALGORITHM, KEY_ROLE, KEY_SOURCE, PUBLIC_EXPONENT, DT_ACTIVATION, DT_PROCESS_START, DT_PROTECT_STOP, DT_DEACTIVATION, IND_DECRYPT, IND_DERIVE, IND_ENCRYPT, IND_EXTRACTABLE, IND_MODIFIABLE, IND_PERMANENT, IND_PRIVATE, IND_SENSITIVE, IND_SIGN, IND_SIGNRECOVER, IND_UNWRAP, IND_VERIFY, IND_VERIFYRECOVER, IND_WRAP, ID_STORAGEKEYPROFILE, ID_KEYTYPECODE, DFLT_CHAINING, ID_ORIGINALKEYPROFILE, ID_MASTERKEYPROFILE, ID_SOURCEKEYPROFILE, ID_ISSUERCERTPROFILE, NAME_GENERATOR, CURVE_NAME, ID_SIGNERPKPROFILE)
VALUES(6910, 3, 'MADA_ICC_PUB', 'MADA ICC Card Public Key', 6902, '00C', 1, 144, 6, 4, 1, 3, NULL, NULL, NULL, NULL, 0, NULL, 0, 1, 1, 0, 0, NULL, NULL, NULL, NULL, 1, 1, 0, NULL, NULL, 1, NULL, NULL, 6909, NULL, NULL, NULL, NULL);

--PERSO TK
INSERT INTO KMS_KEYPROFILE (ID, "KEY_TYPE", NAME, DESCRIPTION, ID_KEYSETPROFILE, VARIANT, IND_MULTIPLE_KEY, "LENGTH", KEY_ALGORITHM, KEY_ROLE, KEY_SOURCE, PUBLIC_EXPONENT, DT_ACTIVATION, DT_PROCESS_START, DT_PROTECT_STOP, DT_DEACTIVATION, IND_DECRYPT, IND_DERIVE, IND_ENCRYPT, IND_EXTRACTABLE, IND_MODIFIABLE, IND_PERMANENT, IND_PRIVATE, IND_SENSITIVE, IND_SIGN, IND_SIGNRECOVER, IND_UNWRAP, IND_VERIFY, IND_VERIFYRECOVER, IND_WRAP, ID_STORAGEKEYPROFILE, ID_KEYTYPECODE, DFLT_CHAINING, ID_ORIGINALKEYPROFILE, ID_MASTERKEYPROFILE, ID_SOURCEKEYPROFILE, ID_ISSUERCERTPROFILE, NAME_GENERATOR, CURVE_NAME, ID_SIGNERPKPROFILE)
VALUES(6911, 1, 'MADA_PERSO_TK', 'PERSO_TK - Encrypts UDKs within DGIs', NULL, '107', 1, 16, 2, 4, 3, NULL, NULL, NULL, NULL, NULL, 0, 0, 1, 1, 1, 0, 0, NULL, 0, NULL, 1, 0, NULL, 1, 5100, NULL, 2, NULL, NULL, NULL, NULL, 'defaultNameGenerator', NULL, NULL);
INSERT INTO KMS_KEYPROFILE (ID, "KEY_TYPE", NAME, DESCRIPTION, ID_KEYSETPROFILE, VARIANT, IND_MULTIPLE_KEY, "LENGTH", KEY_ALGORITHM, KEY_ROLE, KEY_SOURCE, PUBLIC_EXPONENT, DT_ACTIVATION, DT_PROCESS_START, DT_PROTECT_STOP, DT_DEACTIVATION, IND_DECRYPT, IND_DERIVE, IND_ENCRYPT, IND_EXTRACTABLE, IND_MODIFIABLE, IND_PERMANENT, IND_PRIVATE, IND_SENSITIVE, IND_SIGN, IND_SIGNRECOVER, IND_UNWRAP, IND_VERIFY, IND_VERIFYRECOVER, IND_WRAP, ID_STORAGEKEYPROFILE, ID_KEYTYPECODE, DFLT_CHAINING, ID_ORIGINALKEYPROFILE, ID_MASTERKEYPROFILE, ID_SOURCEKEYPROFILE, ID_ISSUERCERTPROFILE, NAME_GENERATOR, CURVE_NAME, ID_SIGNERPKPROFILE)
VALUES(6912, 1, 'MADA_PERSO_PIN', 'PERSO_PIN - Encrypts PIN within DGIs', NULL, '001', 1, 16, 2, 4, 3, NULL, NULL, NULL, NULL, NULL, 0, 0, 1, 1, 1, 0, 0, NULL, 0, NULL, 1, 0, NULL, 1, 5100, NULL, 2, NULL, NULL, NULL, NULL, 'defaultNameGenerator', NULL, NULL);